accession,organism,suspected_status,confidence,evidence_source,evidence_text,voucher,refseq_source_accession,source_accession_in_mycomap_list,dikarya_jobs_containing,example_tip_label,ncbi_url
MK397577,Panaeolus plantaginiformis,lectotype,high,GenBank /type_material qualifier,lectotype of Psammomyces plantaginiformis,"LE 2862, lectotype",,,91,"MK397577 Psammomyces plantaginiformis LE 2862, lectotype",https://www.ncbi.nlm.nih.gov/nuccore/MK397577
NR_173927,Gymnopilus ochraceus,holotype,high,GenBank /type_material qualifier,holotype of Gymnopilus ochraceus,O:F-72838,MT216220,yes,83,NR_173927 Gymnopilus ochraceus O:F-72838 Matabeleland North ZW,https://www.ncbi.nlm.nih.gov/nuccore/NR_173927
NR_161031,Psathyrella umbrosa,holotype,high,GenBank /type_material qualifier,holotype of Psathyrella umbrosa,MICH:12102,MF326003,yes,77,NR_161031 Psathyrella umbrosa MICH:12102 United States,https://www.ncbi.nlm.nih.gov/nuccore/NR_161031
NR_159590,Amanita pyramidata,holotype,high,GenBank /type_material qualifier,holotype of Amanita pyramidata,HKAS:87943,MH508535,yes,62,NR_159590 Amanita pyramidata HKAS:87943 Yunnan CN,https://www.ncbi.nlm.nih.gov/nuccore/NR_159590
NR_153231,Russula subsulphurea,paratype,high,GenBank /type_material qualifier,paratype of Russula subsulphurea,TENN:F18743,KF810135,yes,58,NR_153231 Russula subsulphurea TENN:F18743 Florida US,https://www.ncbi.nlm.nih.gov/nuccore/NR_153231
NR_173217,Psathyrella subcaerulea,holotype,high,GenBank /type_material qualifier,holotype of Psathyrella subcaerulea,MICH:12059,MW412409,yes,57,NR_173217 Psathyrella subcaerulea MICH:12059 Oregon US,https://www.ncbi.nlm.nih.gov/nuccore/NR_173217
NR_185439,Inocybe abdita,holotype,high,GenBank /type_material qualifier,holotype of Inocybe abdita,STU:SMNS-STU-F-0901691,OP164062,yes,57,NR_185439 Inocybe abdita STU:SMNS-STU-F-0901691 Germany,https://www.ncbi.nlm.nih.gov/nuccore/NR_185439
NR_154305,Pulchroboletus roseoalbidus,epitype,high,GenBank /type_material qualifier,epitype of Pulchroboletus roseoalbidus,AMB:12757,KJ729486,yes,54,NR_154305 Pulchroboletus roseoalbidus AMB:12757 Italy,https://www.ncbi.nlm.nih.gov/nuccore/NR_154305
NR_157868,Cortinarius phoeniceus,epitype,high,GenBank /type_material qualifier,epitype of Agaricus phoeniceus,S:CFP742,JN114084,yes,53,NR_157868 Cortinarius phoeniceus S:CFP742 Sweden,https://www.ncbi.nlm.nih.gov/nuccore/NR_157868
NR_131857,Cortinarius tillamookensis,holotype,high,GenBank /type_material qualifier,holotype of Cortinarius tillamookensis,personal:J.F. Ammirati:6130,KP087981,yes,52,NR_131857 Cortinarius tillamookensis personal:J.F. Ammirati:6130 California US,https://www.ncbi.nlm.nih.gov/nuccore/NR_131857
NR_161027,Psathyrella nitens,holotype,high,GenBank /type_material qualifier,holotype of Psathyrella nitens,MICH:11983,MF325982,yes,49,NR_161027 Psathyrella nitens MICH:11983 United States,https://www.ncbi.nlm.nih.gov/nuccore/NR_161027
NR_170034,Cortinarius mallaensis,holotype,high,GenBank /type_material qualifier,holotype of Cortinarius mallaensis,H:6033453,MT112163,yes,49,NR_170034 Cortinarius mallaensis H:6033453 Pirkanmaa FI,https://www.ncbi.nlm.nih.gov/nuccore/NR_170034
NR_171126,Cortinarius fusisporus var. olivaceodepressus,holotype,high,GenBank /type_material qualifier,holotype of Cortinarius fusisporus var. olivaceodepressus,PC:860,MT935086,yes,49,NR_171126 Cortinarius semivestitus PC:860 France,https://www.ncbi.nlm.nih.gov/nuccore/NR_171126
NR_175636,Agrocybe flexuosipes,holotype,high,GenBank /type_material qualifier,holotype of Hebeloma flexuosipes,NYS:NYS-F-001221,MN017805,yes,49,NR_175636 Agrocybe flexuosipes NYS:NYS-F-001221 United States,https://www.ncbi.nlm.nih.gov/nuccore/NR_175636
NR_156572,Psilocybe chuxiongensis,holotype,high,GenBank /type_material qualifier,holotype of Psilocybe chuxiongensis,IFRD:414-011,KF586474,yes,48,NR_156572 Psilocybe chuxiongensis IFRD:414-011 China,https://www.ncbi.nlm.nih.gov/nuccore/NR_156572
NR_176129,Russula paravioleipes,holotype,high,GenBank /type_material qualifier,holotype of Russula paravioleipes,HBAU:15001,MN658517,yes,47,NR_176129 Russula paravioleipes HBAU:15001 Zhejiang CN,https://www.ncbi.nlm.nih.gov/nuccore/NR_176129
NR_160474,Tubaria pallidissima,isotype,high,GenBank /type_material qualifier,isotype of Tubaria pallidissima,PDD:98276,KY827303,yes,46,NR_160474 Tubaria pallidissima PDD:98276 New Zealand,https://www.ncbi.nlm.nih.gov/nuccore/NR_160474
NR_173216,Candolleomyces rogueianus,holotype,high,GenBank /type_material qualifier,holotype of Psathyrella rogueiana,MICH:12031,MW412407,yes,45,NR_173216 Psathyrella rogueiana MICH:12031 Oregon US,https://www.ncbi.nlm.nih.gov/nuccore/NR_173216
NR_131851,Cortinarius rubrobrunneus,holotype,high,GenBank /type_material qualifier,holotype of Cortinarius rubrobrunneus,WTU:J. F. Ammirati 7903,KP087975,yes,42,NR_131851 Cortinarius rubrobrunneus WTU:J. F. Ammirati 7903 Ontario CA,https://www.ncbi.nlm.nih.gov/nuccore/NR_131851
NR_151651,Amanita heishidingensis,holotype,high,GenBank /type_material qualifier,holotype of Amanita heishidingensis,HKAS:76122,KC429051,yes,42,NR_151651 Amanita heishidingensis HKAS:76122 China,https://www.ncbi.nlm.nih.gov/nuccore/NR_151651
NR_161026,Psathyrella griseopallida,holotype,high,GenBank /type_material qualifier,holotype of Psathyrella griseopallida,MICH:11939,MF325974,yes,40,NR_161026 Psathyrella griseopallida MICH:11939 United States,https://www.ncbi.nlm.nih.gov/nuccore/NR_161026
NR_174636,Cortinarius perrotensis,isotype,high,GenBank /type_material qualifier,isotype of Cortinarius perrotensis,TENN:071126,KX897405,yes,39,NR_174636 Cortinarius perrotensis TENN:071126 Quebec CA,https://www.ncbi.nlm.nih.gov/nuccore/NR_174636
NR_174928,Cortinarius albidipes,holotype,high,GenBank /type_material qualifier,holotype of Cortinarius albidipes,NYS:F000129,MZ580485,yes,39,NR_174928 Cortinarius albidipes NYS:F000129 New York US,https://www.ncbi.nlm.nih.gov/nuccore/NR_174928
NR_173215,Psathyrella ramicola,holotype,high,GenBank /type_material qualifier,holotype of Psathyrella ramicola,MICH:12027,MW412406,yes,38,NR_173215 Psathyrella ramicola MICH:12027 Oregon US,https://www.ncbi.nlm.nih.gov/nuccore/NR_173215
NR_173926,Mycena juniperina,holotype,high,GenBank /type_material qualifier,holotype of Mycena juniperina,O:F-71211,MT216217,yes,38,NR_173926 Mycena juniperina O:F-71211 Vestfold NO,https://www.ncbi.nlm.nih.gov/nuccore/NR_173926
NR_119872,Pluteus saupei,holotype,high,GenBank /type_material qualifier,holotype of Pluteus saupei,ILLS:42441,HM562113,yes,36,NR_119872 Pluteus saupei ILLS:42441 Illinois US,https://www.ncbi.nlm.nih.gov/nuccore/NR_119872
NR_154868,Cortinarius fulvopaludosus,holotype,high,GenBank /type_material qualifier,holotype of Cortinarius fulvopaludosus,H:6033460,MG136823,yes,36,NR_154868 Cortinarius fulvopaludosus H:6033460 Finland,https://www.ncbi.nlm.nih.gov/nuccore/NR_154868
NR_119388,Amanita ibotengutake,holotype,high,GenBank /type_material qualifier,holotype of Amanita ibotengutake,CBM:FB-30969,AB080988,no,35,NR_119388 Amanita ibotengutake CBM:FB-30969,https://www.ncbi.nlm.nih.gov/nuccore/NR_119388
NR_160473,Tubaria mediocris,isotype,high,GenBank /type_material qualifier,isotype of Tubaria mediocris,PDD:98275,KY827302,yes,35,NR_160473 Tubaria mediocris PDD:98275 New Zealand,https://www.ncbi.nlm.nih.gov/nuccore/NR_160473
NR_173812,Russula subalpinogrisea,holotype,high,GenBank /type_material qualifier,holotype of Russula subalpinogrisea,CAL:1735,MK253444,yes,35,NR_173812 Russula subalpinogrisea CAL:1735 Sikkim IN,https://www.ncbi.nlm.nih.gov/nuccore/NR_173812
NR_198565,Psilocybe ingeli,holotype,high,GenBank /type_material qualifier,holotype of Psilocybe ingeli,PREM:63385,OR147193,yes,35,NR_198565.1,https://www.ncbi.nlm.nih.gov/nuccore/NR_198565
NR_131848,Cortinarius cruentiphyllus,holotype,high,GenBank /type_material qualifier,holotype of Cortinarius cruentiphyllus,personal:T. Niskanen:05-001,KP087972,yes,34,NR_131848 Cortinarius cruentiphyllus personal:T. Niskanen:05-001 Finland,https://www.ncbi.nlm.nih.gov/nuccore/NR_131848
NR_161029,Psathyrella praetenuis,holotype,high,GenBank /type_material qualifier,holotype of Psathyrella praetenuis,MICH:5361,MF325993,yes,34,NR_161029 Psathyrella praetenuis MICH:5361 United States,https://www.ncbi.nlm.nih.gov/nuccore/NR_161029
NR_167957,Psathyrella scanica,type,high,GenBank /type_material qualifier,type material of Psathyrella scanica,GB:LO183-09,KC992910,yes,34,NR_167957 Psathyrella scanica GB:LO183-09 Sweden,https://www.ncbi.nlm.nih.gov/nuccore/NR_167957
NR_174656,Cortinarius caesiifolius,holotype,high,GenBank /type_material qualifier,holotype of Cortinarius caesiifolius,MICH:10326,MZ580462,yes,34,NR_174656 Cortinarius caesiifolius MICH:10326 Washington US,https://www.ncbi.nlm.nih.gov/nuccore/NR_174656
NR_159820,Crepidotus albolanatus,holotype,high,GenBank /type_material qualifier,holotype of Crepidotus albolanatus,PDD:72865,KY827292,yes,33,NR_159820 Crepidotus albolanatus PDD:72865 New Zealand,https://www.ncbi.nlm.nih.gov/nuccore/NR_159820
NR_182946,Entoloma cinnamomeum,holotype,high,GenBank /type_material qualifier,holotype of Entoloma cinnamomeum,LE<RUS>:311801,OK161243,yes,32,NR_182946 Entoloma cinnamomeum LE:311801 Tver RU,https://www.ncbi.nlm.nih.gov/nuccore/NR_182946
NR_131850,Cortinarius timiskamingensis,holotype,high,GenBank /type_material qualifier,holotype of Cortinarius timiskamingensis,NBM:D. Malloch 3-9-81/2,KP087974,yes,31,NR_131850 Cortinarius timiskamingensis NBM:D. Malloch 3-9-81/2 Ontario CA,https://www.ncbi.nlm.nih.gov/nuccore/NR_131850
NR_167955,Psathyrella fagetophila,holotype,high,GenBank /type_material qualifier,holotype of Psathyrella fagetophila,M:LO210-85,KC992902,yes,31,NR_167955 Psathyrella fagetophila M:LO210-85 Sweden,https://www.ncbi.nlm.nih.gov/nuccore/NR_167955
NR_173211,Psathyrella directa,holotype,high,GenBank /type_material qualifier,holotype of Psathyrella directa,MICH:11913,MW412401,yes,31,NR_173211 Psathyrella directa MICH:11913 Oregon US,https://www.ncbi.nlm.nih.gov/nuccore/NR_173211
NR_174654,Cortinarius kranabetteri,holotype,high,GenBank /type_material qualifier,holotype of Cortinarius kranabetteri,H:T. Niskanen 11-287,MZ580449,yes,31,NR_174654 Cortinarius kranabetteri H:T. Niskanen 11-287 Alberta CA,https://www.ncbi.nlm.nih.gov/nuccore/NR_174654
NR_175751,Homophron helvolescens,holotype,high,GenBank /type_material qualifier,holotype of Hebeloma helvolescens,SAPA:10000035,MZ725549,yes,31,NR_175751 Homophron helvolescens SAPA:10000035 Japan,https://www.ncbi.nlm.nih.gov/nuccore/NR_175751
NR_131790,Cortinarius hinnuleoarmillatus,holotype,high,GenBank /type_material qualifier,holotype of Cortinarius hinnuleoarmillatus,personal:Patrick Reumaux:669,DQ499464,no,30,NR_131790 Cortinarius hinnuleoarmillatus personal:Patrick Reumaux:669 France,https://www.ncbi.nlm.nih.gov/nuccore/NR_131790
NR_154683,Amanita aprica,isotype,high,GenBank /type_material qualifier,isotype of Amanita aprica,RET:128-5,KF561972,yes,30,NR_154683 Amanita aprica RET:128-5 Washington US,https://www.ncbi.nlm.nih.gov/nuccore/NR_154683
NR_175096,Marasmius verrucosus,holotype,high,GenBank /type_material qualifier,holotype of Amyloflagellula verrucosa,CBS:696.81,MH861439,yes,30,NR_175096 Fungi Gabon,https://www.ncbi.nlm.nih.gov/nuccore/NR_175096
NR_198497,Psilocybe niveotropicalis,holotype,high,GenBank /type_material qualifier,holotype of Psilocybe niveotropicalis,FLAS:F-68078,OQ991219,yes,30,NR_198497 Psilocybe niveotropicalis FLAS:F-68078 Florida US,https://www.ncbi.nlm.nih.gov/nuccore/NR_198497
NR_152920,Gymnopus pygmaeus,holotype,high,GenBank /type_material qualifier,holotype of Gymnopus pygmaeus,URM<BRA>:90003,KX869966,yes,29,NR_152920 Gymnopus pygmaeus URM:90003 Amapá BR,https://www.ncbi.nlm.nih.gov/nuccore/NR_152920
NR_152921,Gymnopus variicolor,holotype,high,GenBank /type_material qualifier,holotype of Gymnopus variicolor,BRNM:781307,KX926134,yes,29,NR_152921 Gymnopus variicolor BRNM:781307 South Korea,https://www.ncbi.nlm.nih.gov/nuccore/NR_152921
NR_163280,Psathyrella romellii,holotype,high,GenBank /type_material qualifier,holotype of Psathyrella romellii,UPS:240-01,KC992859,yes,28,NR_163280 Psathyrella romellii UPS:240-01 Sweden,https://www.ncbi.nlm.nih.gov/nuccore/NR_163280
NR_167959,Psathyrella siccophila,type,high,GenBank /type_material qualifier,type material of Psathyrella siccophila,GB:LO417-06,KC992916,yes,28,NR_167959 Psathyrella siccophila GB:LO417-06 Sweden,https://www.ncbi.nlm.nih.gov/nuccore/NR_167959
NR_198033,Campanella buettneri,epitype,high,GenBank /type_material qualifier,epitype of Campanella buettneri,SFSU:DED8276,MF075136,yes,28,NR_198033 Campanella buettneri SFSU:DED8276 Sao Tome and Principe,https://www.ncbi.nlm.nih.gov/nuccore/NR_198033
NR_137795,Butyriboletus sanicibus,holotype,high,GenBank /type_material qualifier,holotype of Butyriboletus sanicibus,SFSU:Arora99211,KC184469,yes,27,NR_137795 Butyriboletus sanicibus SFSU:Arora99211 Yunnan CN,https://www.ncbi.nlm.nih.gov/nuccore/NR_137795
NR_158300,Agaricus jacobi,holotype,high,GenBank /type_material qualifier,holotype of Agaricus jacobi,AH:44505,KF447895,yes,27,NR_158300 Agaricus jacobi AH:44505 Spain,https://www.ncbi.nlm.nih.gov/nuccore/NR_158300
NR_158926,Polyporus brevibasidiosus,type,high,GenBank /type_material qualifier,type material of Polyporus brevibasidiosus,SFC:20130808-24,KY038474,yes,27,NR_158926 Polyporus brevibasidiosus SFC:20130808-24 South Korea,https://www.ncbi.nlm.nih.gov/nuccore/NR_158926
NR_159593,Amanita rubiginosa,holotype,high,GenBank /type_material qualifier,holotype of Amanita rubiginosa,HKAS:52216,MH508561,yes,27,NR_159593 Amanita rubiginosa HKAS:52216 Yunnan CN,https://www.ncbi.nlm.nih.gov/nuccore/NR_159593
NR_166354,Pluteus inconspicuus,holotype,high,GenBank /type_material qualifier,holotype of Pluteus inconspicuus,PDD:72485,MN738614,yes,27,NR_166354 Pluteus inconspicuus PDD:72485 New Zealand,https://www.ncbi.nlm.nih.gov/nuccore/NR_166354
NR_170029,Cortinarius occidentalisagacitas,holotype,high,GenBank /type_material qualifier,holotype of Cortinarius occidentalisagacitas,H:7057491,MT112152,yes,27,NR_170029 Cortinarius occidentalisagacitas H:7057491 Pennsylvania US,https://www.ncbi.nlm.nih.gov/nuccore/NR_170029
NR_172749,Tricholomopsis rutilans,epitype,high,GenBank /type_material qualifier,epitype of Agaricus rutilans,UPS:F-646219,KP058977,yes,27,NR_172749 Tricholomopsis rutilans UPS:F-646219 Södermanland SE,https://www.ncbi.nlm.nih.gov/nuccore/NR_172749
NR_173803,Gymnopilus dunensis,holotype,high,GenBank /type_material qualifier,holotype of Gymnopilus dunensis,LAH:35874,MK088247,yes,27,NR_173803 Gymnopilus dunensis LAH:35874 Pakistan,https://www.ncbi.nlm.nih.gov/nuccore/NR_173803
NR_174645,Entoloma montanum,holotype,high,GenBank /type_material qualifier,holotype of Entoloma montanum,GB:0191635,MW340896,yes,27,NR_174645 Entoloma montanum GB:0191635 Västernorrland SE,https://www.ncbi.nlm.nih.gov/nuccore/NR_174645
NR_154134,Lactocollybia subvariicystis,holotype,high,GenBank /type_material qualifier,holotype of Lactocollybia subvariicystis,GDGM:46536,KY042116,yes,26,NR_154134 Lactocollybia subvariicystis GDGM:46536 China,https://www.ncbi.nlm.nih.gov/nuccore/NR_154134
NR_172227,Crassisporium funariophilum,holotype,high,GenBank /type_material qualifier,holotype of Pholiotina funariophila,IB:1949/0008,KF830096,yes,26,NR_172227 Crassisporium funariophilum IB:1949/0008 Tyrol AT,https://www.ncbi.nlm.nih.gov/nuccore/NR_172227
NR_172757,Psathyrella praecox,paratype,high,GenBank /type_material qualifier,paratype of Psathyrella praecox,MICH:49251,MF325992,yes,26,NR_172757 Psathyrella spadiceogrisea MICH:49251 United States,https://www.ncbi.nlm.nih.gov/nuccore/NR_172757
NR_173076,Cortinarius albomalus,holotype,high,GenBank /type_material qualifier,holotype of Cortinarius albomalus,H:7000816,MZ568645,yes,26,NR_173076 Cortinarius albomalus H:7000816 Ontario CA,https://www.ncbi.nlm.nih.gov/nuccore/NR_173076
NR_174903,Gymnopus alliifoetidissimus,holotype,high,GenBank /type_material qualifier,holotype of Gymnopus alliifoetidissimus,GDGM:76695,MT023348,yes,26,NR_174903 Gymnopus alliifoetidissimus GDGM:76695 Guangdong CN,https://www.ncbi.nlm.nih.gov/nuccore/NR_174903
NR_177608,Entoloma paraconferendum,holotype,high,GenBank /type_material qualifier,holotype of Entoloma paraconferendum,UCH:11747,MZ611629,yes,26,NR_177608 Entoloma paraconferendum UCH:11747 Panama,https://www.ncbi.nlm.nih.gov/nuccore/NR_177608
NR_184964,Arrhenia telmatiaea,holotype,high,GenBank /type_material qualifier,holotype of Agaricus telmatiaeus,NY:12555,OM422834,yes,26,NR_184964 Arrhenia telmatiaea NY:12555 United Kingdom,https://www.ncbi.nlm.nih.gov/nuccore/NR_184964
NR_189899,Hymenopellis utriformis,holotype,high,GenBank /type_material qualifier,holotype of Hymenopellis utriformis,MFLU:22-0140,OP265164,yes,26,NR_189899 Hymenopellis utriformis MFLU:22-0140 Thailand,https://www.ncbi.nlm.nih.gov/nuccore/NR_189899
NR_121487,Inosperma apiosmotum,isotype,high,GenBank /type_material qualifier,isotype of Inocybe apiosmota,WTU:F-043329,HQ201336,no,25,NR_121487 Inosperma apiosmotum WTU:F-043329 Nova Scotia CA,https://www.ncbi.nlm.nih.gov/nuccore/NR_121487
NR_137863,Collybiopsis pseudoluxurians,holotype,high,GenBank /type_material qualifier,holotype of Gymnopus pseudoluxurians,TENN:68144,KJ416242,yes,25,NR_137863 Gymnopus pseudoluxurians TENN:68144 Mississippi US,https://www.ncbi.nlm.nih.gov/nuccore/NR_137863
NR_153255,Russula katarinae,holotype,high,GenBank /type_material qualifier,holotype of Russula katarinae,PC:Buyck 03.159,KP966377,yes,25,NR_153255 Russula katarinae PC:Buyck 03.159,https://www.ncbi.nlm.nih.gov/nuccore/NR_153255
NR_173204,Lactarius deliciosus var. olivaceosordidus,holotype,high,GenBank /type_material qualifier,holotype of Lactarius deliciosus var. olivaceosordidus,MICH:11126,MW412390,yes,25,NR_173204 Lactarius deliciosus var. olivaceosordidus MICH:11126 Oregon US,https://www.ncbi.nlm.nih.gov/nuccore/NR_173204
NR_173224,Gymnopilus sordidostipes,holotype,high,GenBank /type_material qualifier,holotype of Gymnopilus sordidostipes,MICH:10992,MW412416,yes,25,NR_173224 Gymnopilus sordidostipes MICH:10992 Oregon US,https://www.ncbi.nlm.nih.gov/nuccore/NR_173224
NR_174659,Cortinarius albidoavellaneus,holotype,high,GenBank /type_material qualifier,holotype of Cortinarius albidoavellaneus,MICH:10313,MZ580483,yes,25,NR_174659 Cortinarius albidoavellaneus MICH:10313 Michigan US,https://www.ncbi.nlm.nih.gov/nuccore/NR_174659
NR_174902,Gymnopus alliifoetidissimus,holotype,high,GenBank /type_material qualifier,holotype of Gymnopus alliifoetidissimus,GDGM:76695,MT023347,yes,25,NR_174902 Gymnopus alliifoetidissimus GDGM:76695 Guangdong CN,https://www.ncbi.nlm.nih.gov/nuccore/NR_174902
NR_185398,Tricholoma sinoportentosum,holotype,high,GenBank /type_material qualifier,"holotype of Tricholoma sinoportentosum Zhu L. Yang, K. Reschke, F. Popa & G. Kost, 2018",HKAS:46084,MF034326,yes,25,NR_185398 Tricholoma sinoportentosum HKAS:46084 Sichuan CN,https://www.ncbi.nlm.nih.gov/nuccore/NR_185398
NR_200884,Russula purpureopallescens,holotype,high,GenBank /type_material qualifier,holotype of Russula purpureopallescens,L:4343531,PQ307156,yes,25,NR_200884.1 Russula purpureopallescens specimen_voucher L:4343531 Netherlands holotype,https://www.ncbi.nlm.nih.gov/nuccore/NR_200884
NR_131829,Cortinarius politus,holotype,high,GenBank /type_material qualifier,holotype of Cortinarius politus,WTU:J.F. Ammirati 13416,KC608588,no,24,NR_131829 Cortinarius politus WTU:J.F. Ammirati 13416 Washington,https://www.ncbi.nlm.nih.gov/nuccore/NR_131829
NR_137867,Clitopilus kamaka,holotype,high,GenBank /type_material qualifier,holotype of Clitopilus kamaka,PDD:96106,KJ461903,yes,24,NR_137867 Clitopilus kamaka PDD:96106 New Zealand,https://www.ncbi.nlm.nih.gov/nuccore/NR_137867
NR_153186,Inocybe acriolens,isotype,high,GenBank /type_material qualifier,isotype of Inocybe acriolens,WTU:AU10493,KY923018,yes,24,NR_153186 Inocybe acriolens WTU:AU10493 Nova Scotia CA,https://www.ncbi.nlm.nih.gov/nuccore/NR_153186
NR_159821,Crepidotus lateralipes,holotype,high,GenBank /type_material qualifier,holotype of Crepidotus lateralipes,PDD:72508,KY827293,yes,24,NR_159821 Crepidotus lateralipes PDD:72508 New Zealand,https://www.ncbi.nlm.nih.gov/nuccore/NR_159821
NR_174652,Cortinarius tetonensis,holotype,high,GenBank /type_material qualifier,holotype of Cortinarius tetonensis,WTU:J. F. Ammirati 10350,MZ580436,yes,24,NR_174652 Cortinarius tetonensis WTU:J. F. Ammirati 10350 Wyoming US,https://www.ncbi.nlm.nih.gov/nuccore/NR_174652
NR_174901,Gymnopus alliifoetidissimus,holotype,high,GenBank /type_material qualifier,holotype of Gymnopus alliifoetidissimus,GDGM:76695,MT023346,yes,24,NR_174901 Gymnopus alliifoetidissimus GDGM:76695 Guangdong CN,https://www.ncbi.nlm.nih.gov/nuccore/NR_174901
NR_177566,Entoloma nigroflavescens,holotype,high,GenBank /type_material qualifier,holotype of Entoloma nigroflavescens,LY:FA4277,MZ198884,yes,24,NR_177566 Entoloma nigroflavescens LY:FA4277 Savoie FR,https://www.ncbi.nlm.nih.gov/nuccore/NR_177566
NR_182947,Pholiotina calongei,holotype,high,GenBank /type_material qualifier,holotype of Pholiotina calongei,MA:Fungi 98486,OK256956,yes,24,NR_182947 Pholiotina calongei MA:Fungi 98486 Teruel ES,https://www.ncbi.nlm.nih.gov/nuccore/NR_182947
HE994440,Psilocybe allenii,ex-holotype,high,GenBank /type_material qualifier,culture from holotype of Psilocybe allenii,PRM 899876,,,23,HE994440 Psilocybe allenii PRM 899876 United States,https://www.ncbi.nlm.nih.gov/nuccore/HE994440
NR_119715,Amanita pallidorosea,holotype,high,GenBank /type_material qualifier,holotype of Amanita pallidorosea,HKAS:54164,FJ176736,yes,23,NR_119715 Amanita pallidorosea HKAS:54164 CN,https://www.ncbi.nlm.nih.gov/nuccore/NR_119715
NR_121207,Cortinarius boulderensis,holotype,high,GenBank /type_material qualifier,holotype of Cortinarius boulderensis,MICH:10323,DQ499466,yes,23,NR_121207 Cortinarius boulderensis MICH:10323 United States,https://www.ncbi.nlm.nih.gov/nuccore/NR_121207
NR_154162,Marasmius griseoroseus var. diminutus,type,high,GenBank /type_material qualifier,type material of Marasmius griseoroseus var. diminutus,SP:417468,JX424044,yes,23,NR_154162 Marasmius griseoroseus var. diminutus SP:417468,https://www.ncbi.nlm.nih.gov/nuccore/NR_154162
NR_157903,Cortinarius elaiops,holotype,high,GenBank /type_material qualifier,holotype of Cortinarius elaiops,PDD:88271,JX000369,yes,23,NR_157903 Cortinarius elaiops PDD:88271 New Zealand,https://www.ncbi.nlm.nih.gov/nuccore/NR_157903
NR_171325,Cortinarius epipurrus,holotype,high,GenBank /type_material qualifier,holotype of Cortinarius epipurrus,PC:R. Henry 3377,MT935029,yes,23,NR_171325 Cortinarius epipurrus PC:R. Henry 3377 France,https://www.ncbi.nlm.nih.gov/nuccore/NR_171325
NR_172763,Pulchroboletus sclerotiorum,holotype,high,GenBank /type_material qualifier,holotype of Pulchroboletus sclerotiorum,FLAS:F-60908,MH016883,yes,23,NR_172763 Boletus bicoloroides FLAS:F-60908 United States,https://www.ncbi.nlm.nih.gov/nuccore/NR_172763
NR_176110,Cortinarius lachanus,holotype,high,GenBank /type_material qualifier,holotype of Cortinarius lachanus,PDD:103887,KF727361,yes,23,NR_176110 Cortinarius lachanus PDD:103887 New Zealand,https://www.ncbi.nlm.nih.gov/nuccore/NR_176110
NR_177161,Entoloma ammophilum,holotype,high,GenBank /type_material qualifier,holotype of Entoloma ammophilum,L:0608224,MW934591,yes,23,NR_177161 Entoloma ammophilum L:0608224 Netherlands,https://www.ncbi.nlm.nih.gov/nuccore/NR_177161
NR_185440,Inocybe orioli,holotype,high,GenBank /type_material qualifier,holotype of Inocybe orioli,STU:SMNS-STU-F-0901703,OP164074,yes,23,NR_185440 Inocybe orioli STU:SMNS-STU-F-0901703 Germany,https://www.ncbi.nlm.nih.gov/nuccore/NR_185440
NR_198429,Clavulinopsis incarnata,holotype,high,GenBank /type_material qualifier,holotype of Clavulinopsis incarnata,MHHNU:11330,OQ703787,yes,23,NR_198429 Clavulinopsis incarnata MHHNU:11330 Yunnan CN,https://www.ncbi.nlm.nih.gov/nuccore/NR_198429
NR_119821,Psilocybe allenii,ex-holotype,high,GenBank /type_material qualifier,culture from holotype of Psilocybe allenii,PRM:899876,HE994440,no,22,NR_119821 Psilocybe allenii PRM:899876 United States,https://www.ncbi.nlm.nih.gov/nuccore/NR_119821
NR_157920,Cortinarius xenosmatoides,holotype,high,GenBank /type_material qualifier,holotype of Cortinarius xenosmatoides,PDD:103668,KF727362,yes,22,NR_157920 Cortinarius xenosmatoides PDD:103668 New Zealand,https://www.ncbi.nlm.nih.gov/nuccore/NR_157920
NR_160586,Tricholoma olivaceoluteolum,holotype,high,GenBank /type_material qualifier,holotype of Tricholoma olivaceoluteolum,HKAS:93510,MF034206,yes,22,NR_160586 Tricholoma olivaceoluteolum HKAS:93510 Yunnan CN,https://www.ncbi.nlm.nih.gov/nuccore/NR_160586
NR_161024,Psathyrella flexuosipes,paratype,high,GenBank /type_material qualifier,paratype of Psathyrella flexuosipes,MICH:32961,MF325969,yes,22,NR_161024 Psathyrella flexuosipes MICH:32961 United States,https://www.ncbi.nlm.nih.gov/nuccore/NR_161024
NR_169694,Callistosporium elegans,holotype,high,GenBank /type_material qualifier,holotype of Callistosporium elegans,SFSU:Perry 617,MN017511,no,22,NR_169694 Callistosporium elegans SFSU:Perry 617 Príncipe ST,https://www.ncbi.nlm.nih.gov/nuccore/NR_169694
NR_171352,Cortinarius pseudobiformis,holotype,high,GenBank /type_material qualifier,holotype of Cortinarius pseudobiformis,PC:A. Bidaud 00-09-67,MT935330,yes,22,NR_171352 Cortinarius pseudobiformis PC:A. Bidaud 00-09-67 France,https://www.ncbi.nlm.nih.gov/nuccore/NR_171352
NR_171368,Cortinarius substriatus,holotype,high,GenBank /type_material qualifier,holotype of Cortinarius substriatus,MICH:10427,MT935529,yes,22,NR_171368 Cortinarius substriatus MICH:10427 Maine US,https://www.ncbi.nlm.nih.gov/nuccore/NR_171368
NR_174934,Entoloma fazziense,holotype,high,GenBank /type_material qualifier,holotype of Entoloma fazziense,LIP:PAM05112114,OL343536,yes,22,NR_174934 Entoloma fazziense LIP:PAM05112114 FR,https://www.ncbi.nlm.nih.gov/nuccore/NR_174934
NR_177469,Inocybe substellata,holotype,high,GenBank /type_material qualifier,holotype of Inocybe substellata,G:00053153,KT958928,yes,22,NR_177469 Inocybe substellata G:00053153,https://www.ncbi.nlm.nih.gov/nuccore/NR_177469
NR_183002,Pluteus parvisporus,holotype,high,GenBank /type_material qualifier,holotype of Pluteus parvisporus,NBM:F-009336,ON864098,yes,22,NR_183002 Pluteus parvisporus NBM:F-009336 Tennessee US,https://www.ncbi.nlm.nih.gov/nuccore/NR_183002
NR_184970,Russula arvernensis,holotype,high,GenBank /type_material qualifier,holotype of Russula arvernensis,PC:0782309,OM964844,yes,22,NR_184970 Russula arvernensis PC:0782309,https://www.ncbi.nlm.nih.gov/nuccore/NR_184970
NR_119877,Pluteus multiformis,holotype,high,GenBank /type_material qualifier,holotype of Pluteus multiformis,AH:40107,HM562201,no,21,NR_119877 Pluteus multiformis AH:40107 Spain,https://www.ncbi.nlm.nih.gov/nuccore/NR_119877
NR_119893,Hygrocybe acutoconica var. microspora,holotype,high,GenBank /type_material qualifier,holotype of Hygrocybe acutoconica var. microspora,TENN:010798,HQ179683,yes,21,NR_119893 Hygrocybe acutoconica var. microspora TENN:010798 Tennessee US,https://www.ncbi.nlm.nih.gov/nuccore/NR_119893
NR_138409,Bolbitius pallidus,holotype,high,GenBank /type_material qualifier,holotype of Bolbitius pallidus,LE<RUS>:234343,KR425536,yes,21,NR_138409 Bolbitius pallidus LE:234343 Russia,https://www.ncbi.nlm.nih.gov/nuccore/NR_138409
NR_148106,Candolleomyces cacao,holotype,high,GenBank /type_material qualifier,holotype of Psathyrella cacao,SFSU:DED 8339,KX017210,yes,21,NR_148106 Psathyrella cacao SFSU:DED 8339,https://www.ncbi.nlm.nih.gov/nuccore/NR_148106
NR_152912,Gymnopus talisiae,type,high,GenBank /type_material qualifier,type material of Gymnopus talisiae,URM<BRA>:87730,KT222655,yes,21,NR_152912 Gymnopus talisiae URM:87730 Paraíba BR,https://www.ncbi.nlm.nih.gov/nuccore/NR_152912
NR_154788,Cantharellus decolorans,epitype,high,GenBank /type_material qualifier,epitype of Cantharellus decolorans,PC:0084098,KF981367,yes,21,NR_154788 Cantharellus decolorans PC:0084098 Madagascar,https://www.ncbi.nlm.nih.gov/nuccore/NR_154788
NR_158877,Psathyrella merdicola,holotype,high,GenBank /type_material qualifier,holotype of Psathyrella merdicola,GB:LO45-02,DQ389688,yes,21,NR_158877 Psathyrella merdicola GB:LO45-02,https://www.ncbi.nlm.nih.gov/nuccore/NR_158877
NR_171151,Cortinarius striatulorufus,holotype,high,GenBank /type_material qualifier,holotype of Cortinarius striatulorufus,PC:3022,MT935456,yes,21,NR_171151 Cortinarius striatulorufus PC:3022 France,https://www.ncbi.nlm.nih.gov/nuccore/NR_171151
NR_184874,Pluteus austrofulvus,holotype,high,GenBank /type_material qualifier,holotype of Pluteus austrofulvus,NBM:F-009329,KM983701,yes,21,NR_184874 Pluteus austrofulvus NBM:F-009329 Arkansas US,https://www.ncbi.nlm.nih.gov/nuccore/NR_184874
NR_185516,Lactarius atrii,type,high,GenBank /type_material qualifier,type material of Lactarius atrii,GENT:AVKDKVP-09-066,KT165241,yes,21,NR_185516 Lactarius atrii GENT:AVKDKVP-09-066 India,https://www.ncbi.nlm.nih.gov/nuccore/NR_185516
NR_191119,Crepidotus wasseri,holotype,high,GenBank /type_material qualifier,holotype of Crepidotus wasseri,LE<RUS>:287679,MW722981,yes,21,NR_191119 Crepidotus wasseri LE 287679 from TYPE material LE:287679,https://www.ncbi.nlm.nih.gov/nuccore/NR_191119
NR_198426,Clavulinopsis bicolor,holotype,high,GenBank /type_material qualifier,holotype of Clavulinopsis bicolor,MHHNU:10381,OQ703780,yes,21,NR_198426 Clavulinopsis bicolor MHHNU:10381 Hainan CN,https://www.ncbi.nlm.nih.gov/nuccore/NR_198426
LN850614,Entoloma fasciculatum,holotype,high,GenBank /type_material qualifier,holotype of Entoloma fasciculatum,holotype TENN29376,,,20,LN850614 Entoloma fasciculatum holotype TENN29376 United States,https://www.ncbi.nlm.nih.gov/nuccore/LN850614
NR_131855,Cortinarius transatlanticus,holotype,high,GenBank /type_material qualifier,holotype of Cortinarius transatlanticus,WTU:J. F. Ammirati 11244,KP087979,yes,20,NR_131855 Cortinarius transatlanticus WTU:J. F. Ammirati 11244 Florida US,https://www.ncbi.nlm.nih.gov/nuccore/NR_131855
NR_153006,Phlegmacium patrickense,holotype,high,GenBank /type_material qualifier,holotype of Cortinarius fraudulosus var. patrickensis,IB:19950617,KF732307,yes,20,NR_153006 Cortinarius patrickensis IB:19950617 United States,https://www.ncbi.nlm.nih.gov/nuccore/NR_153006
NR_153187,Inosperma neobrunnescens var. leucothelotum,isotype,high,GenBank /type_material qualifier,isotype of Inocybe neobrunnescens var. leucothelota,ACAD:11597,KY923019,yes,20,NR_153187 Inocybe neobrunnescens var. leucothelota WTU:ACAD11597 Nova Scotia CA,https://www.ncbi.nlm.nih.gov/nuccore/NR_153187
NR_164071,Cortinarius uxorum,holotype,high,GenBank /type_material qualifier,holotype of Cortinarius uxorum,MA:91813,MK766871,yes,20,NR_164071 Cortinarius uxorum MA:91813 Lleida ES,https://www.ncbi.nlm.nih.gov/nuccore/NR_164071
NR_164493,Amanita detersa,holotype,high,GenBank /type_material qualifier,holotype of Amanita detersa,HKAS:71476,MH508328,yes,20,NR_164493 Amanita detersa HKAS:71476 Yunnan CN,https://www.ncbi.nlm.nih.gov/nuccore/NR_164493
NR_167956,Psathyrella fennoscandica,type,high,GenBank /type_material qualifier,"type material of Psathyrella fennoscandica Orstadius & E. Larss., 2015",GB:LO484-05,KC992903,yes,20,NR_167956 Psathyrella fennoscandica GB:LO484-05 Sweden,https://www.ncbi.nlm.nih.gov/nuccore/NR_167956
NR_169666,Tetrapyrgos atrocyanea,epitype,high,GenBank /type_material qualifier,epitype of Pterospora atrocyanea,SFSU:JES 216,MF075137,yes,20,NR_169666 Tetrapyrgos atrocyanea SFSU:JES 216 Madagascar,https://www.ncbi.nlm.nih.gov/nuccore/NR_169666
NR_173213,Psathyrella lanatipes,holotype,high,GenBank /type_material qualifier,holotype of Psathyrella lanatipes,MICH:11959,MW412404,yes,20,NR_173213 Psathyrella lanatipes MICH:11959 Oregon US,https://www.ncbi.nlm.nih.gov/nuccore/NR_173213
NR_177610,Entoloma transitionisporum,holotype,high,GenBank /type_material qualifier,holotype of Entoloma transitionisporum,UCH:11743,MZ611653,yes,20,NR_177610 Entoloma transitionisporum UCH:11743 Panama,https://www.ncbi.nlm.nih.gov/nuccore/NR_177610
NR_186970,Marasmius obscuroaurantiacus,holotype,high,GenBank /type_material qualifier,holotype of Marasmius obscuroaurantiacus,BKF:10242,MZ145165,yes,20,NR_186970 Marasmius obscuroaurantiacus BKF:10242 Thailand,https://www.ncbi.nlm.nih.gov/nuccore/NR_186970
LN850526,Entoloma serpens,holotype,high,GenBank /type_material qualifier,holotype of Entoloma serpens,holotype 410/09 TUR,,,19,LN850526 Entoloma serpens holotype 410/09 TUR Finland,https://www.ncbi.nlm.nih.gov/nuccore/LN850526
NR_119994,Inocybe ericetorum,holotype,high,GenBank /type_material qualifier,holotype of Inocybe ericetorum,TURA:177504,JN580877,yes,19,NR_119994 Inocybe ericetorum TURA:177504 Finland,https://www.ncbi.nlm.nih.gov/nuccore/NR_119994
NR_120124,Phylloporus rubrosquamosus,holotype,high,GenBank /type_material qualifier,holotype of Phylloporus rubrosquamosus,HKAS:54559,JQ967262,yes,19,NR_120124 Phylloporus rubrosquamosus HKAS:54559 Yunnan CN,https://www.ncbi.nlm.nih.gov/nuccore/NR_120124
NR_131791,Cortinarius pseudobovinus,holotype,high,GenBank /type_material qualifier,holotype of Cortinarius pseudobovinus,IB:19890300,DQ499465,yes,19,NR_131791 Cortinarius pseudobovinus IB:19890300 United States,https://www.ncbi.nlm.nih.gov/nuccore/NR_131791
NR_155720,Ramaria luteovernalis,holotype,high,GenBank /type_material qualifier,holotype of Ramaria luteovernalis,MCVE:28637,KT357471,yes,19,NR_155720 Ramaria luteovernalis MCVE:28637,https://www.ncbi.nlm.nih.gov/nuccore/NR_155720
NR_157970,Phlegmacium vacciniophilum,holotype,high,GenBank /type_material qualifier,holotype of Cortinarius vacciniophilus,O:T.E. Brandrud 17-88,KF732465,yes,19,NR_157970 Cortinarius vacciniophilus O:T.E. Brandrud 17-88 Norway,https://www.ncbi.nlm.nih.gov/nuccore/NR_157970
NR_158849,Pholiotina mediterranea,holotype,high,GenBank /type_material qualifier,holotype of Pholiotina mediterranea,MA:Fungi:89945,MF142244,no,19,NR_158849 Pholiotina mediterranea MA:Fungi:89945,https://www.ncbi.nlm.nih.gov/nuccore/NR_158849
NR_159822,Crepidotus rufofloccosus,holotype,high,GenBank /type_material qualifier,holotype of Crepidotus rufofloccosus,PDD:72601,KY827296,yes,19,NR_159822 Crepidotus rufofloccosus PDD:72601 New Zealand,https://www.ncbi.nlm.nih.gov/nuccore/NR_159822
NR_160476,Tubaria similis,isotype,high,GenBank /type_material qualifier,isotype of Tubaria similis,PDD:98279,KY827306,yes,19,NR_160476 Tubaria similis PDD:98279 New Zealand,https://www.ncbi.nlm.nih.gov/nuccore/NR_160476
NR_169958,Inocybe grammatoides,holotype,high,GenBank /type_material qualifier,holotype of Inocybe grammatoides,AH:46618,MK480531,yes,19,NR_169958 Inocybe grammatoides AH:46618 Asturias ES,https://www.ncbi.nlm.nih.gov/nuccore/NR_169958
NR_172147,Entoloma belouvense var. albertinae,holotype,high,GenBank /type_material qualifier,holotype of Nolanea albertinae,SP:Karstedt FK0935,KF679348,yes,19,NR_172147 Nolanea albertinae SP:Karstedt FK0935 São Paulo BR,https://www.ncbi.nlm.nih.gov/nuccore/NR_172147
NR_174872,Inocybe blandula,holotype,high,GenBank /type_material qualifier,holotype of Inocybe blandula,STU:SMNS-STU-F-0901577,MZ144123,yes,19,NR_174872 Inocybe blandula STU:SMNS-STU-F-0901577 Austria,https://www.ncbi.nlm.nih.gov/nuccore/NR_174872
NR_175690,Gyroporus porphyreus,holotype,high,GenBank /type_material qualifier,holotype of Gyroporus porphyreus,FHMU:917,MW380854,yes,19,NR_175690 Gyroporus porphyreus FHMU:917 Lima Province PE,https://www.ncbi.nlm.nih.gov/nuccore/NR_175690
NR_184509,Inocybe elysii,holotype,high,GenBank /type_material qualifier,holotype of Inocybe elysii,STU:SMNS-STU-F-0901682,ON003438,yes,19,NR_184509 Inocybe elysii STU:SMNS-STU-F-0901682,https://www.ncbi.nlm.nih.gov/nuccore/NR_184509
NR_111478,Psilocybe cyanescens,ex-epitype,high,GenBank /type_material qualifier,culture from epitype of Psilocybe cyanescens,PRM:901481,GU565175,yes,18,NR_111478 Psilocybe cyanescens PRM:901481,https://www.ncbi.nlm.nih.gov/nuccore/NR_111478
NR_130230,Phlegmacium misermontii,holotype,high,GenBank /type_material qualifier,holotype of Cortinarius misermontii,PC:R. Henry 84.134,KF732348,yes,18,NR_130230 Cortinarius misermontii PC:R. Henry 84.134 France,https://www.ncbi.nlm.nih.gov/nuccore/NR_130230
NR_131831,Cortinarius pseudofallax,holotype,high,GenBank /type_material qualifier,holotype of Cortinarius pseudofallax,personal:X. Carteret:2001-110,KF048130,yes,18,NR_131831 Cortinarius pseudofallax personal:X. Carteret:2001-110 France,https://www.ncbi.nlm.nih.gov/nuccore/NR_131831
NR_132898,Cibaomyces glutinis,holotype,high,GenBank /type_material qualifier,holotype of Cibaomyces glutinis,HKAS:80855,KJ024101,yes,18,NR_132898 Cibaomyces glutinis HKAS:80855 China,https://www.ncbi.nlm.nih.gov/nuccore/NR_132898
NR_132910,Rhizomarasmius oreinus,holotype,high,GenBank /type_material qualifier,holotype of Rhizomarasmius oreinus,AQUI:6763,KM588676,yes,18,NR_132910 Rhizomarasmius oreinus AQUI:6763 Italy,https://www.ncbi.nlm.nih.gov/nuccore/NR_132910
NR_145011,Agaricus tibetensis,holotype,high,GenBank /type_material qualifier,holotype of Agaricus tibetensis,HMAS:275725,KM657895,yes,18,NR_145011 Agaricus tibetensis HMAS:275725 CN,https://www.ncbi.nlm.nih.gov/nuccore/NR_145011
NR_152900,Entoloma luteofuscum,holotype,high,GenBank /type_material qualifier,holotype of Entoloma luteofuscum,K(M):188309,KF698730,yes,18,NR_152900 Entoloma luteofuscum K:M 188309 India,https://www.ncbi.nlm.nih.gov/nuccore/NR_152900
NR_153168,Inosperma viridipes,isotype,high,GenBank /type_material qualifier,isotype of Inocybe viridipes,TENN:066999,KP641645,yes,18,NR_153168 Inocybe viridipes TENN:066999 Queensland AU,https://www.ncbi.nlm.nih.gov/nuccore/NR_153168
NR_160442,Pseudosperma keralense,holotype,high,GenBank /type_material qualifier,holotype of Inocybe keralensis,K(M):191712,KM924523,yes,18,NR_160442 Inocybe keralensis K(M):191712 India,https://www.ncbi.nlm.nih.gov/nuccore/NR_160442
NR_165883,Pseudosperma friabile,holotype,high,GenBank /type_material qualifier,holotype of Inocybe friabilis,TENN:068384,MH216095,yes,18,NR_165883 Inocybe friabilis TENN:068384 Tennessee US,https://www.ncbi.nlm.nih.gov/nuccore/NR_165883
NR_166301,Tylopilus griseiolivaceus,holotype,high,GenBank /type_material qualifier,holotype of Tylopilus griseiolivaceus,JBSD:127431,MN115807,yes,18,NR_166301 Tylopilus griseiolivaceus JBSD:127431 Dominican Republic,https://www.ncbi.nlm.nih.gov/nuccore/NR_166301
NR_169700,Panaeolus axfordii,holotype,high,GenBank /type_material qualifier,holotype of Panaeolus axfordii,MFLU:19-2367,MN482689,yes,18,NR_169700 Panaeolus axfordii MFLU:19-2367 Yunnan,https://www.ncbi.nlm.nih.gov/nuccore/NR_169700
NR_171144,Cortinarius punctatoides,holotype,high,GenBank /type_material qualifier,holotype of Cortinarius punctatoides,PC:2009-72,MT935358,yes,18,NR_171144 Cortinarius hirtus PC:2009-72 France,https://www.ncbi.nlm.nih.gov/nuccore/NR_171144
NR_171961,Pseudosperma salentinum,holotype,high,GenBank /type_material qualifier,holotype of Pseudosperma salentinum,MCVE:30342,MT095093,yes,18,NR_171961 Pseudosperma salentinum MCVE:30342 Brindisi IT,https://www.ncbi.nlm.nih.gov/nuccore/NR_171961
NR_172349,Cortinarius subgrisescens,holotype,high,GenBank /type_material qualifier,holotype of Cortinarius subgrisescens,G:4234/4274,MT935490,yes,18,NR_172349 Cortinarius subgrisescens G:4234/4274 France,https://www.ncbi.nlm.nih.gov/nuccore/NR_172349
NR_173210,Psathyrella carbonicola,holotype,high,GenBank /type_material qualifier,holotype of Psathyrella carbonicola,MICH:11896,MW412400,yes,18,NR_173210 Psathyrella pennata MICH:11896 Oregon US,https://www.ncbi.nlm.nih.gov/nuccore/NR_173210
NR_173976,Pseudosperma emberizanum,holotype,high,GenBank /type_material qualifier,holotype of Pseudosperma emberizanum,STU:SMNS-STU-F-0901461,MW647630,yes,18,NR_173976 Pseudosperma emberizanum STU:SMNS-STU-F-0901461 Germany,https://www.ncbi.nlm.nih.gov/nuccore/NR_173976
NR_174896,Russula minor,holotype,high,GenBank /type_material qualifier,holotype of Russula minor,GDGM:79686,MN275666,yes,18,NR_174896 Russula minor GDGM:79686 China,https://www.ncbi.nlm.nih.gov/nuccore/NR_174896
NR_177614,Entoloma cremeostriatum,holotype,high,GenBank /type_material qualifier,holotype of Entoloma cremeostriatum,M:KaiR613,MZ611664,yes,18,NR_177614 Entoloma cremeostriatum M:KaiR613 Panama,https://www.ncbi.nlm.nih.gov/nuccore/NR_177614
NR_185600,Rhizomarasmius cunninghamietorum,holotype,high,GenBank /type_material qualifier,holotype of Rhizomarasmius cunninghamietorum,HGAS:MF01-10709,MW326779,yes,18,NR_185600 Rhizomarasmius cunninghamietorum HGAS:MF01-10709 China,https://www.ncbi.nlm.nih.gov/nuccore/NR_185600
NR_187064,Clitocybula ellipsospora,holotype,high,GenBank /type_material qualifier,holotype of Clitocybula ellipsospora,AH:52866,OP004321,yes,18,NR_187064 Clitocybula ellipsospora AH:52866 France,https://www.ncbi.nlm.nih.gov/nuccore/NR_187064
NR_103594,Pleurotus cystidiosus var. formosensis,ex-holotype,high,GenBank /type_material qualifier,culture from holotype of Pleurotus cystidiosus var. formosensis,CBS:100129,EU424282,yes,17,NR_103594 Pleurotus cystidiosus var. formosensis,https://www.ncbi.nlm.nih.gov/nuccore/NR_103594
NR_119875,Pluteus cervinus,epitype,high,GenBank /type_material qualifier,epitype of Agaricus cervinus,REG:13641,HM562152,yes,17,NR_119875 Pluteus cervinus REG:13641 Germany,https://www.ncbi.nlm.nih.gov/nuccore/NR_119875
NR_121488,Inocybe diabolica,isotype,high,GenBank /type_material qualifier,isotype of Inocybe diabolica,WTU:F-063180,HQ201350,yes,17,NR_121488 Inocybe diabolica WTU:F-063180 NO,https://www.ncbi.nlm.nih.gov/nuccore/NR_121488
NR_130189,Phlegmacium alticaudum,holotype,high,GenBank /type_material qualifier,holotype of Cortinarius alticaudus,PC:P. Moenne-Loccoz 1632,KF732247,yes,17,NR_130189 Phlegmacium alticaudum PC:P. Moenne-Loccoz 1632 France,https://www.ncbi.nlm.nih.gov/nuccore/NR_130189
NR_137865,Collybiopsis disjuncta,holotype,high,GenBank /type_material qualifier,holotype of Gymnopus disjunctus,TENN:69172,KJ416252,yes,17,NR_137865 Gymnopus disjunctus TENN:69172 Connecticut US,https://www.ncbi.nlm.nih.gov/nuccore/NR_137865
NR_152907,Hebeloma limbatum,holotype,high,GenBank /type_material qualifier,holotype of Hebeloma limbatum,C:C-F-92311,KT217490,yes,17,NR_152907 Hebeloma limbatum C:C-F-92311 Italy,https://www.ncbi.nlm.nih.gov/nuccore/NR_152907
NR_153230,Russula westii,isotype,high,GenBank /type_material qualifier,isotype of Russula westii,TENN:F16404,KF810121,yes,17,NR_153230 Russula westii TENN:F16404 Florida US,https://www.ncbi.nlm.nih.gov/nuccore/NR_153230
NR_154437,Rhodocybe pallidogrisea,paratype,high,GenBank /type_material qualifier,paratype of Rhodocybe pallidogrisea,CORT:013944,KX271752,yes,17,NR_154437 Rhodocybe pallidogrisea CORT:013944 Australia,https://www.ncbi.nlm.nih.gov/nuccore/NR_154437
NR_157944,Cortinarius maculatipes,holotype,high,GenBank /type_material qualifier,holotype of Cortinarius maculatipes,G:292695_1,KF732345,yes,17,NR_157944 Cortinarius maculatipes G:292695_1 France,https://www.ncbi.nlm.nih.gov/nuccore/NR_157944
NR_157958,Cortinarius sphagnetorum,holotype,high,GenBank /type_material qualifier,holotype of Cortinarius sphagnetorum,G:294505_1,KF732430,yes,17,NR_157958 Cortinarius sphagnetorum G:294505_1 France,https://www.ncbi.nlm.nih.gov/nuccore/NR_157958
NR_157960,Phlegmacium subcrassoides,holotype,high,GenBank /type_material qualifier,holotype of Cortinarius subcrassoides,G:296100_1,KF732438,yes,17,NR_157960 Cortinarius subcrassoides G:296100_1 France,https://www.ncbi.nlm.nih.gov/nuccore/NR_157960
NR_159050,Tricholoma boreosulphurescens,holotype,high,GenBank /type_material qualifier,holotype of Tricholoma boreosulphurescens,O:F-187683,LT222023,no,17,NR_159050 Tricholoma boreosulphurescens O:F-187683 Viken NO,https://www.ncbi.nlm.nih.gov/nuccore/NR_159050
NR_159580,Amanita lanigera,holotype,high,GenBank /type_material qualifier,holotype of Amanita lanigera,HKAS:89030,MH508420,yes,17,NR_159580 Amanita lanigera HKAS:89030 Yunnan CN,https://www.ncbi.nlm.nih.gov/nuccore/NR_159580
NR_160176,Deconica chionophila,type,high,GenBank /type_material qualifier,type material of Psilocybe chionophila,CBS:655.87,MH862110,yes,17,NR_160176 Psilocybe chionophila France,https://www.ncbi.nlm.nih.gov/nuccore/NR_160176
NR_169977,Pluteus keselakii,holotype,high,GenBank /type_material qualifier,holotype of Pluteus keselakii,BRNM:817402,MN250223,yes,17,NR_169977 Pluteus keselakii BRNM:817402 Slovakia,https://www.ncbi.nlm.nih.gov/nuccore/NR_169977
NR_171796,Geoglossum simile,epitype,high,GenBank /type_material qualifier,epitype of Geoglossum simile,CORT:005220,KF944381,yes,17,NR_171796 Geoglossum simile CORT:005220 United States,https://www.ncbi.nlm.nih.gov/nuccore/NR_171796
NR_171887,Xerocomus ferrugineus f. aurantiiporus,holotype,high,GenBank /type_material qualifier,holotype of Xerocomus ferrugineus f. aurantiiporus,WU:39588,MT644941,yes,17,NR_171887 Xerocomus ferrugineus f. aurantiiporus WU:39588 Austria,https://www.ncbi.nlm.nih.gov/nuccore/NR_171887
NR_172792,Clitopilus abprunulus,holotype,high,GenBank /type_material qualifier,holotype of Clitopilus abprunulus,HKAS:107040,MT345048,yes,17,NR_172792 Clitopilus abprunulus HKAS:107040,https://www.ncbi.nlm.nih.gov/nuccore/NR_172792
NR_174653,Cortinarius nettieae,holotype,high,GenBank /type_material qualifier,holotype of Cortinarius nettieae,WTU:J. F. Ammirati 9613,MZ580442,yes,17,NR_174653 Cortinarius nettieae WTU:J. F. Ammirati 9613 Washington US,https://www.ncbi.nlm.nih.gov/nuccore/NR_174653
NR_174657,Cortinarius anomalomontanus,holotype,high,GenBank /type_material qualifier,holotype of Cortinarius anomalomontanus,WTU:J. F. Ammirati 9919,MZ580478,yes,17,NR_174657 Cortinarius anomalomontanus WTU:J. F. Ammirati 9919 Wyoming US,https://www.ncbi.nlm.nih.gov/nuccore/NR_174657
NR_177628,Entoloma ortegae,holotype,high,GenBank /type_material qualifier,holotype of Entoloma ortegae,L:0607574,OL343529,yes,17,NR_177628 Entoloma ortegae L:0607574 Canary Islands ES,https://www.ncbi.nlm.nih.gov/nuccore/NR_177628
NR_182562,Gymnopus longisterigmaticus,holotype,high,GenBank /type_material qualifier,holotype of Gymnopus longisterigmaticus,HMJAU:60288,OM030282,yes,17,NR_182562 Gymnopus longisterigmaticus HMJAU:60288 China,https://www.ncbi.nlm.nih.gov/nuccore/NR_182562
NR_182972,Gerronema baishanzuense,holotype,high,GenBank /type_material qualifier,holotype of Gerronema baishanzuense,FFAAS:0359,OL985962,yes,17,NR_182972 Gerronema baishanzuense FFAAS:0359 China,https://www.ncbi.nlm.nih.gov/nuccore/NR_182972
NR_119390,Amanita griseoturcosa,holotype,high,GenBank /type_material qualifier,holotype of Amanita griseoturcosa,CBM:FB-30253,AB167728,no,16,NR_119390 Amanita griseoturcosa CBM:FB-30253,https://www.ncbi.nlm.nih.gov/nuccore/NR_119390
NR_147635,Russula recondita,holotype,high,GenBank /type_material qualifier,holotype of Russula recondita,LUG:19058,KJ530750,yes,16,NR_147635 Russula recondita LUG:19058 Ticino CH,https://www.ncbi.nlm.nih.gov/nuccore/NR_147635
NR_153241,Pluteus oreibatus,holotype,high,GenBank /type_material qualifier,holotype of Pluteus oreibatus,TENN:E.C. Vellinga 4183,KJ009763,yes,16,NR_153241 Pluteus oreibatus TENN:E.C. Vellinga 4183 North Carolina US,https://www.ncbi.nlm.nih.gov/nuccore/NR_153241
NR_153611,Bolbitius bisporus,holotype,high,GenBank /type_material qualifier,holotype of Bolbitius bisporus,LE<RUS>:303558,KR425534,yes,16,NR_153611 Bolbitius bisporus LE:303558 Russia,https://www.ncbi.nlm.nih.gov/nuccore/NR_153611
NR_154152,Marasmiellus celebanticus,holotype,high,GenBank /type_material qualifier,holotype of Marasmiellus celebanticus,TO:HG2281,JF460781,yes,16,NR_154152 Marasmiellus celebanticus TO:HG2281 Spain,https://www.ncbi.nlm.nih.gov/nuccore/NR_154152
NR_157859,Cortinarius aureovelatus,type,high,GenBank /type_material qualifier,type material of Cortinarius aureovelatus,O:EB870818,DQ102652,yes,16,NR_157859 Cortinarius aureovelatus O:EB870818,https://www.ncbi.nlm.nih.gov/nuccore/NR_157859
NR_157921,Phlegmacium acidophilum,holotype,high,GenBank /type_material qualifier,holotype of Cortinarius acidophilus,O:T. E. Brandrud 61-79,KF732241,yes,16,NR_157921 Cortinarius acidophilus O:T. E. Brandrud 61-79 Norway,https://www.ncbi.nlm.nih.gov/nuccore/NR_157921
NR_158299,Clitocybe salmonilamella,holotype,high,GenBank /type_material qualifier,holotype of Clitocybe salmonilamella,NY:16995,KC962410,yes,16,NR_158299 Clitocybe salmonilamella NY:16995,https://www.ncbi.nlm.nih.gov/nuccore/NR_158299
NR_158879,Psathyrella fimiseda,holotype,high,GenBank /type_material qualifier,holotype of Psathyrella fimiseda,GB:LO56-96,DQ389690,yes,16,NR_158879 Psathyrella fimiseda GB:LO56-96,https://www.ncbi.nlm.nih.gov/nuccore/NR_158879
NR_159569,Amanita brunneomaculata,holotype,high,GenBank /type_material qualifier,holotype of Amanita brunneomaculata,HKAS:70032,MH508279,yes,16,NR_159569 Amanita brunneomaculata HKAS:70032 Yunnan CN,https://www.ncbi.nlm.nih.gov/nuccore/NR_159569
NR_160646,Russula purpureovirescens,holotype,high,GenBank /type_material qualifier,"holotype of Russula purpureovirescens Porcu, Mua, Casula & Sanna, 2018",MCVE:29560,MK256205,yes,16,NR_160646 Russula purpureovirescens MCVE:29560 Metropolitan CityCagliari IT,https://www.ncbi.nlm.nih.gov/nuccore/NR_160646
NR_166388,Cuphophyllus yacurensis,holotype,high,GenBank /type_material qualifier,holotype of Cuphophyllus yacurensis,QCAM:5891,KY689662,yes,16,NR_166388 Cuphophyllus yacurensis QCAM:5891 Zamora-Chinchipe EC,https://www.ncbi.nlm.nih.gov/nuccore/NR_166388
NR_166562,Clavaria calabrica,holotype,high,GenBank /type_material qualifier,holotype of Clavaria calabrica,ZT:Myc 58697,MF972889,yes,16,NR_166562 Clavaria calabrica ZT:Myc 58697 Vicenza IT,https://www.ncbi.nlm.nih.gov/nuccore/NR_166562
NR_170845,Cortinarius fragrans,holotype,high,GenBank /type_material qualifier,holotype of Cortinarius fragrans,MICH:17713,MT935062,yes,16,NR_170845 Cortinarius fragrantior MICH:17713 Maine US,https://www.ncbi.nlm.nih.gov/nuccore/NR_170845
NR_170847,Cortinarius griseoviolaceus,holotype,high,GenBank /type_material qualifier,holotype of Cortinarius griseoviolaceus,MICH:17228,MT935105,yes,16,NR_170847 Cortinarius griseoviolaceus MICH:17228 Washington US,https://www.ncbi.nlm.nih.gov/nuccore/NR_170847
NR_170849,Cortinarius kauffmanianus,holotype,high,GenBank /type_material qualifier,holotype of Cortinarius kauffmanianus,MICH:10369,MT935175,yes,16,NR_170849 Cortinarius kauffmanianus MICH:10369 Michigan US,https://www.ncbi.nlm.nih.gov/nuccore/NR_170849
NR_171362,Cortinarius sporagnitus,holotype,high,GenBank /type_material qualifier,holotype of Cortinarius sporagnitus,PC:A. Bidaud 92-11-418,MT935447,yes,16,NR_171362 Cortinarius sporagnitus PC:A. Bidaud 92-11-418 France,https://www.ncbi.nlm.nih.gov/nuccore/NR_171362
NR_172770,Clitopilus prunulus,epitype,high,GenBank /type_material qualifier,epitype of Agaricus prunulus,HKAS:96158,MN061301,yes,16,NR_172770 Clitopilus prunulus HKAS:96158 Vorarlberg AT,https://www.ncbi.nlm.nih.gov/nuccore/NR_172770
NR_173281,Crepidotus striatus,holotype,high,GenBank /type_material qualifier,holotype of Crepidotus striatus,HMJAU:37076,MH320741,yes,16,NR_173281 Crepidotus striatus HMJAU:37076 China,https://www.ncbi.nlm.nih.gov/nuccore/NR_173281
NR_174905,Clavaria griseolilacina,holotype,high,GenBank /type_material qualifier,holotype of Clavaria griseolilacina,MHHNU:9722,MT028142,yes,16,NR_174905 Clavaria griseolilacina MHHNU:9722,https://www.ncbi.nlm.nih.gov/nuccore/NR_174905
NR_175035,Cortinarius aurantioferreus,holotype,high,GenBank /type_material qualifier,holotype of Cortinarius aurantioferreus,PDD:71002,KJ547666,yes,16,NR_175035 Cortinarius aurantioferreus PDD:71002 New Zealand,https://www.ncbi.nlm.nih.gov/nuccore/NR_175035
NR_176704,Amanita cyanochlorinosma,type,high,GenBank /type_material qualifier,"type material of Amanita cyanochlorinosma Mighell & T.W. Henkel, 2019",BRG:41298,MK064187,yes,16,NR_176704 Amanita cyanochlorinosma BRG:41298 Guyana,https://www.ncbi.nlm.nih.gov/nuccore/NR_176704
NR_176737,Trichoglossum jejuense,holotype,high,GenBank /type_material qualifier,holotype of Trichoglossum jejuense,JBRI:M19-946,MT741783,yes,16,NR_176737 Trichoglossum jejuense,https://www.ncbi.nlm.nih.gov/nuccore/NR_176737
NR_182681,Crepidotus heterocystidiosus,holotype,high,GenBank /type_material qualifier,holotype of Crepidotus heterocystidiosus,HMJAU:37053,MF461341,yes,16,NR_182681 Crepidotus heterocystidiosus HMJAU:37053 Guangxi Zhuang Autonomous Region CN,https://www.ncbi.nlm.nih.gov/nuccore/NR_182681
NR_184471,Gymnopus bunerensis,holotype,high,GenBank /type_material qualifier,holotype of Gymnopus bunerensis,LAH:35878,MK122772,yes,16,NR_184471 Gymnopus bunerensis LAH:35878 Pakistan,https://www.ncbi.nlm.nih.gov/nuccore/NR_184471
NR_189950,Amanita fulvisquamea,holotype,high,GenBank /type_material qualifier,holotype of Amanita fulvisquamea,CMUB:39993,OQ780689,yes,16,NR_189950 Amanita fulvisquamea CMUB:39993 Phetchabun TH,https://www.ncbi.nlm.nih.gov/nuccore/NR_189950
NR_190933,Pseudosperma arenicola,epitype,high,GenBank /type_material qualifier,epitype of Inocybe fastigiata f. arenicola,L:L-3988126,ON033865,yes,16,NR_190933 Melanoleuca sp. 'BC01' L:L-3988126,https://www.ncbi.nlm.nih.gov/nuccore/NR_190933
NR_198329,Pseudolyophyllum macrobasidium,holotype,high,GenBank /type_material qualifier,holotype of Pseudolyophyllum macrobasidium,KUN:HKAS123131,OP626985,yes,16,NR_198329 Pseudolyophyllum macrobasidium KUN:HKAS123131 Gansu CN,https://www.ncbi.nlm.nih.gov/nuccore/NR_198329
NR_198347,Russula niveopicta,holotype,high,GenBank /type_material qualifier,holotype of Russula niveopicta,FHMU:958,OP837461,yes,16,NR_198347 Russula niveopicta FHMU:958 Lima Province PE,https://www.ncbi.nlm.nih.gov/nuccore/NR_198347
NR_137804,Coltriciella baoshanensis,holotype,high,GenBank /type_material qualifier,holotype of Coltriciella baoshanensis,BJFC:Dai 13075,KC857266,yes,15,NR_137804 Coltriciella baoshanensis BJFC:Dai 13075 China,https://www.ncbi.nlm.nih.gov/nuccore/NR_137804
NR_152351,Inocybe alloumbrina,isotype,high,GenBank /type_material qualifier,isotype of Inocybe alloumbrina,TENN:067007,KJ778848,yes,15,NR_152351 Inocybe alloumbrina TENN:067007 Queensland AU,https://www.ncbi.nlm.nih.gov/nuccore/NR_152351
NR_152916,Entoloma kruticianum,holotype,high,GenBank /type_material qualifier,holotype of Entoloma kruticianum,LE<RUS>:311767,KU666558,yes,15,NR_152916 Entoloma kruticianum LE:311767 Tver RU,https://www.ncbi.nlm.nih.gov/nuccore/NR_152916
NR_152967,Lactarius laccarioides,holotype,high,GenBank /type_material qualifier,holotype of Lactarius laccarioides,MFLU:KW336,KF432991,yes,15,NR_152967 Lactarius laccarioides GENT:KW336 Thailand,https://www.ncbi.nlm.nih.gov/nuccore/NR_152967
NR_152990,Cortinarius aureomarginatus,type,high,GenBank /type_material qualifier,type material of Cortinarius aureomarginatus,E:00012760,DQ102660,yes,15,NR_152990 Cortinarius aureomarginatus E:00012760,https://www.ncbi.nlm.nih.gov/nuccore/NR_152990
NR_158475,Zhuliangomyces subillinitus,isotype,high,GenBank /type_material qualifier,isotype of Limacella subillinita,NY:0027729,KR919759,yes,15,NR_158475 Limacella subillinita NY:0027729 Chiapas MX,https://www.ncbi.nlm.nih.gov/nuccore/NR_158475
NR_160457,Psilocybe ruiliensis,type,high,GenBank /type_material qualifier,type material of Psilocybe ruiliensis,IFRD:415241,KX357880,yes,15,NR_160457 Psilocybe ruiliensis IFRD:415241 China,https://www.ncbi.nlm.nih.gov/nuccore/NR_160457
NR_161039,Russula purpureoverrucosa,holotype,high,GenBank /type_material qualifier,holotype of Russula purpureoverrucosa,GDGM:32902,MG214692,yes,15,NR_161039 Russula purpureoverrucosa GDGM:32902 China,https://www.ncbi.nlm.nih.gov/nuccore/NR_161039
NR_163762,Neoboletus multipunctatus,holotype,high,GenBank /type_material qualifier,holotype of Neoboletus multipunctatus,FHMU:1620,MH885354,yes,15,NR_163762 Neoboletus multipunctatus FHMU:1620 Hainan CN,https://www.ncbi.nlm.nih.gov/nuccore/NR_163762
NR_164435,Ganoderma meredithae,type,high,GenBank /type_material qualifier,type material of Ganoderma meredithae,CBS:271.88,MH862131,yes,15,NR_164435 Ganoderma meredithae Louisiana US,https://www.ncbi.nlm.nih.gov/nuccore/NR_164435
NR_171345,Cortinarius luteolateritius,holotype,high,GenBank /type_material qualifier,holotype of Cortinarius luteolateritius,PRM:154749,MT935203,yes,15,NR_171345 Cortinarius luteolateritius PRM:154749 Czech Republic,https://www.ncbi.nlm.nih.gov/nuccore/NR_171345
NR_172341,Cortinarius traganus,epitype,high,GenBank /type_material qualifier,epitype of Agaricus traganus,S:H. Lindstrom CFP763,MT935361,yes,15,NR_172341 Cortinarius traganus S:H. Lindstrom CFP763 Sweden,https://www.ncbi.nlm.nih.gov/nuccore/NR_172341
NR_172772,Clitopilus yunnanensis,holotype,high,GenBank /type_material qualifier,holotype of Clitopilus yunnanensis,HKAS:104518,MN061308,yes,15,NR_172772 Clitopilus yunnanensis HKAS:104518 Yunnan CN,https://www.ncbi.nlm.nih.gov/nuccore/NR_172772
NR_173279,Crepidotus dentatus,holotype,high,GenBank /type_material qualifier,holotype of Crepidotus dentatus,HMJAU:37097,MH320736,yes,15,NR_173279 Crepidotus dentatus HMJAU:37097 China,https://www.ncbi.nlm.nih.gov/nuccore/NR_173279
NR_173305,Russula shawarensis,holotype,high,GenBank /type_material qualifier,holotype of Russula shawarensis,LAH:35453,MT738294,yes,15,NR_173305 Russula shawarensis LAH:35453 Khyber Pakhtunkhwa PK,https://www.ncbi.nlm.nih.gov/nuccore/NR_173305
NR_176769,Parasola megasperma,holotype,high,GenBank /type_material qualifier,holotype of Coprinus megaspermus,E:Orton 4132,OL630101,yes,15,NR_176769 Parasola megasperma E:Orton 4132 England GB,https://www.ncbi.nlm.nih.gov/nuccore/NR_176769
NR_177627,Entoloma verae,holotype,high,GenBank /type_material qualifier,holotype of Entoloma verae,LE<RUS>:227613,OK161251,yes,15,NR_177627 Entoloma verae LE:227613 Samara RU,https://www.ncbi.nlm.nih.gov/nuccore/NR_177627
NR_182492,Inocybe velicopia,holotype,high,GenBank /type_material qualifier,holotype of Inocybe velicopia,TENN:063927,ON117000,yes,15,NR_182492 Inocybe velicopia TENN:063927 Tennessee US,https://www.ncbi.nlm.nih.gov/nuccore/NR_182492
NR_182811,Inocybe alpinomarginata,holotype,high,GenBank /type_material qualifier,holotype of Inocybe alpinomarginata,GB:0156958,MK153648,yes,15,NR_182811 Inocybe alpinomarginata GB:0156958 Sweden,https://www.ncbi.nlm.nih.gov/nuccore/NR_182811
NR_184989,Amanita griseocaerulea,holotype,high,GenBank /type_material qualifier,holotype of Amanita griseocaerulea,VER:fu17,ON818545,yes,15,NR_184989 Amanita griseocaerulea VER:fu17 Rome IT,https://www.ncbi.nlm.nih.gov/nuccore/NR_184989
NR_185638,Marasmius tangerinus,holotype,high,GenBank /type_material qualifier,holotype of Marasmius tangerinus,BKF:10249,MZ452087,yes,15,NR_185638 Marasmius tangerinus BKF:10249 Thailand,https://www.ncbi.nlm.nih.gov/nuccore/NR_185638
NR_189791,Agaricus jingningensis,holotype,high,GenBank /type_material qualifier,holotype of Agaricus jingningensis,HMAS:275787,KX684877,yes,15,NR_189791 Agaricus jingningensis HMAS:275787 China,https://www.ncbi.nlm.nih.gov/nuccore/NR_189791
NR_191346,Lactarius luculentus var. laetus,paratype,high,GenBank /type_material qualifier,paratype of Lactarius luculentus var. laetus,MICH:25878,PP375502,yes,15,NR_191346 Lactarius luculentus var. laetus MICH:25878,https://www.ncbi.nlm.nih.gov/nuccore/NR_191346
NR_198109,Amanita fulvopyramidalis,holotype,high,GenBank /type_material qualifier,holotype of Amanita fulvopyramidalis,MHHNU:8814,MT878220,yes,15,NR_198109 Amanita fulvopyramidalis MHHNU:8814,https://www.ncbi.nlm.nih.gov/nuccore/NR_198109
NR_198280,Trichoglossum beninense,holotype,high,GenBank /type_material qualifier,holotype of Trichoglossum beninense,BR<BEL>:5020149821538,OP355329,yes,15,NR_198280 Trichoglossum beninense BR:5020149821538 Benin,https://www.ncbi.nlm.nih.gov/nuccore/NR_198280
NR_199086,Panaeolus detriticola,holotype,high,GenBank /type_material qualifier,holotype of Panaeolus detriticola,PERTH:08944954,MT571659,yes,15,NR_199086 Panaeolus detriticola PERTH:08944954 Western Australia AU,https://www.ncbi.nlm.nih.gov/nuccore/NR_199086
NR_119504,Lentinellus subaustralis,holotype,high,GenBank /type_material qualifier,holotype of Lentinellus subaustralis,TENN:050931,AY513170,no,14,NR_119504 Lentinellus subaustralis TENN:050931 North Carolina US,https://www.ncbi.nlm.nih.gov/nuccore/NR_119504
NR_137861,Ramaria calvodistalis,holotype,high,GenBank /type_material qualifier,holotype of Ramaria calvodistalis,TENN:69095,KJ416132,yes,14,NR_137861 Ramaria calvodistalis TENN:69095 Arkansas US,https://www.ncbi.nlm.nih.gov/nuccore/NR_137861
NR_145009,Agaricus sinoplacomyces,holotype,high,GenBank /type_material qualifier,holotype of Agaricus sinoplacomyces,HMAS:275724,KM657883,yes,14,NR_145009 Agaricus sinoplacomyces HMAS:275724,https://www.ncbi.nlm.nih.gov/nuccore/NR_145009
NR_153055,Cortinarius badioflavidus,holotype,high,GenBank /type_material qualifier,holotype of Cortinarius badioflavidus,WTU:J.F. Ammirati 13668,KU041723,yes,14,NR_153055 Cortinarius badioflavidus WTU:J.F. Ammirati 13668 Florida US,https://www.ncbi.nlm.nih.gov/nuccore/NR_153055
NR_153148,Inocybe assimilata,epitype,high,GenBank /type_material qualifier,epitype of Inocybe assimilata,M:0020105,KM873366,yes,14,NR_153148 Inocybe assimilata M:0020105,https://www.ncbi.nlm.nih.gov/nuccore/NR_153148
NR_153165,Inocybe trachysperma,holotype,high,GenBank /type_material qualifier,holotype of Inocybe trachysperma,PERTH:07677669,KP641636,yes,14,NR_153165 Inocybe trachysperma PERTH:07677669 Western Australia AU,https://www.ncbi.nlm.nih.gov/nuccore/NR_153165
NR_154169,Mycena sinar,holotype,high,GenBank /type_material qualifier,holotype of Mycena sinar,KLU:M 1222,KF537249,yes,14,NR_154169.1 Mycena sinar KLU M 1222 ITS region; from TYPE ma,https://www.ncbi.nlm.nih.gov/nuccore/NR_154169
NR_154443,Rhodocybe asyae,holotype,high,GenBank /type_material qualifier,holotype of Rhodocybe asyae,KATO:Fungi:3640,KX834266,yes,14,NR_154443 Rhodocybe asyae KATO:Fungi:3640 Turkey,https://www.ncbi.nlm.nih.gov/nuccore/NR_154443
NR_155029,Conocybe praticola,holotype,high,GenBank /type_material qualifier,holotype of Conocybe praticola,LE<RUS>:313010,KY614060,yes,14,NR_155029 Conocybe praticola LE:313010 Russia,https://www.ncbi.nlm.nih.gov/nuccore/NR_155029
NR_157894,Cortinarius xenosma,holotype,high,GenBank /type_material qualifier,holotype of Cortinarius xenosma,PDD:73149,JX000358,yes,14,NR_157894 Cortinarius xenosma PDD:73149 New Zealand,https://www.ncbi.nlm.nih.gov/nuccore/NR_157894
NR_159583,Amanita parvicurta,holotype,high,GenBank /type_material qualifier,holotype of Amanita parvicurta,HKAS:101215,MH508490,yes,14,NR_159583 Amanita parvicurta HKAS:101215 Yunnan CN,https://www.ncbi.nlm.nih.gov/nuccore/NR_159583
NR_160461,Trichoglossum septatum,holotype,high,GenBank /type_material qualifier,holotype of Trichoglossum septatum,MFLU:17-0283,KY747526,yes,14,NR_160461 Trichoglossum septatum MFLU:17-0283,https://www.ncbi.nlm.nih.gov/nuccore/NR_160461
NR_160499,Russula pseudocompacta,holotype,high,GenBank /type_material qualifier,holotype of Russula pseudocompacta,CAL:1641,MG662160,yes,14,NR_160499 / MG662160 / NR_160499_2 Russula pseudocompacta CAL:1641 Uttarakhand IN,https://www.ncbi.nlm.nih.gov/nuccore/NR_160499
NR_166253,Lactarius cinereoroseus,holotype,high,GenBank /type_material qualifier,holotype of Lactarius cinereoroseus,SFC:20150819-46,MH984938,yes,14,NR_166253 Lactarius cinereoroseus SFC:20150819-46 South Korea,https://www.ncbi.nlm.nih.gov/nuccore/NR_166253
NR_171850,Zhuliangomyces pakistanicus,holotype,high,GenBank /type_material qualifier,holotype of Zhuliangomyces pakistanicus,LAH:35337,MN240881,yes,14,NR_171850 Zhuliangomyces pakistanicus LAH:35337,https://www.ncbi.nlm.nih.gov/nuccore/NR_171850
NR_172337,Cortinarius ionosmus,holotype,high,GenBank /type_material qualifier,holotype of Cortinarius ionosmus,IB:M. Moser 1967-0063,MT935170,yes,14,NR_172337 Cortinarius ionosmus IB:M. Moser 1967-0063 Austria,https://www.ncbi.nlm.nih.gov/nuccore/NR_172337
NR_172756,Psathyrella angusticystis,holotype,high,GenBank /type_material qualifier,holotype of Psathyrella angusticystis,MICH:11873,MF325959,yes,14,NR_172756 Psathyrella psammophila MICH:11873 United States,https://www.ncbi.nlm.nih.gov/nuccore/NR_172756
NR_172769,Clitopilus brunneiceps,holotype,high,GenBank /type_material qualifier,holotype of Clitopilus brunneiceps,HKAS:104510,MN061295,yes,14,NR_172769 Clitopilus brunneiceps HKAS:104510 Yunnan CN,https://www.ncbi.nlm.nih.gov/nuccore/NR_172769
NR_173073,Cortinarius ochroglutinosus,holotype,high,GenBank /type_material qualifier,holotype of Cortinarius ochroglutinosus,H:7000818,MZ568642,yes,14,NR_173073 Cortinarius ochroglutinosus H:7000818 Ontario CA,https://www.ncbi.nlm.nih.gov/nuccore/NR_173073
NR_173280,Crepidotus pseudomollis,holotype,high,GenBank /type_material qualifier,holotype of Crepidotus pseudomollis,HMJAU:37125,MH320738,yes,14,NR_173280 Crepidotus pseudomollis HMJAU:37125 China,https://www.ncbi.nlm.nih.gov/nuccore/NR_173280
NR_176170,Inocybe comis,holotype,high,GenBank /type_material qualifier,holotype of Inocybe comis,STU:SMNS-STU-F-0901599,OK057190,yes,14,NR_176170 Inocybe comis STU:SMNS-STU-F-0901599 Austria,https://www.ncbi.nlm.nih.gov/nuccore/NR_176170
NR_176759,Entoloma belouvense,holotype,high,GenBank /type_material qualifier,holotype of Entoloma belouvense,WU:27132,MZ611698,yes,14,NR_176759 Entoloma belouvense WU:27132 FR,https://www.ncbi.nlm.nih.gov/nuccore/NR_176759
NR_177486,Favolus rugulosus,holotype,high,GenBank /type_material qualifier,holotype of Favolus rugulosus,ICN<BRA>:197329,MN648684,yes,14,NR_177486 Favolus rugulosus ICN:197329 Paraná BR,https://www.ncbi.nlm.nih.gov/nuccore/NR_177486
NR_182485,Entoloma cistocruentatum,holotype,high,GenBank /type_material qualifier,holotype of Entoloma cistocruentatum,L:0607521,ON008482,yes,14,NR_182485 Entoloma cistocruentatum L:0607521 Barcelona ES,https://www.ncbi.nlm.nih.gov/nuccore/NR_182485
NR_182676,Entoloma heae,holotype,high,GenBank /type_material qualifier,holotype of Entoloma heae,SAAS:1091,KU312123,yes,14,NR_182676 Entoloma heae SAAS:1091 China,https://www.ncbi.nlm.nih.gov/nuccore/NR_182676
NR_182682,Crepidotus reticulatus,holotype,high,GenBank /type_material qualifier,holotype of Crepidotus reticulatus,HMJAU:37086,MF461345,yes,14,NR_182682 Crepidotus cinnamomeus HMJAU:37086 Guangdong CN,https://www.ncbi.nlm.nih.gov/nuccore/NR_182682
NR_182949,Amanita calida,holotype,high,GenBank /type_material qualifier,holotype of Amanita calida,JA:CUSSTA9324,OK316924,yes,14,NR_182949 Amanita calida JA:CUSSTA9324 Cádiz ES,https://www.ncbi.nlm.nih.gov/nuccore/NR_182949
NR_184498,Inocybe kuberae,holotype,high,GenBank /type_material qualifier,holotype of Inocybe kuberae,STU:SMNS-STU-F-0901668,ON003427,yes,14,NR_184498 Inocybe kuberae STU:SMNS-STU-F-0901668 Germany,https://www.ncbi.nlm.nih.gov/nuccore/NR_184498
NR_184515,Inocybe cygnea,holotype,high,GenBank /type_material qualifier,holotype of Inocybe cygnea,STU:SMNS-STU-F-0901671,ON003447,yes,14,NR_184515 Inocybe cygnea STU:SMNS-STU-F-0901671 Austria,https://www.ncbi.nlm.nih.gov/nuccore/NR_184515
NR_189789,Agaricus neimengguensis,holotype,high,GenBank /type_material qualifier,holotype of Agaricus neimengguensis,HMAS:254648,KX684870,yes,14,NR_189789 Agaricus neimengguensis HMAS:254648 China,https://www.ncbi.nlm.nih.gov/nuccore/NR_189789
NR_198089,Pluteus hubregtseorum,holotype,high,GenBank /type_material qualifier,holotype of Pluteus hubregtseorum,HO:585031,MN918531,yes,14,NR_198089 Pluteus hubregtseorum HO:585031 Tasmania AU,https://www.ncbi.nlm.nih.gov/nuccore/NR_198089
NR_198107,Macropsalliota tropica,holotype,high,GenBank /type_material qualifier,holotype of Leucoagaricus tropicus,CUH:AM699,MT669365,yes,14,NR_198107 Macropsalliota tropica CUH:AM699 West Bengal IN,https://www.ncbi.nlm.nih.gov/nuccore/NR_198107
NR_198325,Collybia piceata,holotype,high,GenBank /type_material qualifier,holotype of Collybia piceata,HKAS:123117,OP626965,yes,14,NR_198325 Collybia piceata HKAS:123117 Shanxi CN,https://www.ncbi.nlm.nih.gov/nuccore/NR_198325
NR_198348,Psilocybe maluti,holotype,high,GenBank /type_material qualifier,holotype of Psilocybe maluti,PREM:63386,OP852699,yes,14,NR_198348 Psilocybe maluti PREM:63386,https://www.ncbi.nlm.nih.gov/nuccore/NR_198348
NR_198476,Russula shigatseensis,holotype,high,GenBank /type_material qualifier,holotype of Russula shigatseensis,HMAS:287389,OQ871501,yes,14,NR_198476 Russula shigatseensis HMAS:287389 Tibet Autonomous Region CN,https://www.ncbi.nlm.nih.gov/nuccore/NR_198476
LN850491,Entoloma kallioi,holotype,high,GenBank /type_material qualifier,holotype of Entoloma kallioi,holotype 673 L54012,,,13,LN850491 Entoloma kallioi holotype 673 L54012 Finland,https://www.ncbi.nlm.nih.gov/nuccore/LN850491
NR_111031,Sepedonium ampullosporum,type,high,GenBank /type_material qualifier,type material of Sepedonium ampullosporum,CBS:392.52,AF054854,no,13,NR_111031 Sepedonium ampullosporum,https://www.ncbi.nlm.nih.gov/nuccore/NR_111031
NR_120052,Entoloma subaraneosum,holotype,high,GenBank /type_material qualifier,holotype of Entoloma subaraneosum,GDGM:28823,JQ320113,yes,13,NR_120052 Entoloma subaraneosum GDGM:28823 China,https://www.ncbi.nlm.nih.gov/nuccore/NR_120052
NR_130188,Calonarius alnobetulae,syntype,high,GenBank /type_material qualifier,syntype of Cortinarius alnobetulae,personal:R. Kuhner:Sa-53-6,KF732246,yes,13,NR_130188 Cortinarius alnobetulae personal:R. Kuhner:Sa-53-6 France,https://www.ncbi.nlm.nih.gov/nuccore/NR_130188
NR_130197,Phlegmacium brunneolividum,holotype,high,GenBank /type_material qualifier,holotype of Cortinarius brunneolividus,G:00126705,KF732268,yes,13,NR_130197 Cortinarius brunneolividus G:00126705 France,https://www.ncbi.nlm.nih.gov/nuccore/NR_130197
NR_137862,Ramaria admiratia,holotype,high,GenBank /type_material qualifier,holotype of Ramaria admiratia,TENN:69114,KJ416133,yes,13,NR_137862 Ramaria admiratia TENN:69114 Arkansas US,https://www.ncbi.nlm.nih.gov/nuccore/NR_137862
NR_138005,Entoloma calabrum,holotype,high,GenBank /type_material qualifier,holotype of Entoloma calabrum,MCVE:28566,KT271741,yes,13,NR_138005 Entoloma calabrum MCVE:28566 Italy,https://www.ncbi.nlm.nih.gov/nuccore/NR_138005
NR_148071,Coprinopsis udicola,holotype,high,GenBank /type_material qualifier,holotype of Coprinopsis udicola,GB:A. Melzer 1240,KC992967,yes,13,NR_148071 Coprinopsis udicola GB:A. Melzer 1240,https://www.ncbi.nlm.nih.gov/nuccore/NR_148071
NR_148189,Dacrymyces cylindricus,holotype,high,GenBank /type_material qualifier,holotype of Dacrymyces cylindricus,PDD:105052,LC131419,no,13,NR_148189 Dacrymyces cylindricus PDD:105052 New Zealand,https://www.ncbi.nlm.nih.gov/nuccore/NR_148189
NR_153004,Phlegmacium balteatum var. praestantoides,holotype,high,GenBank /type_material qualifier,holotype of Cortinarius balteatus var. praestantoides,G:286390/1,KF732263,yes,13,NR_153004 Cortinarius balteatus var. praestantoides G:286390/1 France,https://www.ncbi.nlm.nih.gov/nuccore/NR_153004
NR_153054,Cortinarius albosericeus,holotype,high,GenBank /type_material qualifier,holotype of Cortinarius albosericeus,WTU:M.Beug 01MWB112013,KU041721,yes,13,NR_153054 Cortinarius albosericeus WTU:M.Beug 01MWB112013 Florida US,https://www.ncbi.nlm.nih.gov/nuccore/NR_153054
NR_153163,Inocybe sylvicola,isotype,high,GenBank /type_material qualifier,isotype of Inocybe sylvicola,TENN:065735,KP641630,yes,13,NR_153163 Inocybe sylvicola TENN:065735 Tasmania AU,https://www.ncbi.nlm.nih.gov/nuccore/NR_153163
NR_157926,Phlegmacium brunneoviolaceum,holotype,high,GenBank /type_material qualifier,holotype of Cortinarius brunneoviolaceus,G:286392_1,KF732269,yes,13,NR_157926 Cortinarius brunneoviolaceus G:286392_1 France,https://www.ncbi.nlm.nih.gov/nuccore/NR_157926
NR_157936,Phlegmacium flavescentipes,holotype,high,GenBank /type_material qualifier,holotype of Cortinarius flavescentipes,G:288048_1,KF732304,yes,13,NR_157936 Phlegmacium balteatocumatile G:288048_1 France,https://www.ncbi.nlm.nih.gov/nuccore/NR_157936
NR_159579,Amanita griseoumbonata,holotype,high,GenBank /type_material qualifier,holotype of Amanita griseoumbonata,HKAS:92103,MH508389,yes,13,NR_159579 Amanita griseoumbonata HKAS:92103 Heilongjiang CN,https://www.ncbi.nlm.nih.gov/nuccore/NR_159579
NR_159582,Amanita minutisquama,holotype,high,GenBank /type_material qualifier,holotype of Amanita minutisquama,HKAS:100504,MH508435,yes,13,NR_159582 Amanita minutisquama HKAS:100504 Hainan CN,https://www.ncbi.nlm.nih.gov/nuccore/NR_159582
NR_159586,Amanita pinophila,holotype,high,GenBank /type_material qualifier,holotype of Amanita pinophila,HKAS:70167,MH508504,yes,13,NR_159586 Amanita pinophila HKAS:70167 Yunnan CN,https://www.ncbi.nlm.nih.gov/nuccore/NR_159586
NR_159831,Gerronema kuruvense,holotype,high,GenBank /type_material qualifier,holotype of Gerronema kuruvense,CAL:1665,MH156554,yes,13,NR_159831 Gerronema kuruvense CAL:1665 India,https://www.ncbi.nlm.nih.gov/nuccore/NR_159831
NR_160490,Russula darjeelingensis,holotype,high,GenBank /type_material qualifier,holotype of Russula darjeelingensis,CAL:1609,MG321326,yes,13,NR_160490 Russula darjeelingensis CAL:1609 India,https://www.ncbi.nlm.nih.gov/nuccore/NR_160490
NR_161021,Psathyrella albanyensis,holotype,high,GenBank /type_material qualifier,holotype of Psathyrella albanyensis,MICH:11862,MF325952,yes,13,NR_161021 Psathyrella albanyensis MICH:11862 United States,https://www.ncbi.nlm.nih.gov/nuccore/NR_161021
NR_166275,Hygrocybe rodomaculata,holotype,high,GenBank /type_material qualifier,holotype of Hygrocybe rodomaculata,QCAM:5904,MK684225,yes,13,NR_166275 Hygrocybe rodomaculata QCAM:5904 Ecuador,https://www.ncbi.nlm.nih.gov/nuccore/NR_166275
NR_171136,Cortinarius nigromaculatus,holotype,high,GenBank /type_material qualifier,holotype of Cortinarius nigromaculatus,PC:98.06.05.10,MT935251,yes,13,NR_171136 Cortinarius nigromaculatus PC:98.06.05.10 France,https://www.ncbi.nlm.nih.gov/nuccore/NR_171136
NR_171152,Cortinarius subaurantiomarginatus,holotype,high,GenBank /type_material qualifier,holotype of Cortinarius subaurantiomarginatus,PC:5249,MT935463,yes,13,NR_171152 Cortinarius subaurantiomarginatus PC:5249 France,https://www.ncbi.nlm.nih.gov/nuccore/NR_171152
NR_171302,Hypomyces gamsii,ex-holotype,high,GenBank /type_material qualifier,culture from holotype of Hypomyces gamsii,CPC:36232,MT223800,yes,13,NR_171302 Hypomyces gamsii Ukraine,https://www.ncbi.nlm.nih.gov/nuccore/NR_171302
NR_171322,Cortinarius desertorum,holotype,high,GenBank /type_material qualifier,holotype of Telamonia desertorum,PRM:154750,MT935008,yes,13,NR_171322 Cortinarius impolitus PRM:154750,https://www.ncbi.nlm.nih.gov/nuccore/NR_171322
NR_172148,Nolanea tricholomatoidea,holotype,high,GenBank /type_material qualifier,holotype of Nolanea tricholomatoidea,SP:Karstedt FK1049,KF679352,yes,13,NR_172148 Nolanea tricholomatoidea SP:Karstedt FK1049 São Paulo BR,https://www.ncbi.nlm.nih.gov/nuccore/NR_172148
NR_174061,Typhrasa rugocephala,holotype,high,GenBank /type_material qualifier,holotype of Typhrasa rugocephala,JXAU:HFJAU1467,MW466541,yes,13,NR_174061 Typhrasa rugocephala JXAU:HFJAU1467 China,https://www.ncbi.nlm.nih.gov/nuccore/NR_174061
NR_174904,Clavaria sinensis,holotype,high,GenBank /type_material qualifier,holotype of Clavaria sinensis,MHHNU:8198,MT028140,yes,13,NR_174904 Clavaria sinensis MHHNU:8198,https://www.ncbi.nlm.nih.gov/nuccore/NR_174904
NR_175687,Hypocopra zeae,holotype,high,GenBank /type_material qualifier,holotype of Hypocopra zeae,MFLU:18-0809,MW240671,yes,13,NR_175687 Hypocopra zeae MFLU:18-0809 Thailand,https://www.ncbi.nlm.nih.gov/nuccore/NR_175687
NR_176156,Entoloma tigrinum,holotype,high,GenBank /type_material qualifier,holotype of Entoloma tigrinum,O:F-304580,MZ145176,yes,13,NR_176156 Entoloma tigrinum O:F-304580 Norway,https://www.ncbi.nlm.nih.gov/nuccore/NR_176156
NR_177549,Russula nigrifacta,holotype,high,GenBank /type_material qualifier,holotype of Russula nigrifacta,GENT:RDL16-044,MW172308,yes,13,NR_177549 Russula nigrifacta GENT:RDL16-044 Livorno IT,https://www.ncbi.nlm.nih.gov/nuccore/NR_177549
NR_177585,Russula pseudochamaeleontina,holotype,high,GenBank /type_material qualifier,holotype of Russula pseudochamaeleontina,GENT:JMT-17082506,MZ567218,yes,13,NR_177585 Russula pseudochamaeleontina GENT:JMT-17082506 Hauts-de-Seine FR,https://www.ncbi.nlm.nih.gov/nuccore/NR_177585
NR_182966,Mycena caeruleomarginata,holotype,high,GenBank /type_material qualifier,holotype of Mycena caeruleomarginata,FFAAS:0357,OL711669,yes,13,NR_182966 Mycena caeruleomarginata FFAAS:0357 China,https://www.ncbi.nlm.nih.gov/nuccore/NR_182966
NR_189782,Agaricus elongatestipes,holotype,high,GenBank /type_material qualifier,holotype of Agaricus elongatestipes,HMAS:275773,KX657002,yes,13,NR_189782 Agaricus elongatestipes HMAS:275773 China,https://www.ncbi.nlm.nih.gov/nuccore/NR_189782
NR_189790,Agaricus pseudopallens,holotype,high,GenBank /type_material qualifier,holotype of Agaricus pseudopallens,HMAS:275786,KX684874,yes,13,NR_189790 Agaricus pseudopallens HMAS:275786 China,https://www.ncbi.nlm.nih.gov/nuccore/NR_189790
NR_190944,Cortinarius subiodes,holotype,high,GenBank /type_material qualifier,holotype of Cortinarius subiodes,K:M 001434108,ON843412,yes,13,NR_190944 Cortinarius subiodes K M 001434108 from TYPE material K:M 001434108,https://www.ncbi.nlm.nih.gov/nuccore/NR_190944
NR_191052,Hohenbuehelia tremula,epitype,high,GenBank /type_material qualifier,epitype of Agaricus tremulus,M:0223665,KU355358,yes,13,NR_191052 Hohenbuehelia tremula M 0223665 from TYPE material M:0223665,https://www.ncbi.nlm.nih.gov/nuccore/NR_191052
NR_198323,Collybia pannosa,holotype,high,GenBank /type_material qualifier,holotype of Collybia pannosa,HKAS:115428,OP626955,yes,13,NR_198323 Collybia pannosa HKAS:115428 Tibet Autonomous Region CN,https://www.ncbi.nlm.nih.gov/nuccore/NR_198323
NR_198683,Pholiotina bifurcaticystidia,holotype,high,GenBank /type_material qualifier,holotype of Pholiotina bifurcaticystidia,HMJAU:65030,OR995683,yes,13,NR_198683 Pholiotina bifurcaticystidia HMJAU:65030,https://www.ncbi.nlm.nih.gov/nuccore/NR_198683
NR_200909,Clavulinopsis manus-buddhae,holotype,high,GenBank /type_material qualifier,holotype of Clavulinopsis manus-buddhae,TENN:F-067599,PQ453611,yes,13,NR_200909 Clavulinopsis manus-buddhae TENN:F-067599 Tennessee US,https://www.ncbi.nlm.nih.gov/nuccore/NR_200909
NR_119503,Lentinellus occidentalis,holotype,high,GenBank /type_material qualifier,holotype of Lentinellus occidentalis,TENN:052535,AY513145,no,12,NR_119503 Lentinellus occidentalis TENN:052535 Maine US,https://www.ncbi.nlm.nih.gov/nuccore/NR_119503
NR_119774,Cortinarius cramesinus,holotype,high,GenBank /type_material qualifier,holotype of Dermocybe cramesina,PDD:27173,GU233320,yes,12,NR_119774 Cortinarius cramesinus PDD:27173 New Zealand,https://www.ncbi.nlm.nih.gov/nuccore/NR_119774
NR_131862,Cortinarius olivaceoluteus,holotype,high,GenBank /type_material qualifier,holotype of Cortinarius olivaceoluteus,WTU:J. F. Ammirati 8443,KP087986,yes,12,NR_131862 Cortinarius olivaceoluteus WTU:J. F. Ammirati 8443 Florida US,https://www.ncbi.nlm.nih.gov/nuccore/NR_131862
NR_137116,Amanita wadjukiorum,holotype,high,GenBank /type_material qualifier,holotype of Amanita wadjukiorum,PERTH:08403988,KF258721,yes,12,NR_137116 Amanita wadjukiorum PERTH:08403988,https://www.ncbi.nlm.nih.gov/nuccore/NR_137116
NR_137857,Rickenella indica,holotype,high,GenBank /type_material qualifier,holotype of Rickenella indica,K:190585,KJ187769,yes,12,NR_137857 Rickenella indica K:190585 India,https://www.ncbi.nlm.nih.gov/nuccore/NR_137857
NR_153245,Suillus indicus,holotype,high,GenBank /type_material qualifier,holotype of Suillus indicus,PUN:6576,KJ675502,yes,12,NR_153245 Suillus indicus PUN:6576,https://www.ncbi.nlm.nih.gov/nuccore/NR_153245
NR_153265,Suillus phylopictus,holotype,high,GenBank /type_material qualifier,holotype of Suillus phylopictus,HKAS:90664,KU721538,yes,12,NR_153265 Suillus phylopictus HKAS:90664 Guangdong CN,https://www.ncbi.nlm.nih.gov/nuccore/NR_153265
NR_154171,Mycena sinar var. tangkaisinar,holotype,high,GenBank /type_material qualifier,holotype of Mycena sinar var. tangkaisinar,KLU:M 1225,KF537251,yes,12,NR_154171.1 Mycena sinar var. tangkaisinar KLU M 1225 ITS re,https://www.ncbi.nlm.nih.gov/nuccore/NR_154171
NR_156343,Lactarius albidocinereus,holotype,high,GenBank /type_material qualifier,holotype of Lactarius albidocinereus,HMJAU:42461,MF152854,yes,12,NR_156343 Lactarius albidocinereus HMJAU:42461 Jilin CN,https://www.ncbi.nlm.nih.gov/nuccore/NR_156343
NR_160137,Psathyrella coprophila,type,high,GenBank /type_material qualifier,type material of Psathyrella coprophila,CBS:177.72,MH860433,yes,12,NR_160137 Psathyrella coprophila United Kingdom,https://www.ncbi.nlm.nih.gov/nuccore/NR_160137
NR_160455,Laccaria moshuijun,holotype,high,GenBank /type_material qualifier,holotype of Laccaria moshuijun,HKAS:93732,KU962989,yes,12,NR_160455 Laccaria moshuijun HKAS:93732 China,https://www.ncbi.nlm.nih.gov/nuccore/NR_160455
NR_169690,Adustochaete interrupta,holotype,high,GenBank /type_material qualifier,holotype of Adustochaete interrupta,O:Ryvarden 23435,MK391518,yes,12,NR_169690 Fungi O:Ryvarden 23435 Veracruz MX,https://www.ncbi.nlm.nih.gov/nuccore/NR_169690
NR_170841,Cortinarius boreasensis,holotype,high,GenBank /type_material qualifier,holotype of Cortinarius boreasensis,MICH:AHS970,MT934922,yes,12,NR_170841 Cortinarius boreasensis MICH:AHS970 New York US,https://www.ncbi.nlm.nih.gov/nuccore/NR_170841
NR_170854,Cortinarius subobtusus,holotype,high,GenBank /type_material qualifier,holotype of Cortinarius subobtusus,MICH:10417,MT935505,yes,12,NR_170854 Cortinarius subobtusus MICH:10417 Michigan US,https://www.ncbi.nlm.nih.gov/nuccore/NR_170854
NR_171127,Cortinarius geophilus var. subauroreus,holotype,high,GenBank /type_material qualifier,holotype of Cortinarius geophilus var. subauroreus,PC:4532,MT935091,yes,12,NR_171127 Cortinarius geophilus var. subauroreus PC:4532 France,https://www.ncbi.nlm.nih.gov/nuccore/NR_171127
NR_171134,Cortinarius megacystidiosus,holotype,high,GenBank /type_material qualifier,holotype of Cortinarius megacystidiosus,PC:2009-81,MT935217,yes,12,NR_171134 Cortinarius megacystidiosus PC:2009-81 France,https://www.ncbi.nlm.nih.gov/nuccore/NR_171134
NR_171149,Cortinarius russulaespermus,holotype,high,GenBank /type_material qualifier,holotype of Cortinarius russulaespermus,PC:2003-46,MT935404,yes,12,NR_171149 Cortinarius russulaespermus PC:2003-46 France,https://www.ncbi.nlm.nih.gov/nuccore/NR_171149
NR_171157,Cortinarius subodoratus,holotype,high,GenBank /type_material qualifier,holotype of Cortinarius subodoratus,PC:5162,MT935507,yes,12,NR_171157 Cortinarius subodoratus PC:5162 France,https://www.ncbi.nlm.nih.gov/nuccore/NR_171157
NR_171217,Gloioxanthomyces vitellinus,epitype,high,GenBank /type_material qualifier,epitype of Hygrophorus vitellinus,LD:1617064,KF477303,yes,12,NR_171217 Gloioxanthomyces vitellinus LD:1617064 Eastern Cape ZA,https://www.ncbi.nlm.nih.gov/nuccore/NR_171217
NR_171246,Echinoderma flavidoasperum,holotype,high,GenBank /type_material qualifier,holotype of Echinoderma flavidoasperum,HKAS:87905,MN810147,yes,12,NR_171246.1 Echinoderma flavidoasperum specimen_voucher HKAS 87905 China Yunnan Lijiang Lijiang alpine botanic garden holotype Echinoderma flavidoasperum,https://www.ncbi.nlm.nih.gov/nuccore/NR_171246
NR_171339,Cortinarius hinnuloides var. phaeopus,holotype,high,GenBank /type_material qualifier,holotype of Cortinarius hinnuloides var. phaeopus,G:4285,MT935139,yes,12,NR_171339 Cortinarius hinnuloides var. phaeopus G:4285 France,https://www.ncbi.nlm.nih.gov/nuccore/NR_171339
NR_171356,Cortinarius roseomyceliosus,holotype,high,GenBank /type_material qualifier,holotype of Cortinarius roseomyceliosus,PC:A. Bidaud 01-10-144,MT935387,yes,12,NR_171356 Cortinarius roseomyceliosus PC:A. Bidaud 01-10-144 France,https://www.ncbi.nlm.nih.gov/nuccore/NR_171356
NR_171364,Cortinarius suberythrinus,holotype,high,GenBank /type_material qualifier,holotype of Cortinarius suberythrinus,G:56,MT935483,yes,12,NR_171364 Cortinarius suberythrinus G:56 France,https://www.ncbi.nlm.nih.gov/nuccore/NR_171364
NR_171371,Cortinarius tigrinipes,holotype,high,GenBank /type_material qualifier,holotype of Cortinarius tigrinipes,G:874,MT935549,yes,12,NR_171371 Cortinarius tigrinipes G:874 France,https://www.ncbi.nlm.nih.gov/nuccore/NR_171371
NR_171788,Perenniporia subtephropora,type,high,GenBank /type_material qualifier,type material of Perenniporia subtephropora,BJFC:Dai 10962,JQ861752,yes,12,NR_171788 Perenniporia subtephropora BJFC:Dai 10962 China,https://www.ncbi.nlm.nih.gov/nuccore/NR_171788
NR_172295,Cortinarius subscotoides,holotype,high,GenBank /type_material qualifier,holotype of Cortinarius subscotoides,H:T. Niskanen 12-010,MK211175,yes,12,NR_172295 Cortinarius subscotoides H:T. Niskanen 12-010 Finland Proper FI,https://www.ncbi.nlm.nih.gov/nuccore/NR_172295
NR_172330,Cortinarius erythrinus var. russulisporus,holotype,high,GenBank /type_material qualifier,holotype of Cortinarius erythrinus var. russulisporus,BP:58132,MT935033,yes,12,NR_172330 Cortinarius erythrinus var. russulisporus BP:58132 Hungary,https://www.ncbi.nlm.nih.gov/nuccore/NR_172330
NR_172768,Clitopilus amygdaliformis,epitype,high,GenBank /type_material qualifier,epitype of Clitopilus amygdaliformis,HKAS:81125,MN061291,yes,12,NR_172768 Clitopilus amygdaliformis HKAS:81125 Yunnan CN,https://www.ncbi.nlm.nih.gov/nuccore/NR_172768
NR_172778,Russula purpureogracilis,holotype,high,GenBank /type_material qualifier,holotype of Russula purpureogracilis,GENT:FH12-055,MN130099,no,12,NR_172778 Fungi,https://www.ncbi.nlm.nih.gov/nuccore/NR_172778
NR_173221,Psathyrella undulatipes,holotype,high,GenBank /type_material qualifier,holotype of Psathyrella undulatipes,MICH:12103,MW412413,yes,12,NR_173221 Psathyrella undulatipes MICH:12103 Oregon US,https://www.ncbi.nlm.nih.gov/nuccore/NR_173221
NR_173866,Gymnopilus voitkii,holotype,high,GenBank /type_material qualifier,holotype of Gymnopilus voitkii,NBM:F-00943,MN206867,yes,12,NR_173866 Gymnopilus voitkii NBM:F-00943 Canada,https://www.ncbi.nlm.nih.gov/nuccore/NR_173866
NR_174647,Entoloma septentrionale,holotype,high,GenBank /type_material qualifier,holotype of Entoloma septentrionale,O:F-254295,MW340904,yes,12,NR_174647 Entoloma septentrionale O:F-254295 Nordland NO,https://www.ncbi.nlm.nih.gov/nuccore/NR_174647
NR_175140,Boletus neotropicus,holotype,high,GenBank /type_material qualifier,holotype of Boletus neotropicus,CFMR:BZ-3521 TJB-9821,MN250198,yes,12,NR_175140 Boletus neotropicus CFMR:BZ-3521 TJB-9821 Belize,https://www.ncbi.nlm.nih.gov/nuccore/NR_175140
NR_175197,Psathyrella borealis,holotype,high,GenBank /type_material qualifier,holotype of Psathyrella borealis,MICH:Smith 43743,MZ895470,yes,12,NR_175197 Psathyrella borealis MICH:Smith 43743 Michigan US,https://www.ncbi.nlm.nih.gov/nuccore/NR_175197
NR_176158,Cortinarius acutus,neotype,high,GenBank /type_material qualifier,neotype of Agaricus acutus,H:6031510,MZ568650,yes,12,NR_176158 Cortinarius acutus H:6031510 Uusimaa FI,https://www.ncbi.nlm.nih.gov/nuccore/NR_176158
NR_176762,Hebeloma citrisporum,holotype,high,GenBank /type_material qualifier,holotype of Hebeloma citrisporum,BR<BEL>:BR5020214140236V,MZ782110,yes,12,NR_176762 Hebeloma citrisporum BR:BR5020214140236V Japan,https://www.ncbi.nlm.nih.gov/nuccore/NR_176762
NR_177461,Lactifluus volemus,epitype,high,GenBank /type_material qualifier,epitype of Agaricus volemus,GENT:J. Kleine 03082011,JQ753951,yes,12,NR_177461 Lactifluus volemus GENT:J. Kleine 03082011,https://www.ncbi.nlm.nih.gov/nuccore/NR_177461
NR_182486,Entoloma dislocatum,holotype,high,GenBank /type_material qualifier,holotype of Entoloma dislocatum,L:0607565,ON008483,yes,12,NR_182486 Entoloma dislocatum L:0607565 Barcelona ES,https://www.ncbi.nlm.nih.gov/nuccore/NR_182486
NR_184506,Inocybe syringae,holotype,high,GenBank /type_material qualifier,holotype of Inocybe syringae,STU:SMNS-STU-F-0901676,ON003435,no,12,NR_184506 Inocybe syringae STU:SMNS-STU-F-0901676 Germany,https://www.ncbi.nlm.nih.gov/nuccore/NR_184506
NR_185593,Hydnellum roseoviolaceum,holotype,high,GenBank /type_material qualifier,holotype of Hydnellum roseoviolaceum,GB:0195936,MW144374,yes,12,NR_185593 Hydnellum roseoviolaceum GB:0195936 Sweden,https://www.ncbi.nlm.nih.gov/nuccore/NR_185593
NR_185740,Cyathus wenshanensis,holotype,high,GenBank /type_material qualifier,holotype of Cyathus wenshanensis,SWFC:CLZhao 20202,ON795104,yes,12,NR_185740 Cyathus wenshanensis SWFC:CLZhao 20202 China,https://www.ncbi.nlm.nih.gov/nuccore/NR_185740
NR_119502,Lentinellus cystidiosus,holotype,high,GenBank /type_material qualifier,holotype of Lentinellus cystidiosus,TENN:059147,AY513144,no,11,NR_119502 Lentinellus cystidiosus TENN:059147 New Mexico US,https://www.ncbi.nlm.nih.gov/nuccore/NR_119502
NR_119718,Inocybe olympiana,isotype,high,GenBank /type_material qualifier,isotype of Inocybe olympiana,TENN:022957,FJ436328,no,11,NR_119718 Inocybe olympiana TENN:022957 Washington US,https://www.ncbi.nlm.nih.gov/nuccore/NR_119718
NR_119951,Agaricus megalosporus,holotype,high,GenBank /type_material qualifier,holotype of Agaricus megalosporus,MFLU:100774,JF514521,no,11,NR_119951 Agaricus megalosporus MFLU:100774,https://www.ncbi.nlm.nih.gov/nuccore/NR_119951
NR_121458,Xeromphalina setulipes,holotype,high,GenBank /type_material qualifier,holotype of Xeromphalina setulipes,AH:36724,GQ890701,yes,11,NR_121458 Xeromphalina setulipes AH:36724,https://www.ncbi.nlm.nih.gov/nuccore/NR_121458
NR_130257,Phlegmacium rosargutum,holotype,high,GenBank /type_material qualifier,holotype of Cortinarius rosargutus,PC:R. Henry 70477,KF732411,yes,11,NR_130257 Cortinarius rosargutus PC:R. Henry 70477 France,https://www.ncbi.nlm.nih.gov/nuccore/NR_130257
NR_148107,Psathyrella oboensis,holotype,high,GenBank /type_material qualifier,holotype of Psathyrella oboensis,SFSU:DED 8234,KX017211,yes,11,NR_148107 Psathyrella oboensis SFSU:DED 8234,https://www.ncbi.nlm.nih.gov/nuccore/NR_148107
NR_152340,Inocybe persicinipes,holotype,high,GenBank /type_material qualifier,holotype of Inocybe persicinipes,PERTH:07676727,KF977215,yes,11,NR_152340 Inocybe persicinipes PERTH:07676727 Western Australia AU,https://www.ncbi.nlm.nih.gov/nuccore/NR_152340
NR_153058,Cortinarius fragrantissimus,holotype,high,GenBank /type_material qualifier,holotype of Cortinarius fragrantissimus,WTU:M.Beug 10MWB111913,KU041739,yes,11,NR_153058 Cortinarius fragrantissimus WTU:M.Beug 10MWB111913 Florida,https://www.ncbi.nlm.nih.gov/nuccore/NR_153058
NR_153060,Cortinarius vinaceobrunneus,holotype,high,GenBank /type_material qualifier,holotype of Cortinarius vinaceobrunneus,WTU:J.F. Ammirati 13301,KU041742,yes,11,NR_153060 Cortinarius vinaceobrunneus WTU:J.F. Ammirati 13301 Florida US,https://www.ncbi.nlm.nih.gov/nuccore/NR_153060
NR_153232,Russula subrubescens,isotype,high,GenBank /type_material qualifier,isotype of Russula subrubescens,TENN:F18339,KF810136,yes,11,NR_153232 Russula subrubescens TENN:F18339 Florida US,https://www.ncbi.nlm.nih.gov/nuccore/NR_153232
NR_153242,Pluteus sepiicolor,holotype,high,GenBank /type_material qualifier,holotype of Pluteus sepiicolor,LE<RUS>:289365,KJ009765,yes,11,NR_153242 Pluteus sepiicolor LE:289365 Arkhangelsk RU,https://www.ncbi.nlm.nih.gov/nuccore/NR_153242
NR_153895,Cyclocybe erebioides,holotype,high,GenBank /type_material qualifier,holotype of Cyclocybe erebioides,MCVE:27720,KM260148,yes,11,NR_153895 Cyclocybe erebioides MCVE:27720 Italy,https://www.ncbi.nlm.nih.gov/nuccore/NR_153895
NR_154436,Rhodocybe tugrulii,holotype,high,GenBank /type_material qualifier,holotype of Rhodocybe tugrulii,KATO:Fungi:3340,KX271751,yes,11,NR_154436 Rhodocybe tugrulii KATO:Fungi:3340 Turkey,https://www.ncbi.nlm.nih.gov/nuccore/NR_154436
NR_154642,Gyroporus pseudolacteus,holotype,high,GenBank /type_material qualifier,holotype of Gyroporus pseudolacteus,AH:39364,KX869866,yes,11,NR_154642 Gyroporus pseudolacteus AH:39364 Segovia ES,https://www.ncbi.nlm.nih.gov/nuccore/NR_154642
NR_155030,Conocybe coniferarum,holotype,high,GenBank /type_material qualifier,holotype of Conocybe coniferarum,LE<RUS>:313009,KY614061,yes,11,NR_155030 Conocybe coniferarum LE:313009 Russia,https://www.ncbi.nlm.nih.gov/nuccore/NR_155030
NR_156600,Sarcoscypha minuta,holotype,high,GenBank /type_material qualifier,holotype of Sarcoscypha minuta,TNM:F28831,KT716834,yes,11,NR_156600 Sarcoscypha minuta TNM:F28831 Taiwan,https://www.ncbi.nlm.nih.gov/nuccore/NR_156600
NR_157870,Cortinarius viscoviridis,holotype,high,GenBank /type_material qualifier,holotype of Cortinarius viscoviridis,PDD:27257,JQ282167,yes,11,NR_157870 Cortinarius viscoviridis PDD:27257 New Zealand,https://www.ncbi.nlm.nih.gov/nuccore/NR_157870
NR_157959,Phlegmacium subamaricatum,holotype,high,GenBank /type_material qualifier,holotype of Cortinarius subamaricatus,PC:A. Bidaud 94-10-313,KF732434,yes,11,NR_157959 Cortinarius subamaricatus PC:A. Bidaud 94-10-313 France,https://www.ncbi.nlm.nih.gov/nuccore/NR_157959
NR_157966,Calonarius subpurpureophyllus,holotype,high,GenBank /type_material qualifier,holotype of Cortinarius subpurpureophyllus,MICH:10421,KF732450,yes,11,NR_157966 Cortinarius subpurpureophyllus MICH:10421 United States,https://www.ncbi.nlm.nih.gov/nuccore/NR_157966
NR_158328,Clitopilus fusiformis,holotype,high,GenBank /type_material qualifier,holotype of Clitopilus fusiformis,SAAS:1892,KU751777,yes,11,NR_158328 Clitopilus fusiformis SAAS:1892 Yunnan CN,https://www.ncbi.nlm.nih.gov/nuccore/NR_158328
NR_158793,Parasola ochracea,holotype,high,GenBank /type_material qualifier,holotype of Parasola ochracea,BP:NL-3621,JN943134,yes,11,NR_158793 Parasola ochracea BP:NL-3621 Norway,https://www.ncbi.nlm.nih.gov/nuccore/NR_158793
NR_161023,Psathyrella ephemera,holotype,high,GenBank /type_material qualifier,holotype of Psathyrella ephemera,MICH:11921,MF325965,yes,11,NR_161023 Psathyrella ephemera MICH:11921 United States,https://www.ncbi.nlm.nih.gov/nuccore/NR_161023
NR_161025,Psathyrella fragrans,holotype,high,GenBank /type_material qualifier,holotype of Psathyrella fragrans,MICH:5347,MF325970,yes,11,NR_161025 Psathyrella fragrans MICH:5347 United States,https://www.ncbi.nlm.nih.gov/nuccore/NR_161025
NR_161028,Psathyrella owyheensis,holotype,high,GenBank /type_material qualifier,holotype of Psathyrella owyheensis,MICH:5357,MF325990,yes,11,NR_161028 Psathyrella owyheensis MICH:5357 United States,https://www.ncbi.nlm.nih.gov/nuccore/NR_161028
NR_161032,Psathyrella velatipes,holotype,high,GenBank /type_material qualifier,holotype of Psathyrella velatipes,MICH:12106,MF326004,yes,11,NR_161032 Psathyrella ammophila MICH:12106 United States,https://www.ncbi.nlm.nih.gov/nuccore/NR_161032
NR_161033,Psathyrella vesiculocystis,holotype,high,GenBank /type_material qualifier,holotype of Psathyrella vesiculocystis,MICH:5380,MF326007,yes,11,NR_161033 Psathyrella abieticola MICH:5380 United States,https://www.ncbi.nlm.nih.gov/nuccore/NR_161033
NR_164557,Cyathus albinus,holotype,high,GenBank /type_material qualifier,holotype of Cyathus albinus,UFRN:Fungos:2239,KY176371,yes,11,NR_164557 Cyathus albinus UFRN:Fungos:2239 Brazil,https://www.ncbi.nlm.nih.gov/nuccore/NR_164557
NR_164586,Coprinus trigonosporus,holotype,high,GenBank /type_material qualifier,holotype of Coprinus trigonosporus,CNF:1/6594,MH422561,yes,11,NR_164586 Coprinus trigonosporus CNF:1/6594 Jizan SA,https://www.ncbi.nlm.nih.gov/nuccore/NR_164586
NR_167952,Psathyrella carminei,type,high,GenBank /type_material qualifier,type material of Psathyrella carminei,GB:LO5-09,KC992880,yes,11,NR_167952 Psathyrella carminei GB:LO5-09 Italy,https://www.ncbi.nlm.nih.gov/nuccore/NR_167952
NR_169697,Gymnopilus speciosissimus,holotype,high,GenBank /type_material qualifier,holotype of Gymnopilus speciosissimus,CMMF:002481,MN206895,yes,11,NR_169697 Gymnopilus speciosissimus CMMF:002481 Canada,https://www.ncbi.nlm.nih.gov/nuccore/NR_169697
NR_170027,Cortinarius sagacitas,holotype,high,GenBank /type_material qualifier,holotype of Cortinarius sagacitas,H:6033517,MT112148,yes,11,NR_170027 Cortinarius sagacitas H:6033517 Lappi FI,https://www.ncbi.nlm.nih.gov/nuccore/NR_170027
NR_170852,Cortinarius pulchrifolius var. odorifer,holotype,high,GenBank /type_material qualifier,holotype of Cortinarius pulchrifolius var. odorifer,MICH:10398,MT935353,yes,11,NR_170852 Cortinarius odoritraganus MICH:10398 United States,https://www.ncbi.nlm.nih.gov/nuccore/NR_170852
NR_171116,Cortinarius castaneoruber,holotype,high,GenBank /type_material qualifier,holotype of Cortinarius castaneoruber,PC:604,MT934953,yes,11,NR_171116 Cortinarius castaneoruber PC:604 France,https://www.ncbi.nlm.nih.gov/nuccore/NR_171116
NR_171137,Cortinarius olivaceomarginatus,holotype,high,GenBank /type_material qualifier,holotype of Cortinarius olivaceomarginatus,PC:99.10.09.03,MT935261,yes,11,NR_171137 Cortinarius olivaceomarginatus PC:99.10.09.03 France,https://www.ncbi.nlm.nih.gov/nuccore/NR_171137
NR_171141,Cortinarius pseudobavaricus,holotype,high,GenBank /type_material qualifier,holotype of Cortinarius pseudobavaricus,PC:1184,MT935329,yes,11,NR_171141 Cortinarius pseudobavaricus PC:1184 France,https://www.ncbi.nlm.nih.gov/nuccore/NR_171141
NR_171326,Cortinarius fagetorum,holotype,high,GenBank /type_material qualifier,holotype of Cortinarius fagetorum,IB:M. Moser 1948-0743,MT935037,yes,11,NR_171326 Cortinarius fagetorum IB:M. Moser 1948-0743,https://www.ncbi.nlm.nih.gov/nuccore/NR_171326
NR_172771,Clitopilus rugosiceps,holotype,high,GenBank /type_material qualifier,holotype of Clitopilus rugosiceps,HKAS:73232,MN061305,yes,11,NR_172771 Clitopilus rugosiceps HKAS:73232 Yunnan CN,https://www.ncbi.nlm.nih.gov/nuccore/NR_172771
NR_173320,Psathyrella amygdalinospora,holotype,high,GenBank /type_material qualifier,holotype of Psathyrella amygdalinospora,HMJAU:37952,MW405104,yes,11,NR_173320 Psathyrella amygdalinospora HMJAU:37952,https://www.ncbi.nlm.nih.gov/nuccore/NR_173320
NR_173446,Inocybe xantholeuca,lectotype,high,GenBank /type_material qualifier,lectotype of Inocybe xantholeuca,L:L-4370262,MW845940,yes,11,NR_173446 Inocybe xantholeuca L:L-4370262 France,https://www.ncbi.nlm.nih.gov/nuccore/NR_173446
NR_173938,Amanita fulvopulverulenta,epitype,high,GenBank /type_material qualifier,epitype of Amanita fulvopulverulenta,YA:Henkel 9887,MT446250,yes,11,NR_173938 Amanita fulvopulverulenta YA:Henkel 9887 Virginia US,https://www.ncbi.nlm.nih.gov/nuccore/NR_173938
NR_174815,Ramaria luteoaurantiaca,holotype,high,GenBank /type_material qualifier,holotype of Ramaria luteoaurantiaca,AMB:18525 Holotype,MT055906,yes,11,NR_174815 Ramaria luteoaurantiaca AMB:18525 Holotype Vicenza IT,https://www.ncbi.nlm.nih.gov/nuccore/NR_174815
NR_174854,Inocybe bellidiana,holotype,high,GenBank /type_material qualifier,holotype of Inocybe bellidiana,STU:SMNS-STU-F-0901473,MW845860,yes,11,NR_174854 Inocybe bellidiana STU:SMNS-STU-F-0901473 Germany,https://www.ncbi.nlm.nih.gov/nuccore/NR_174854
NR_174869,Inocybe tigrina,epitype,high,GenBank /type_material qualifier,epitype of Inocybe tigrina,STU:SMNS-STU-F-0901532,MW845933,yes,11,NR_174869 Inocybe tigrina STU:SMNS-STU-F-0901532 Germany,https://www.ncbi.nlm.nih.gov/nuccore/NR_174869
NR_175131,Hebeloma avellaneum,holotype,high,GenBank /type_material qualifier,holotype of Hebeloma avellaneum,MICH:10722,MK280988,yes,11,NR_175131 Hebeloma avellaneum MICH:10722 Maine US,https://www.ncbi.nlm.nih.gov/nuccore/NR_175131
NR_175151,Cyathus uniperidiolus,holotype,high,GenBank /type_material qualifier,holotype of Cyathus uniperidiolus,AMH:10196,MN398297,yes,11,NR_175151 Cyathus uniperidiolus AMH:10196 India,https://www.ncbi.nlm.nih.gov/nuccore/NR_175151
NR_177159,Ganoderma dianzhongense,holotype,high,GenBank /type_material qualifier,holotype of Ganoderma dianzhongense,HKAS:110005,MW750237,yes,11,NR_177159 Ganoderma dianzhongense HKAS:110005 Yunnan CN,https://www.ncbi.nlm.nih.gov/nuccore/NR_177159
NR_177618,Entoloma brunneorugulosum,holotype,high,GenBank /type_material qualifier,holotype of Entoloma brunneorugulosum,M:KaiR691,MZ611676,yes,11,NR_177618 Entoloma brunneorugulosum M:KaiR691 Panama,https://www.ncbi.nlm.nih.gov/nuccore/NR_177618
NR_178166,Cortinarius parvoacetosus,holotype,high,GenBank /type_material qualifier,holotype of Cortinarius parvoacetosus,H:7071157,MZ728075,yes,11,NR_178166 Cortinarius parvoacetosus H:7071157 West Coast NZ,https://www.ncbi.nlm.nih.gov/nuccore/NR_178166
NR_182346,Marasmius jinfoshanensis,holotype,high,GenBank /type_material qualifier,holotype of Marasmius jinfoshanensis,HGAS:MF01-4344,MT556448,yes,11,NR_182346 Marasmius jinfoshanensis HGAS:MF01-4344 CN,https://www.ncbi.nlm.nih.gov/nuccore/NR_182346
NR_182696,Lactifluus viridilacteus,holotype,high,GenBank /type_material qualifier,holotype of Lactifluus viridilacteus,SFC:20150819-08,MN215402,yes,11,NR_182696 Lactifluus viridilacteus SFC:20150819-08 South Korea,https://www.ncbi.nlm.nih.gov/nuccore/NR_182696
NR_182709,Mycopan scabripes,epitype,high,GenBank /type_material qualifier,epitype of Prunulus scabripes,TENN:F-076401,OL839164,yes,11,NR_182709 Mycopan scabripes TENN:F-076401 Quebec CA,https://www.ncbi.nlm.nih.gov/nuccore/NR_182709
NR_182974,Gerronema zhujian,holotype,high,GenBank /type_material qualifier,holotype of Gerronema zhujian,FFAAS:0376,OL985975,yes,11,NR_182974 Gerronema zhujian FFAAS:0376 China,https://www.ncbi.nlm.nih.gov/nuccore/NR_182974
NR_184477,Entoloma kumraticus,holotype,high,GenBank /type_material qualifier,holotype of Entoloma kumraticus,LAH:36945,MZ157265,yes,11,NR_184477 Entoloma kumraticus LAH:36945 Pakistan,https://www.ncbi.nlm.nih.gov/nuccore/NR_184477
NR_185505,Collybiopsis menehune,holotype,high,GenBank /type_material qualifier,holotype of Gymnopus menehune,SFSU:DED5866,AY263426,yes,11,NR_185505 Collybiopsis menehune SFSU:DED5866,https://www.ncbi.nlm.nih.gov/nuccore/NR_185505
NR_185618,Grammothele taiwanensis,holotype,high,GenBank /type_material qualifier,holotype of Grammothele taiwanensis,TNM:F31469,MW440487,yes,11,NR_185618 Grammothele taiwanensis TNM:F31469 Nantou TW,https://www.ncbi.nlm.nih.gov/nuccore/NR_185618
NR_185762,Mycena laurisilvae,holotype,high,GenBank /type_material qualifier,holotype of Mycena laurisilvae,AH:56022,OP382886,yes,11,NR_185762 Mycena laurisilvae AH:56022 Canary Islands ES,https://www.ncbi.nlm.nih.gov/nuccore/NR_185762
NR_186969,Marasmius albulus,holotype,high,GenBank /type_material qualifier,holotype of Marasmius albulus,BKF:10241,MZ145122,yes,11,NR_186969 Marasmius albulus BKF:10241 Thailand,https://www.ncbi.nlm.nih.gov/nuccore/NR_186969
NR_189805,Panus subfasciatus,holotype,high,GenBank /type_material qualifier,holotype of Panus subfasciatus,MFLU:16-2129,LT614958,no,11,NR_189805 Panus subfasciatus MFLU:16-2129,https://www.ncbi.nlm.nih.gov/nuccore/NR_189805
NR_189935,Pseudobaeospora taluna,holotype,high,GenBank /type_material qualifier,holotype of Pseudobaeospora taluna,MEL:2446695,OQ457537,yes,11,NR_189935 Pseudobaeospora taluna MEL:2446695 Tasmania AU,https://www.ncbi.nlm.nih.gov/nuccore/NR_189935
NR_190283,Marasmiellomycena pseudoomphaliiformis,holotype,high,GenBank /type_material qualifier,holotype of Marasmiellomycena pseudoomphaliiformis,BRNM:552721,OR913562,yes,11,NR_190283 Marasmiellomycena pseudoomphaliiformis BRNM:552721 United States,https://www.ncbi.nlm.nih.gov/nuccore/NR_190283
NR_198635,Coltriciella yunnanensis,holotype,high,GenBank /type_material qualifier,holotype of Coltriciella yunnanensis,SWFC:CLZhao4204,OR668921,yes,11,NR_198635 Coltriciella yunnanensis SWFC:CLZhao4204 China,https://www.ncbi.nlm.nih.gov/nuccore/NR_198635
NR_198857,Cuphophyllus dingjieensis,holotype,high,GenBank /type_material qualifier,holotype of Cuphophyllus dingjieensis,HMAS:300538,PQ099869,yes,11,NR_198857 Cuphophyllus dingjieensis HMAS:300538 CN,https://www.ncbi.nlm.nih.gov/nuccore/NR_198857
LN850466,Rhodophyllus subsepiaceus var. incrustatus,holotype,high,GenBank /type_material qualifier,holotype of Rhodophyllus subsepiaceus var. incrustatus,holotype K72-165 G262075,,,10,LN850466 Rhodophyllus subsepiaceus var. incrustatus holotype K72-165 G262075 Sweden,https://www.ncbi.nlm.nih.gov/nuccore/LN850466
NR_119582,Gymnopus junquilleus,holotype,high,GenBank /type_material qualifier,holotype of Gymnopus junquilleus,TENN:055224,DQ449969,no,10,NR_119582 Gymnopus junquilleus TENN:055224 United States,https://www.ncbi.nlm.nih.gov/nuccore/NR_119582
NR_119583,Collybiopsis mesoamericana,holotype,high,GenBank /type_material qualifier,holotype of Gymnopus mesoamericanus,TENN:058613,DQ450035,yes,10,NR_119583 Gymnopus mesoamericanus TENN:058613 Costa Rica,https://www.ncbi.nlm.nih.gov/nuccore/NR_119583
NR_119692,Megacollybia subfurfuracea,holotype,high,GenBank /type_material qualifier,holotype of Megacollybia subfurfuracea,TENN:059558,EU623744,no,10,NR_119692 Megacollybia subfurfuracea TENN:059558 Arkansas US,https://www.ncbi.nlm.nih.gov/nuccore/NR_119692
NR_119693,Megacollybia subfurfuracea,holotype,high,GenBank /type_material qualifier,holotype of Megacollybia subfurfuracea,TENN:059558,EU623746,no,10,NR_119693 Megacollybia subfurfuracea TENN:059558 Arkansas US,https://www.ncbi.nlm.nih.gov/nuccore/NR_119693
NR_119694,Megacollybia subfurfuracea,holotype,high,GenBank /type_material qualifier,holotype of Megacollybia subfurfuracea,TENN:059558,EU623748,no,10,NR_119694 Megacollybia subfurfuracea TENN:059558 Arkansas US,https://www.ncbi.nlm.nih.gov/nuccore/NR_119694
NR_119695,Megacollybia rodmanii,holotype,high,GenBank /type_material qualifier,holotype of Megacollybia rodmanii,TENN:059430,EU623761,no,10,NR_119695 Megacollybia rodmanii TENN:059430 Tennessee US,https://www.ncbi.nlm.nih.gov/nuccore/NR_119695
NR_119908,Pholiota caespitosa,holotype,high,GenBank /type_material qualifier,holotype of Pholiota caespitosa,TENN:015908,HQ222024,yes,10,NR_119908 Pholiota gummosa TENN:015908 Tennessee US,https://www.ncbi.nlm.nih.gov/nuccore/NR_119908
NR_120122,Phylloporus pachycystidiatus,holotype,high,GenBank /type_material qualifier,holotype of Phylloporus pachycystidiatus,HKAS:54540,JQ967254,yes,10,NR_120122 Phylloporus pachycystidiatus HKAS:54540 Yunnan CN,https://www.ncbi.nlm.nih.gov/nuccore/NR_120122
NR_131788,Cortinarius anisatus,holotype,high,GenBank /type_material qualifier,holotype of Cortinarius anisatus,S:CFP1200,DQ117931,yes,10,NR_131788 Cortinarius anisatus S:CFP1200 Jönköping SE,https://www.ncbi.nlm.nih.gov/nuccore/NR_131788
NR_131839,Cortinarius olididisjungendus,holotype,high,GenBank /type_material qualifier,holotype of Cortinarius olididisjungendus,personal:T. Niskanen:07-191,KM273091,yes,10,NR_131839 Cortinarius olididisjungendus personal:T. Niskanen:07-191 Ontario CA,https://www.ncbi.nlm.nih.gov/nuccore/NR_131839
NR_131840,Cortinarius piceidisjungendus,holotype,high,GenBank /type_material qualifier,holotype of Cortinarius piceidisjungendus,H:T. Niskanen 11-443,KM273092,yes,10,NR_131840 Cortinarius piceidisjungendus H:T. Niskanen 11-443 Florida US,https://www.ncbi.nlm.nih.gov/nuccore/NR_131840
NR_131844,Cortinarius claroplaniusculus,holotype,high,GenBank /type_material qualifier,holotype of Cortinarius claroplaniusculus,PC:R. Henry 2334,KP013184,yes,10,NR_131844 Cortinarius claroplaniusculus PC:R. Henry 2334 France,https://www.ncbi.nlm.nih.gov/nuccore/NR_131844
NR_131845,Cortinarius disjungendus,lectotype,high,GenBank /type_material qualifier,lectotype of Cortinarius disjungendus,H:P.A. Karsten 4370,KP013190,yes,10,NR_131845 Cortinarius disjungendus H:P.A. Karsten 4370 Finland,https://www.ncbi.nlm.nih.gov/nuccore/NR_131845
NR_131846,Cortinarius orasericeus,holotype,high,GenBank /type_material qualifier,holotype of Cortinarius orasericeus,PC:R. Henry 70239,KP013203,yes,10,NR_131846 Cortinarius orasericeus PC:R. Henry 70239 France,https://www.ncbi.nlm.nih.gov/nuccore/NR_131846
NR_132094,Geoglossum scabripes,holotype,high,GenBank /type_material qualifier,holotype of Geoglossum scabripes,AH:44220,KP144094,yes,10,NR_132094 Geoglossum scabripes AH:44220,https://www.ncbi.nlm.nih.gov/nuccore/NR_132094
NR_132096,Geoglossum variabilisporum,holotype,high,GenBank /type_material qualifier,holotype of Geoglossum variabilisporum,AH:44216,KP144101,yes,10,NR_132096 Geoglossum variabilisporum AH:44216,https://www.ncbi.nlm.nih.gov/nuccore/NR_132096
NR_137864,Gymnopus micromphaleoides,holotype,high,GenBank /type_material qualifier,holotype of Gymnopus micromphaleoides,TENN:68165,KJ416243,yes,10,NR_137864 Gymnopus micromphaleoides TENN:68165 Mississippi US,https://www.ncbi.nlm.nih.gov/nuccore/NR_137864
NR_137971,Geoglossum dunense,holotype,high,GenBank /type_material qualifier,holotype of Geoglossum dunense,TUR:199830,KP744516,yes,10,NR_137971 Geoglossum dunense TUR:199830,https://www.ncbi.nlm.nih.gov/nuccore/NR_137971
NR_138387,Sebacina flagelliformis,holotype,high,GenBank /type_material qualifier,holotype of Sebacina flagelliformis,TUB:020036,KF000464,yes,10,NR_138387 Sebacina flagelliformis TUB:020036 Baden-Württemberg DE,https://www.ncbi.nlm.nih.gov/nuccore/NR_138387
NR_148070,Coprinopsis musae,holotype,high,GenBank /type_material qualifier,holotype of Coprinopsis musae,C:J. Vesterholt 06-179,KC992965,yes,10,NR_148070 Coprinopsis musae C:J. Vesterholt 06-179,https://www.ncbi.nlm.nih.gov/nuccore/NR_148070
NR_148105,Coprinopsis afronivea,holotype,high,GenBank /type_material qualifier,holotype of Coprinopsis afronivea,SFSU:BAP 619,KX017208,yes,10,NR_148105 - Coprinopsis afronivea - SFSU:BAP 619 -,https://www.ncbi.nlm.nih.gov/nuccore/NR_148105
NR_148188,Dacrymyces citrinus,holotype,high,GenBank /type_material qualifier,holotype of Dacrymyces citrinus,PDD:107915,LC131417,no,10,NR_148188 Dacrymyces citrinus PDD:107915 New Zealand,https://www.ncbi.nlm.nih.gov/nuccore/NR_148188
NR_151847,Auricularia angiospermarum,holotype,high,GenBank /type_material qualifier,holotype of Auricularia angiospermarum,BJFC:017274,KT152097,yes,10,NR_151847 Auricularia angiospermarum BJFC:017274 United States,https://www.ncbi.nlm.nih.gov/nuccore/NR_151847
NR_152356,Mallocybe isabellina,holotype,high,GenBank /type_material qualifier,holotype of Inocybe isabellina,PERTH:07699255,KP171137,yes,10,NR_152356 Inocybe isabellina PERTH:07699255 Western Australia AU,https://www.ncbi.nlm.nih.gov/nuccore/NR_152356
NR_152911,Gymnopus atlanticus,type,high,GenBank /type_material qualifier,type material of Gymnopus atlanticus,URM<BRA>:87728,KT222654,yes,10,NR_152911 Gymnopus atlanticus URM:87728 Pernambuco BR,https://www.ncbi.nlm.nih.gov/nuccore/NR_152911
NR_154076,Hortiboletus indorubellus,holotype,high,GenBank /type_material qualifier,holotype of Hortiboletus indorubellus,CAL:DC 14-002,KT319647,yes,10,NR_154076 Hortiboletus indorubellus CAL:DC 14-002 India,https://www.ncbi.nlm.nih.gov/nuccore/NR_154076
NR_154668,Amanita persicina,paratype,high,GenBank /type_material qualifier,paratype of Amanita muscaria var. persicina,RET:151-4,EU071892,yes,10,NR_154668 Amanita persicina RET:151-4,https://www.ncbi.nlm.nih.gov/nuccore/NR_154668
NR_155092,Entoloma salicetense,type,high,GenBank /type_material qualifier,type material of Entoloma salicetense,LIP:0001118,KX024663,yes,10,NR_155092 Entoloma salicetense LIP:0001118 Spain,https://www.ncbi.nlm.nih.gov/nuccore/NR_155092
NR_155981,Xerocomellus redeuilhii,type,high,GenBank /type_material qualifier,type material of Xerocomellus redeuilhii,AMB:18114,KX889920,yes,10,NR_155981 Xerocomellus redeuilhii AMB:18114 Italy,https://www.ncbi.nlm.nih.gov/nuccore/NR_155981
NR_157968,Phlegmacium subvariiforme,holotype,high,GenBank /type_material qualifier,holotype of Cortinarius subvariiformis,G:295131_1,KF732455,yes,10,NR_157968 Cortinarius subvariiformis G:295131_1 France,https://www.ncbi.nlm.nih.gov/nuccore/NR_157968
NR_158481,Collybiopsis ramulicola,holotype,high,GenBank /type_material qualifier,holotype of Gymnopus ramulicola,GDGM:43884,KU057798,yes,10,NR_158481 Gymnopus ramulicola GDGM:43884 China,https://www.ncbi.nlm.nih.gov/nuccore/NR_158481
NR_158916,Resupinatus hausknechtii,holotype,high,GenBank /type_material qualifier,holotype of Resupinatus hausknechtii,WU:7659,KU355370,yes,10,NR_158916 Resupinatus hausknechtii WU:7659 Austria,https://www.ncbi.nlm.nih.gov/nuccore/NR_158916
NR_159796,Coprinopsis afrocinerea,holotype,high,GenBank /type_material qualifier,holotype of Coprinopsis afrocinerea,CNF:1/5838,MG662162,yes,10,NR_159796 Coprinopsis afrocinerea CNF:1/5838 Nigeria,https://www.ncbi.nlm.nih.gov/nuccore/NR_159796
NR_159864,Deconica montana var. macrospora,type,high,GenBank /type_material qualifier,type material of Psilocybe montana var. macrospora,CBS:101983,MH862774,yes,10,NR_159864 Deconica montana var. macrospora Netherlands,https://www.ncbi.nlm.nih.gov/nuccore/NR_159864
NR_161022,Psathyrella carinthiaca,holotype,high,GenBank /type_material qualifier,holotype of Psathyrella carinthiaca,MCVE:25611,MF325963,yes,10,NR_161022 Psathyrella carinthiaca MCVE:25611 Austria,https://www.ncbi.nlm.nih.gov/nuccore/NR_161022
NR_166278,Gerronema indigoticum,holotype,high,GenBank /type_material qualifier,holotype of Gerronema indigoticum,HMJAU:47636,MK693727,yes,10,NR_166278 Gerronema indigoticum HMJAU:47636,https://www.ncbi.nlm.nih.gov/nuccore/NR_166278
NR_169950,Lactarius mitratus,holotype,high,GenBank /type_material qualifier,holotype of Lactarius mitratus,HCCN:21924,MH984994,yes,10,NR_169950 Lactarius mitratus HCCN:21924 South Korea,https://www.ncbi.nlm.nih.gov/nuccore/NR_169950
NR_170855,Cortinarius subpulchrifolius,lectotype,high,GenBank /type_material qualifier,lectotype of Cortinarius subpulchrifolius,MICH:10419,MT935516,yes,10,NR_170855 Cortinarius subpulchrifolius MICH:10419 Michigan US,https://www.ncbi.nlm.nih.gov/nuccore/NR_170855
NR_171130,Cortinarius insignitus,holotype,high,GenBank /type_material qualifier,holotype of Cortinarius insignitus,PC:3831,MT935164,yes,10,NR_171130 Cortinarius insignitus PC:3831 France,https://www.ncbi.nlm.nih.gov/nuccore/NR_171130
NR_171154,Cortinarius subcoronatus,holotype,high,GenBank /type_material qualifier,holotype of Cortinarius subcoronatus,PC:5157,MT935474,yes,10,NR_171154 Cortinarius subcoronatus PC:5157 France,https://www.ncbi.nlm.nih.gov/nuccore/NR_171154
NR_171315,Cortinarius basivinosus,holotype,high,GenBank /type_material qualifier,holotype of Cortinarius basivinosus,IB:M. Moser 1968-0147,MT934901,yes,10,NR_171315 Cortinarius basivinosus IB:M. Moser 1968-0147 France,https://www.ncbi.nlm.nih.gov/nuccore/NR_171315
NR_171327,Cortinarius ferrugineifolius,holotype,high,GenBank /type_material qualifier,holotype of Cortinarius ferrugineifolius,IB:M. Moser 1991-0305,MT935044,yes,10,NR_171327 Cortinarius luridus IB:M. Moser 1991-0305 Wyoming US,https://www.ncbi.nlm.nih.gov/nuccore/NR_171327
NR_171337,Cortinarius heterocyclus,holotype,high,GenBank /type_material qualifier,holotype of Cortinarius heterocyclus,S:F14330,MT935124,yes,10,NR_171337 Cortinarius heterocyclus S:F14330 Sweden,https://www.ncbi.nlm.nih.gov/nuccore/NR_171337
NR_171369,Cortinarius subumidicola,holotype,high,GenBank /type_material qualifier,holotype of Cortinarius subumidicola,G:3982,MT935537,yes,10,NR_171369 Cortinarius subumidicola G:3982 France,https://www.ncbi.nlm.nih.gov/nuccore/NR_171369
NR_171372,Cortinarius tigris,holotype,high,GenBank /type_material qualifier,holotype of Cortinarius tigris,G:4269,MT935553,yes,10,NR_171372 Cortinarius tigris G:4269 France,https://www.ncbi.nlm.nih.gov/nuccore/NR_171372
NR_171811,Cantharellus anzutake,holotype,high,GenBank /type_material qualifier,holotype of Cantharellus anzutake,TNS:F-61925,LC085359,no,10,NR_171811 Cantharellus anzutake TNS:F-61925 Nagano JP,https://www.ncbi.nlm.nih.gov/nuccore/NR_171811
NR_171901,Cortinarius eunomalus,holotype,high,GenBank /type_material qualifier,holotype of Cortinarius eunomalus,PDD:94040,JQ287690,yes,10,NR_171901 Fungi PDD:94040 Tasman NZ,https://www.ncbi.nlm.nih.gov/nuccore/NR_171901
NR_172149,Nolanea atropapillata,holotype,high,GenBank /type_material qualifier,holotype of Nolanea atropapillata,SP:Karstedt FK0898,KF679354,yes,10,NR_172149 Nolanea atropapillata SP:Karstedt FK0898 São Paulo BR,https://www.ncbi.nlm.nih.gov/nuccore/NR_172149
NR_172325,Cortinarius calopus,holotype,high,GenBank /type_material qualifier,holotype of Cortinarius calopus,H:P.A. Karsten 314a,MT934942,yes,10,NR_172325 Cortinarius calopus H:P.A. Karsten 314a Finland,https://www.ncbi.nlm.nih.gov/nuccore/NR_172325
NR_172805,Exidia qinghaiensis,holotype,high,GenBank /type_material qualifier,holotype of Exidia qinghaiensis,HMAS:156328,MW353409,yes,10,NR_172805 Exidia qinghaiensis HMAS:156328 Qinghai CN,https://www.ncbi.nlm.nih.gov/nuccore/NR_172805
NR_173200,Hebeloma parcivelum,holotype,high,GenBank /type_material qualifier,holotype of Hebeloma parcivelum,MICH:5557,MW412385,yes,10,NR_173200 Hebeloma parcivelum MICH:5557 Oregon US,https://www.ncbi.nlm.nih.gov/nuccore/NR_173200
NR_173321,Psathyrella piluliformoides,holotype,high,GenBank /type_material qualifier,holotype of Psathyrella piluliformoides,HMJAU:37923,MW405106,yes,10,NR_173321 Psathyrella piluliformoides HMJAU:37923,https://www.ncbi.nlm.nih.gov/nuccore/NR_173321
NR_173867,Russula lakhanpalii,holotype,high,GenBank /type_material qualifier,holotype of Russula lakhanpalii,CAL:1795,MN262088,yes,10,"NR_173867.1 Russula lakhanpalii specimen_voucher CAL:1795 India: Uttarakhand, Pauri district, Adwani-Teka holotype",https://www.ncbi.nlm.nih.gov/nuccore/NR_173867
NR_173874,Leucocoprinus microlepis,holotype,high,GenBank /type_material qualifier,holotype of Leucocoprinus microlepis,JBSD:139951,MN482987,yes,10,NR_173874 Leucocoprinus microlepis JBSD:139951 Dominican Republic,https://www.ncbi.nlm.nih.gov/nuccore/NR_173874
NR_173971,Inocybe dvaliniana,holotype,high,GenBank /type_material qualifier,holotype of Inocybe dvaliniana,STU:SMNS-STU-F-0901559,MW647624,yes,10,NR_173971 Inocybe dvaliniana STU:SMNS-STU-F-0901559 Austria,https://www.ncbi.nlm.nih.gov/nuccore/NR_173971
NR_173972,Inosperma ismeneanum,holotype,high,GenBank /type_material qualifier,holotype of Inosperma ismeneanum,STU:SMNS-STU-F-0901561,MW647625,yes,10,NR_173972 Inosperma ismeneanum STU:SMNS-STU-F-0901561 Germany,https://www.ncbi.nlm.nih.gov/nuccore/NR_173972
NR_173979,Chrysomycena dunicola,holotype,high,GenBank /type_material qualifier,holotype of Mycena dunicola,AH:26939,MZ351727,yes,10,NR_173979 Mycena dunicola AH:26939,https://www.ncbi.nlm.nih.gov/nuccore/NR_173979
NR_174909,Cortinarius obliquus,holotype,high,GenBank /type_material qualifier,holotype of Cortinarius obliquus,NYS:f2116,MT935254,yes,10,NR_174909 Cortinarius obliquus NYS:f2116 New York US,https://www.ncbi.nlm.nih.gov/nuccore/NR_174909
NR_175146,Retiboletus vinaceipes,holotype,high,GenBank /type_material qualifier,holotype of Retiboletus vinaceipes,CFMR:DR-1035 DJL-DR-42,MN250205,yes,10,NR_175146 Retiboletus vinaceipes CFMR:DR-1035 DJL-DR-42 Dominican Republic,https://www.ncbi.nlm.nih.gov/nuccore/NR_175146
NR_175730,Hydnum pallidomarginatum,holotype,high,GenBank /type_material qualifier,holotype of Hydnum pallidomarginatum,IFP:019468,MW980566,yes,10,NR_175730 Hydnum pallidomarginatum IFP:019468 China,https://www.ncbi.nlm.nih.gov/nuccore/NR_175730
NR_176112,Cortinarius entheosus,holotype,high,GenBank /type_material qualifier,holotype of Cortinarius entheosus,PDD:103639,KF727381,yes,10,NR_176112 Cortinarius entheosus PDD:103639 New Zealand,https://www.ncbi.nlm.nih.gov/nuccore/NR_176112
NR_176131,Clitopilus baronii,holotype,high,GenBank /type_material qualifier,holotype of Clitopilus baronii,AMB:18363,MN855369,yes,10,NR_176131 Clitopilus baronii AMB:18363 Mantua IT,https://www.ncbi.nlm.nih.gov/nuccore/NR_176131
NR_176159,Inocybe hirtella,holotype,high,GenBank /type_material qualifier,holotype of Inocybe hirtella,L:L0053535,MZ700324,yes,10,NR_176159 Inocybe hirtella L:L0053535 Netherlands,https://www.ncbi.nlm.nih.gov/nuccore/NR_176159
NR_176740,Pholiotina pleurocystidiata,holotype,high,GenBank /type_material qualifier,holotype of Pholiotina pleurocystidiata,WU:40666,MT828911,yes,10,NR_176740 Pholiotina pleurocystidiata WU:40666 Lower Austria AT,https://www.ncbi.nlm.nih.gov/nuccore/NR_176740
NR_176747,Russula ustulata,holotype,high,GenBank /type_material qualifier,holotype of Russula ustulata,GENT:AV16-019,MW172312,yes,10,NR_176747 Russula ustulata GENT:AV16-019 Trøndelag NO,https://www.ncbi.nlm.nih.gov/nuccore/NR_176747
NR_177487,Favolus yanomamii,holotype,high,GenBank /type_material qualifier,holotype of Favolus yanomamii,ICN<BRA>:197342,MN648686,yes,10,NR_177487 Favolus yanomamii ICN:197342,https://www.ncbi.nlm.nih.gov/nuccore/NR_177487
NR_182714,Porotheleum parvulum,holotype,high,GenBank /type_material qualifier,holotype of Porotheleum parvulum,JBSD:131802,OM422783,yes,10,NR_182714 Porotheleum parvulum JBSD:131802 Puerto Plata DO,https://www.ncbi.nlm.nih.gov/nuccore/NR_182714
NR_182962,Parasola cuniculorum,holotype,high,GenBank /type_material qualifier,holotype of Parasola cuniculorum,K(M):191984,OL630105,yes,10,NR_182962 Parasola cuniculorum K(M):191984 England GB,https://www.ncbi.nlm.nih.gov/nuccore/NR_182962
NR_183004,Pluteus parvicarpus,holotype,high,GenBank /type_material qualifier,holotype of Pluteus parvicarpus,LE<RUS>:313357,ON864114,yes,10,NR_183004 Pluteus parvicarpus LE:313357 Russia,https://www.ncbi.nlm.nih.gov/nuccore/NR_183004
NR_184459,Polyporus auratus,holotype,high,GenBank /type_material qualifier,holotype of Polyporus auratus,BJFC:Dai 13665,KX900056,yes,10,NR_184459 Polyporus auratus BJFC:Dai 13665 China,https://www.ncbi.nlm.nih.gov/nuccore/NR_184459
NR_184496,Inocybe soliana,holotype,high,GenBank /type_material qualifier,holotype of Inocybe soliana,STU:SMNS-STU-F-0901664,ON003425,yes,10,NR_184496 Inocybe soliana STU:SMNS-STU-F-0901664 Austria,https://www.ncbi.nlm.nih.gov/nuccore/NR_184496
NR_184990,Pluteus sternbergii,epitype,high,GenBank /type_material qualifier,epitype of Pluteus sternbergii,PRM:154258,ON864116,yes,10,NR_184990 Pluteus sternbergii PRM:154258 Czech Republic,https://www.ncbi.nlm.nih.gov/nuccore/NR_184990
NR_185422,Inocybe glabripes,neotype,high,GenBank /type_material qualifier,neotype of Inocybe glabripes,STU:SMNS-STU-F-0900979,MW845881,yes,10,NR_185422 Inocybe glabripes STU:SMNS-STU-F-0900979 Germany,https://www.ncbi.nlm.nih.gov/nuccore/NR_185422
NR_185730,Hydnellum chocolatum,holotype,high,GenBank /type_material qualifier,holotype of Hydnellum chocolatum,BJFC:035406,ON603657,yes,10,NR_185730 Hydnellum chocolatum BJFC:035406,https://www.ncbi.nlm.nih.gov/nuccore/NR_185730
NR_185732,Hydnellum melanocarpum,holotype,high,GenBank /type_material qualifier,holotype of Hydnellum melanocarpum,BJFC:035417,ON603661,yes,10,NR_185732 Hydnellum melanocarpum BJFC:035417,https://www.ncbi.nlm.nih.gov/nuccore/NR_185732
NR_186922,Tolypocladium bacillisporum,ex-holotype,high,GenBank /type_material qualifier,culture from holotype of Tolypocladium bacillisporum,IFM<JPN>:67757,LC684522,no,10,NR_186922 Tolypocladium bacillisporum Hokkaidō JP,https://www.ncbi.nlm.nih.gov/nuccore/NR_186922
NR_186971,Inocybe meirensongia,holotype,high,GenBank /type_material qualifier,holotype of Inocybe meirensongia,FHMU:U3157,MZ322672,yes,10,NR_186971 Inocybe meirensongia FHMU:U3157 Jilin CN,https://www.ncbi.nlm.nih.gov/nuccore/NR_186971
NR_187010,Mycena shengshanensis,holotype,high,GenBank /type_material qualifier,holotype of Mycena shengshanensis,FFAAS:0424,ON427739,yes,10,NR_187010 Mycena shengshanensis FFAAS:0424,https://www.ncbi.nlm.nih.gov/nuccore/NR_187010
NR_189763,Tolypocladium dujiaolongae,holotype,high,GenBank /type_material qualifier,holotype of Tolypocladium dujiaolongae,ZBAH:632,KF696558,yes,10,NR_189763 Tolypocladium dujiaolongae ZBAH:632,https://www.ncbi.nlm.nih.gov/nuccore/NR_189763
NR_197872,Marasmiellomycena albodescendens,holotype,high,GenBank /type_material qualifier,holotype of Porotheleum albodescendens,PDD:96321,OL998343,yes,10,NR_197872 Marasmiellomycena albodescendens PDD:96321 New Zealand,https://www.ncbi.nlm.nih.gov/nuccore/NR_197872
NR_198038,Hygrophorus russuliformis,isotype,high,GenBank /type_material qualifier,isotype of Hygrophorus russuliformis,MICH:10939,MF399455,no,10,NR_198038 Hygrophorus russuliformis MICH:10939 Florida US,https://www.ncbi.nlm.nih.gov/nuccore/NR_198038
NR_198318,Collybia alboclitocyboides,holotype,high,GenBank /type_material qualifier,holotype of Collybia alboclitocyboides,HKAS:123099,OP626923,yes,10,NR_198318 Collybia alboclitocyboides HKAS:123099 Yunnan CN,https://www.ncbi.nlm.nih.gov/nuccore/NR_198318
NR_200814,Pluteus ochraceoleoninus,holotype,high,GenBank /type_material qualifier,holotype of Pluteus ochraceoleoninus,BRNM:840324,PP950741,yes,10,NR_200814 Pluteus ochraceoleoninus BRNM:840324 South Korea,https://www.ncbi.nlm.nih.gov/nuccore/NR_200814
NR_119422,Sepedonium laevigatum,ex-holotype,high,GenBank /type_material qualifier,culture from holotype of Sepedonium laevigatum,CBS:101645,AF054858,no,9,NR_119422 Sepedonium laevigatum,https://www.ncbi.nlm.nih.gov/nuccore/NR_119422
NR_119873,Pluteus eludens,holotype,high,GenBank /type_material qualifier,holotype of Pluteus eludens,MA:Fungi:50497,HM562118,yes,9,NR_119873 Pluteus eludens MA:Fungi:50497 Madeira PT,https://www.ncbi.nlm.nih.gov/nuccore/NR_119873
NR_131838,Cortinarius disjungendulus,holotype,high,GenBank /type_material qualifier,holotype of Cortinarius disjungendulus,H:I. Kytovuori 98-861,KM273090,yes,9,NR_131838 Cortinarius disjungendulus H:I. Kytovuori 98-861 Sweden,https://www.ncbi.nlm.nih.gov/nuccore/NR_131838
NR_131863,Cortinarius croceus,type,high,GenBank /type_material qualifier,type material of Agaricus croceus,personal:T. Niskanen:06-295,KP087990,no,9,NR_131863 Cortinarius croceus personal:T. Niskanen:06-295 Finland,https://www.ncbi.nlm.nih.gov/nuccore/NR_131863
NR_131869,Cortinarius croceoconus,neotype,high,GenBank /type_material qualifier,neotype of Cortinarius croceoconus,S:F44854,KP114465,yes,9,NR_131869 Cortinarius croceoconus S:F44854 Germany,https://www.ncbi.nlm.nih.gov/nuccore/NR_131869
NR_148184,Inocybe fuscicothurnata,isotype,high,GenBank /type_material qualifier,isotype of Inocybe fuscicothurnata,WTU:AU9919,KY923020,yes,9,NR_148184 Inocybe fuscicothurnata WTU:AU9919 Nova Scotia CA,https://www.ncbi.nlm.nih.gov/nuccore/NR_148184
NR_151649,Amanita lesueurii,holotype,high,GenBank /type_material qualifier,holotype of Amanita lesueurii,PERTH:08351325,JX398315,yes,9,NR_151649 Amanita lesueurii PERTH:08351325 Australia,https://www.ncbi.nlm.nih.gov/nuccore/NR_151649
NR_152369,Inosperma rubricosum,isotype,high,GenBank /type_material qualifier,isotype of Inocybe rubricosa,TENN:067016,KP308817,yes,9,NR_152369 Inocybe rubricosa TENN:067016 Queensland AU,https://www.ncbi.nlm.nih.gov/nuccore/NR_152369
NR_152975,Lactarius haugiae,type,high,GenBank /type_material qualifier,type material of Lactarius haugiae,XAL:LM4957,KT583640,yes,9,NR_152975 Lactarius haugiae XAL:LM4957 Mexico,https://www.ncbi.nlm.nih.gov/nuccore/NR_152975
NR_153035,Cortinarius reumauxii,isotype,high,GenBank /type_material qualifier,isotype of Cortinarius reumauxii,PC:R. Henry 7046,KP013193,yes,9,NR_153035 Cortinarius reumauxii PC:R. Henry 7046 France,https://www.ncbi.nlm.nih.gov/nuccore/NR_153035
NR_153127,Inosperma cyanotrichium,isotype,high,GenBank /type_material qualifier,isotype of Inocybe cyanotrichia,TENN:065728,JQ801396,yes,9,NR_153127 Inocybe cyanotrichia TENN:065728 Tasmania AU,https://www.ncbi.nlm.nih.gov/nuccore/NR_153127
NR_153250,Pluteus albotomentosus,holotype,high,GenBank /type_material qualifier,holotype of Pluteus albotomentosus,LE<RUS>:289394,KM658284,yes,9,NR_153250 Pluteus albotomentosus LE:289394 Russia,https://www.ncbi.nlm.nih.gov/nuccore/NR_153250
NR_154170,Mycena seminau,holotype,high,GenBank /type_material qualifier,holotype of Mycena seminau,KLU:M 1223,KF537250,yes,9,NR_154170.1 Mycena seminau KLU M 1223 ITS region; from TYPE,https://www.ncbi.nlm.nih.gov/nuccore/NR_154170
NR_154611,Xeromphalina enigmatica,holotype,high,GenBank /type_material qualifier,holotype of Xeromphalina enigmatica,TENN:F-055726,KM066052,yes,9,NR_154611 Xeromphalina enigmatica TENN:F-055726 Päijänne Tavastia FI,https://www.ncbi.nlm.nih.gov/nuccore/NR_154611
NR_157965,Phlegmacium subopimum,holotype,high,GenBank /type_material qualifier,holotype of Cortinarius subopimus,G:295707_1,KF732448,yes,9,NR_157965 Cortinarius subopimus G:295707_1 France,https://www.ncbi.nlm.nih.gov/nuccore/NR_157965
NR_158407,Favolus pseudoemerici,type,high,GenBank /type_material qualifier,type material of Favolus pseudoemerici,BJFC:Cui13757,KX548959,yes,9,NR_158407 Favolus pseudoemerici BJFC:Cui13757,https://www.ncbi.nlm.nih.gov/nuccore/NR_158407
NR_158429,Entoloma nigrovelutinum,holotype,high,GenBank /type_material qualifier,holotype of Entoloma nigrovelutinum,LE<RUS>:295077,MF898426,yes,9,NR_158429 Entoloma nigrovelutinum LE:295077 Vietnam,https://www.ncbi.nlm.nih.gov/nuccore/NR_158429
NR_160587,Tricholoma forteflavescens,holotype,high,GenBank /type_material qualifier,holotype of Tricholoma forteflavescens,HKAS:93511,MF034207,yes,9,NR_160587 Tricholoma forteflavescens HKAS:93511 Yunnan CN,https://www.ncbi.nlm.nih.gov/nuccore/NR_160587
NR_160608,Pseudosperma neoumbrinellum,holotype,high,GenBank /type_material qualifier,holotype of Inocybe neoumbrinella,HMJAU:25742,MH047249,yes,9,NR_160608 Inocybe neoumbrinella HMJAU:25742 Jilin CN,https://www.ncbi.nlm.nih.gov/nuccore/NR_160608
NR_161030,Psathyrella subvinacea,holotype,high,GenBank /type_material qualifier,holotype of Psathyrella subvinacea,MICH:12085,MF326001,yes,9,NR_161030 Psathyrella kauffmanii MICH:12085 United States,https://www.ncbi.nlm.nih.gov/nuccore/NR_161030
NR_164025,Hydnum albidum,epitype,high,GenBank /type_material qualifier,epitype of Hydnum albidum,CORT:012029,MH379883,yes,9,NR_164025 Hydnum albidum CORT:012029 New York US,https://www.ncbi.nlm.nih.gov/nuccore/NR_164025
NR_164029,Hydnum subtilior,holotype,high,GenBank /type_material qualifier,holotype of Hydnum subtilior,TENN:073034,MH379913,yes,9,NR_164029 Hydnum subtilior TENN:073034 Tennessee US,https://www.ncbi.nlm.nih.gov/nuccore/NR_164029
NR_164031,Hydnum albomagnum,epitype,high,GenBank /type_material qualifier,epitype of Hydnum albomagnum,TENN:073062,MH379943,yes,9,NR_164031 Hydnum albomagnum TENN:073062 North Carolina US,https://www.ncbi.nlm.nih.gov/nuccore/NR_164031
NR_164045,Phylloporus rimosus,holotype,high,GenBank /type_material qualifier,holotype of Phylloporus rimosus,XAL:Montoya 4834,MK226546,yes,9,NR_164045 Phylloporus rimosus XAL:Montoya 4834 Mexico,https://www.ncbi.nlm.nih.gov/nuccore/NR_164045
NR_164264,Chroogomphus fulmineus,epitype,high,GenBank /type_material qualifier,epitype of Gomphidius viscidus var. fulmineus,K(M):190394,MG457856,yes,9,NR_164264 Chroogomphus fulmineus K(M):190394 France,https://www.ncbi.nlm.nih.gov/nuccore/NR_164264
NR_164277,Ephemerocybe sclerocystidiosa,type,high,GenBank /type_material qualifier,type material of Coprinus sclerocystidiosus,CBS:195.52,MH856996,yes,9,NR_164277 Coprinellus sclerocystidiosus Denmark,https://www.ncbi.nlm.nih.gov/nuccore/NR_164277
NR_166276,Entoloma ekaterinae,holotype,high,GenBank /type_material qualifier,holotype of Entoloma ekaterinae,LE<RUS>:312053,MK693215,yes,9,NR_166276 Entoloma ekaterinae LE:312053 Stavropol Krai RU,https://www.ncbi.nlm.nih.gov/nuccore/NR_166276
NR_166277,Entoloma erhardii,holotype,high,GenBank /type_material qualifier,holotype of Entoloma erhardii,LE<RUS>:312051,MK693218,yes,9,NR_166277 Entoloma erhardii LE:312051 New Jersey US,https://www.ncbi.nlm.nih.gov/nuccore/NR_166277
NR_166381,Hohenbuehelia thornii,type,high,GenBank /type_material qualifier,type material of Hohenbuehelia thornii,AMB:18086,KU355342,yes,9,NR_166381 Hohenbuehelia thornii AMB:18086 Italy,https://www.ncbi.nlm.nih.gov/nuccore/NR_166381
NR_167953,Psathyrella rybergii,type,high,GenBank /type_material qualifier,type material of Psathyrella rybergii,GB:LO373-06,KC992893,yes,9,NR_167953 Psathyrella rybergii GB:LO373-06 Sweden,https://www.ncbi.nlm.nih.gov/nuccore/NR_167953
NR_171115,Cortinarius castaneopallidus,holotype,high,GenBank /type_material qualifier,holotype of Cortinarius castaneopallidus,PC:2001-124,MT934952,yes,9,NR_171115 Cortinarius castaneopallidus PC:2001-124 France,https://www.ncbi.nlm.nih.gov/nuccore/NR_171115
NR_171131,Cortinarius intempestivus,holotype,high,GenBank /type_material qualifier,holotype of Cortinarius intempestivus,PC:1157,MT935166,yes,9,NR_171131 Cortinarius intempestivus PC:1157 France,https://www.ncbi.nlm.nih.gov/nuccore/NR_171131
NR_171357,Cortinarius semiodoratus,holotype,high,GenBank /type_material qualifier,holotype of Cortinarius semiodoratus,PC:R. Henry 91.6,MT935427,yes,9,NR_171357 Cortinarius semiodoratus PC:R. Henry 91.6 France,https://www.ncbi.nlm.nih.gov/nuccore/NR_171357
NR_171845,Ramaria thindii,holotype,high,GenBank /type_material qualifier,holotype of Ramaria thindii,CAL:1786,MN046114,yes,9,NR_171845 Ramaria thindii CAL:1786 Sikkim IN,https://www.ncbi.nlm.nih.gov/nuccore/NR_171845
NR_172342,Cortinarius raphanoides,neotype,high,GenBank /type_material qualifier,neotype of Agaricus raphanoides,IB:M. Moser 1974-0434,MT935374,yes,9,NR_172342 Cortinarius raphanoides IB:M. Moser 1974-0434 Sweden,https://www.ncbi.nlm.nih.gov/nuccore/NR_172342
NR_172344,Cortinarius rusticus,lectotype,high,GenBank /type_material qualifier,lectotype of Cortinarius rusticus,H:PK3802,MT935409,yes,9,NR_172344 Cortinarius rusticus H:PK3802 Finland,https://www.ncbi.nlm.nih.gov/nuccore/NR_172344
NR_172758,Psathyrella subargillacea,holotype,high,GenBank /type_material qualifier,holotype of Psathyrella subargillacea,MICH:12058,MF325999,yes,9,NR_172758 Psathyrella psammophila MICH:12058 United States,https://www.ncbi.nlm.nih.gov/nuccore/NR_172758
NR_172786,Fuscoporia chinensis,holotype,high,GenBank /type_material qualifier,holotype of Fuscoporia chinensis,BJFC:019817,MN816721,yes,9,NR_172786 Fuscoporia chinensis BJFC:019817 Australia,https://www.ncbi.nlm.nih.gov/nuccore/NR_172786
NR_172980,Hygrophorus canadensis,holotype,high,GenBank /type_material qualifier,holotype of Hygrophorus canadensis,DAOM:HRL2344,MT981628,yes,9,NR_172980 Hygrophorus canadensis DAOM:HRL2344 Canada,https://www.ncbi.nlm.nih.gov/nuccore/NR_172980
NR_173079,Cortinarius hinnuleocanadensis,holotype,high,GenBank /type_material qualifier,holotype of Cortinarius hinnuleocanadensis,H:7068025,MZ568648,yes,9,NR_173079 Cortinarius hinnuleocanadensis H:7068025 Quebec CA,https://www.ncbi.nlm.nih.gov/nuccore/NR_173079
NR_173162,Psathyrella ovispora,holotype,high,GenBank /type_material qualifier,holotype of Psathyrella ovispora,AH:33724,MF966497,yes,9,NR_173162 Psathyrella ovispora AH:33724,https://www.ncbi.nlm.nih.gov/nuccore/NR_173162
NR_173206,Lactarius fumosus var. occidentalis,holotype,high,GenBank /type_material qualifier,holotype of Lactarius fumosus var. occidentalis,MICH:11143,MW412394,yes,9,NR_173206 Lactarius fumosus var. occidentalis MICH:11143 Oregon US,https://www.ncbi.nlm.nih.gov/nuccore/NR_173206
NR_173214,Psathyrella quercicola,holotype,high,GenBank /type_material qualifier,holotype of Psathyrella quercicola,MICH:5851,MW412405,yes,9,NR_173214 Psathyrella quercicola MICH:5851 Oregon US,https://www.ncbi.nlm.nih.gov/nuccore/NR_173214
NR_173223,Gymnopilus aurantiophyllus,holotype,high,GenBank /type_material qualifier,holotype of Gymnopilus aurantiophyllus,MICH:10980,MW412415,yes,9,NR_173223 Gymnopilus aurantiophyllus MICH:10980 Oregon US,https://www.ncbi.nlm.nih.gov/nuccore/NR_173223
NR_173285,Mycena bicystidiata,holotype,high,GenBank /type_material qualifier,holotype of Mycena bicystidiata,HMJAU:43648,MK309773,yes,9,NR_173285 Mycena bicystidiata HMJAU:43648,https://www.ncbi.nlm.nih.gov/nuccore/NR_173285
NR_173951,Entoloma canadense,holotype,high,GenBank /type_material qualifier,holotype of Entoloma canadense,L:0608149,MT940867,yes,9,NR_173951 Entoloma canadense L:0608149 Castellón ES,https://www.ncbi.nlm.nih.gov/nuccore/NR_173951
NR_173973,Pseudosperma solare,holotype,high,GenBank /type_material qualifier,holotype of Pseudosperma solare,STU:SMNS-STU-F-0901563,MW647627,yes,9,NR_173973 Pseudosperma solare STU:SMNS-STU-F-0901563 Germany,https://www.ncbi.nlm.nih.gov/nuccore/NR_173973
NR_174658,Cortinarius anomalodelicatus,holotype,high,GenBank /type_material qualifier,holotype of Cortinarius anomalodelicatus,WTU:J. F. Ammirati 8146,MZ580480,yes,9,NR_174658 Cortinarius anomalodelicatus WTU:J. F. Ammirati 8146 Colorado US,https://www.ncbi.nlm.nih.gov/nuccore/NR_174658
NR_174816,Ramaria ossolana,holotype,high,GenBank /type_material qualifier,holotype of Ramaria ossolana,AMB:18527 Holotype,MT055908,yes,9,NR_174816 Ramaria ossolana AMB:18527 Holotype Verbano-Cusio-Ossola IT,https://www.ncbi.nlm.nih.gov/nuccore/NR_174816
NR_174828,Hypomyces sichuanensis,holotype,high,GenBank /type_material qualifier,holotype of Hypomyces sichuanensis,HMAS:291302,MW037200,yes,9,NR_174828 Hypomyces sichuanensis HMAS:291302 China,https://www.ncbi.nlm.nih.gov/nuccore/NR_174828
NR_174862,Inocybe lampetiana,holotype,high,GenBank /type_material qualifier,holotype of Inocybe lampetiana,STU:SMNS-STU-F-0901494,MW845891,yes,9,NR_174862 Inocybe lampetiana STU:SMNS-STU-F-0901494 Germany,https://www.ncbi.nlm.nih.gov/nuccore/NR_174862
NR_174893,Chroogomphus pakistanicus,holotype,high,GenBank /type_material qualifier,holotype of Chroogomphus pakistanicus,LAH:35889,MK509771,yes,9,NR_174893 Chroogomphus pakistanicus LAH:35889 Pakistan,https://www.ncbi.nlm.nih.gov/nuccore/NR_174893
NR_175046,Hebeloma melleum,holotype,high,GenBank /type_material qualifier,holotype of Hebeloma melleum,IB:IB19920061,KX765807,yes,9,NR_175046 Hebeloma melleum IB:IB19920061 Austria,https://www.ncbi.nlm.nih.gov/nuccore/NR_175046
NR_175660,Plectania sichuanensis,holotype,high,GenBank /type_material qualifier,holotype of Plectania sichuanensis,HKAS:107664,MW077547,yes,9,NR_175660 Plectania sichuanensis HKAS:107664 Sichuan CN,https://www.ncbi.nlm.nih.gov/nuccore/NR_175660
NR_175750,Agrocybe humosa,lectotype,high,GenBank /type_material qualifier,lectotype of Hebeloma humosum,SAPA:10000033,MZ725546,yes,9,NR_175750 Agrocybe humosa SAPA:10000033 Japan,https://www.ncbi.nlm.nih.gov/nuccore/NR_175750
NR_175755,Leucoagaricus erminiae,holotype,high,GenBank /type_material qualifier,holotype of Leucoagaricus erminiae,AMB:18732,MZ958695,yes,9,NR_175755 Leucoagaricus erminiae AMB:18732 Mantua IT,https://www.ncbi.nlm.nih.gov/nuccore/NR_175755
NR_176155,Entoloma cyaneolilacinum,holotype,high,GenBank /type_material qualifier,holotype of Entoloma cyaneolilacinum,O:F-252009,MW934582,yes,9,NR_176155 Entoloma cyaneolilacinum O:F-252009 Norway,https://www.ncbi.nlm.nih.gov/nuccore/NR_176155
NR_176169,Inocybe demetris,holotype,high,GenBank /type_material qualifier,holotype of Inocybe demetris,STU:SMNS-STU-F-0901593,OK057184,yes,9,NR_176169 Inocybe demetris STU:SMNS-STU-F-0901593 Germany,https://www.ncbi.nlm.nih.gov/nuccore/NR_176169
NR_176695,Hydnum alboluteum,holotype,high,GenBank /type_material qualifier,holotype of Hydnum alboluteum,TUMH:63988,LC621802,no,9,NR_176695 Hydnum alboluteum TUMH:63988 Tottori JP,https://www.ncbi.nlm.nih.gov/nuccore/NR_176695
NR_176702,Hydnum tottoriense,holotype,high,GenBank /type_material qualifier,holotype of Hydnum tottoriense,TUMH:64091,LC621890,no,9,NR_176702 Hydnum tottoriense TUMH:64091 Tottori JP,https://www.ncbi.nlm.nih.gov/nuccore/NR_176702
NR_176746,Rhodocybe brunneoaurantiaca,holotype,high,GenBank /type_material qualifier,holotype of Rhodocybe brunneoaurantiaca,CAL:1825,MW031906,yes,9,NR_176746 Rhodocybe brunneoaurantiaca CAL:1825 West Bengal IN,https://www.ncbi.nlm.nih.gov/nuccore/NR_176746
NR_177482,Adustochaete rava,holotype,high,GenBank /type_material qualifier,holotype of Adustochaete rava,URM<BRA>:92997,MK391517,yes,9,NR_177482 Adustochaete rava URM:92997 Rondônia BR,https://www.ncbi.nlm.nih.gov/nuccore/NR_177482
NR_177629,Entoloma caeruleopinophilum,holotype,high,GenBank /type_material qualifier,holotype of Entoloma caeruleopinophilum,L:0607572,OL343530,yes,9,NR_177629 Entoloma caeruleopinophilum L:0607572 Canary Islands ES,https://www.ncbi.nlm.nih.gov/nuccore/NR_177629
NR_182343,Tolypocladium reniformisporum,ex-holotype,high,GenBank /type_material qualifier,culture from holotype of Tolypocladium reniformisporum,YFCC:1805002,MK984582,yes,9,NR_182343 Tolypocladium reniformisporum China,https://www.ncbi.nlm.nih.gov/nuccore/NR_182343
NR_182390,Austroboletus brunneisquamus,holotype,high,GenBank /type_material qualifier,holotype of Austroboletus brunneisquamus,FHMU:5876,MZ855495,yes,9,NR_182390 Austroboletus brunneisquamus FHMU:5876 Hainan CN,https://www.ncbi.nlm.nih.gov/nuccore/NR_182390
NR_182563,Gymnopus longus,holotype,high,GenBank /type_material qualifier,holotype of Gymnopus longus,HMJAU:60291,OM030285,yes,9,NR_182563 Gymnopus longus HMJAU:60291 China,https://www.ncbi.nlm.nih.gov/nuccore/NR_182563
NR_182680,Psathyrella rogersiae,holotype,high,GenBank /type_material qualifier,holotype of Psathyrella rogersiae,MCVE:29120,MF325995,yes,9,NR_182680 Psathyrella rogersiae MCVE:29120 Italy,https://www.ncbi.nlm.nih.gov/nuccore/NR_182680
NR_182812,Inocybe paragiacomi,holotype,high,GenBank /type_material qualifier,holotype of Inocybe paragiacomi,GB:0156959,MK153670,yes,9,NR_182812 Inocybe paragiacomi GB:0156959,https://www.ncbi.nlm.nih.gov/nuccore/NR_182812
NR_183003,Pluteus siccus,holotype,high,GenBank /type_material qualifier,holotype of Pluteus siccus,LE<RUS>:313356,ON864113,yes,9,NR_183003 Pluteus siccus LE:313356 Russia,https://www.ncbi.nlm.nih.gov/nuccore/NR_183003
NR_185438,Inocybe carissima,holotype,high,GenBank /type_material qualifier,holotype of Inocybe carissima,STU:SMNS-STU-F-0901701,OP164058,yes,9,NR_185438 Inocybe carissima STU SMNS-STU-F-0901701 ITS region; from TYPE material,https://www.ncbi.nlm.nih.gov/nuccore/NR_185438
NR_185519,Lactarius flavigalactus,type,high,GenBank /type_material qualifier,type material of Lactarius flavigalactus,GENT:AVKDKVP-09-021,KT165264,yes,9,NR_185519 Lactarius flavigalactus GENT:AVKDKVP-09-021 India,https://www.ncbi.nlm.nih.gov/nuccore/NR_185519
NR_185731,Hydnellum crassipileatum,holotype,high,GenBank /type_material qualifier,holotype of Hydnellum crassipileatum,BJFC:030320,ON603660,yes,9,NR_185731 Hydnellum crassipileatum BJFC:030320,https://www.ncbi.nlm.nih.gov/nuccore/NR_185731
NR_187066,Amanita cretaceaverruca,holotype,high,GenBank /type_material qualifier,holotype of Amanita cretaceaverruca,PERTH:09479627,OP235481,yes,9,NR_187066 Amanita cretaceaverruca PERTH:09479627 Australia,https://www.ncbi.nlm.nih.gov/nuccore/NR_187066
NR_187091,Leucoagaricus thallensis,holotype,high,GenBank /type_material qualifier,holotype of Leucoagaricus thallensis,LAH:37619,OP972578,yes,9,NR_187091 Leucocoprinus thalensis LAH:37619,https://www.ncbi.nlm.nih.gov/nuccore/NR_187091
NR_189788,Agaricus armandomyces,holotype,high,GenBank /type_material qualifier,holotype of Agaricus armandomyces,HMAS:275768,KX684860,yes,9,NR_189788 Agaricus armandomyces HMAS:275768,https://www.ncbi.nlm.nih.gov/nuccore/NR_189788
NR_189882,Fuscoporia semicephala,holotype,high,GenBank /type_material qualifier,holotype of Fuscoporia semicephala,SFC:20170524-08,ON427764,yes,9,NR_189882 Fuscoporia semicephala SFC:20170524-08 South Korea,https://www.ncbi.nlm.nih.gov/nuccore/NR_189882
NR_191145,Hyphodermella pallidostraminea,holotype,high,GenBank /type_material qualifier,holotype of Hyphodermella pallidostraminea,LE<RUS>:286968,OK138912,yes,9,NR_191145 Hyphodermella pallidostraminea LE 286968 from TYPE material LE:286968 Russia: Jewish Autonomous Oblast,https://www.ncbi.nlm.nih.gov/nuccore/NR_191145
NR_191307,Neoboletus cinnamomeus,holotype,high,GenBank /type_material qualifier,holotype of Neoboletus cinnamomeus,BJTC:FM1055,OR655157,yes,9,NR_191307 Neoboletus cinnamomeus BJTC FM1055 from TYPE material BJTC:FM1055,https://www.ncbi.nlm.nih.gov/nuccore/NR_191307
NR_197884,Hebeloma mackinawense,holotype,high,GenBank /type_material qualifier,holotype of Hebeloma mackinawense,MICH:10763,OQ100108,yes,9,NR_197884 Hebeloma mackinawense MICH:10763 United States,https://www.ncbi.nlm.nih.gov/nuccore/NR_197884
NR_198035,Psathyrella pratensis,holotype,high,GenBank /type_material qualifier,holotype of Psathyrella pratensis,MICH:12009,MF325994,yes,9,NR_198035 Psathyrella pratensis MICH:12009 United States,https://www.ncbi.nlm.nih.gov/nuccore/NR_198035
NR_198086,Tricholoma griseoviolaceum,holotype,high,GenBank /type_material qualifier,holotype of Tricholoma griseoviolaceum,SFSU:F-000786,MN809562,yes,9,NR_198086 Tricholoma griseoviolaceum SFSU:F-000786 California US,https://www.ncbi.nlm.nih.gov/nuccore/NR_198086
LN850494,Entoloma rhodopolium,neotype,high,GenBank /type_material qualifier,neotype of Agaricus rhodopolius,neotype 213/14 TUR,,,8,LN850494 Entoloma rhodopolium neotype 213/14 TUR Sweden,https://www.ncbi.nlm.nih.gov/nuccore/LN850494
LN850530,Entoloma paragaudatum,holotype,high,GenBank /type_material qualifier,holotype of Entoloma paragaudatum,holotype 383/08 TUR,,,8,LN850530 Entoloma paragaudatum holotype 383/08 TUR Finland,https://www.ncbi.nlm.nih.gov/nuccore/LN850530
LN850544,Entoloma rivulare,holotype,high,GenBank /type_material qualifier,holotype of Entoloma rivulare,holotype 703/12 TUR,,,8,LN850544 Entoloma rivulare holotype 703/12 TUR Finland,https://www.ncbi.nlm.nih.gov/nuccore/LN850544
NR_119871,Pluteus castroae,holotype,high,GenBank /type_material qualifier,holotype of Pluteus castroae,TNS:F-17602,HM562092,no,8,NR_119871 Pluteus castroae TNS:F-17602 Japan,https://www.ncbi.nlm.nih.gov/nuccore/NR_119871
NR_120025,Phylloporus rubiginosus,isotype,high,GenBank /type_material qualifier,isotype of Phylloporus rubiginosus,NY:1491248,JQ003645,yes,8,NR_120025 Phylloporus rubiginosus NY:1491248 Thailand,https://www.ncbi.nlm.nih.gov/nuccore/NR_120025
NR_120289,Otidea mirabilis,holotype,high,GenBank /type_material qualifier,holotype of Otidea mirabilis,S:F256929,KF717580,yes,8,NR_120289 Otidea mirabilis GMFN:1951 Vercelli IT,https://www.ncbi.nlm.nih.gov/nuccore/NR_120289
NR_130277,Phlegmacium tirolianum,holotype,high,GenBank /type_material qualifier,holotype of Cortinarius tirolianus,PC:P. Moenne-Loccoz 4341,KF732460,yes,8,NR_130277 Cortinarius tirolianus PC:P. Moenne-Loccoz 4341 France,https://www.ncbi.nlm.nih.gov/nuccore/NR_130277
NR_130298,Cortinarius parafulmineus,holotype,high,GenBank /type_material qualifier,holotype of Cortinarius parafulmineus,G:00126946,KF732552,yes,8,NR_130298 Cortinarius parafulmineus G:00126946 France,https://www.ncbi.nlm.nih.gov/nuccore/NR_130298
NR_130299,Calonarius flavipallens,holotype,high,GenBank /type_material qualifier,holotype of Cortinarius flavipallens,H:6032745,KF732554,yes,8,NR_130299 Cortinarius flavipallens H:6032745 Finland,https://www.ncbi.nlm.nih.gov/nuccore/NR_130299
NR_130301,Phlegmacium subfraudulosum,holotype,high,GenBank /type_material qualifier,holotype of Cortinarius subfraudulosus,H:I. Kytovuori 11-006,KF732564,yes,8,NR_130301 Cortinarius subfraudulosus H:I. Kytovuori 11-006 Norway,https://www.ncbi.nlm.nih.gov/nuccore/NR_130301
NR_131849,Cortinarius birkebakii,holotype,high,GenBank /type_material qualifier,holotype of Cortinarius birkebakii,WTU:J. M. Birkebak 10-20-2007-18,KP087973,yes,8,NR_131849 Cortinarius birkebakii WTU:J. M. Birkebak 10-20-2007-18 Florida US,https://www.ncbi.nlm.nih.gov/nuccore/NR_131849
NR_131875,Cortinarius ferrugineovelatus,holotype,high,GenBank /type_material qualifier,holotype of Cortinarius ferrugineovelatus,personal:T. Niskanen:04-947,KP137508,yes,8,NR_131875 Cortinarius ferrugineovelatus personal:T. Niskanen:04-947 Sweden,https://www.ncbi.nlm.nih.gov/nuccore/NR_131875
NR_131879,Cortinarius fuscescens,holotype,high,GenBank /type_material qualifier,holotype of Cortinarius fuscescens,personal:T. Niskanen:08-008,KP165546,yes,8,NR_131879 Cortinarius fuscescens personal:T. Niskanen:08-008 Finland,https://www.ncbi.nlm.nih.gov/nuccore/NR_131879
NR_131886,Cortinarius murinascens,holotype,high,GenBank /type_material qualifier,holotype of Cortinarius murinascens,H:I. Kytovuori 08-958,KP165570,yes,8,NR_131886 Cortinarius murinascens H:I. Kytovuori 08-958 Finland,https://www.ncbi.nlm.nih.gov/nuccore/NR_131886
NR_132895,Geastrum thanatophilum,holotype,high,GenBank /type_material qualifier,holotype of Geastrum thanatophilum,MICH:72012,KF988364,yes,8,NR_132895 Geastrum thanatophilum MICH:72012 United States,https://www.ncbi.nlm.nih.gov/nuccore/NR_132895
NR_137539,Collybiopsis melanopus,holotype,high,GenBank /type_material qualifier,holotype of Gymnopus melanopus,SFSU:A.W. Wilson 54,AY263425,yes,8,NR_137539 Gymnopus melanopus SFSU:A.W. Wilson 54,https://www.ncbi.nlm.nih.gov/nuccore/NR_137539
NR_148063,Peziza lohjaoensis,holotype,high,GenBank /type_material qualifier,holotype of Peziza lohjaoensis,H:30.V.1982,AF491576,no,8,NR_148063 Peziza lohjaoensis H:30.V.1982,https://www.ncbi.nlm.nih.gov/nuccore/NR_148063
NR_148069,Peziza oliviae,holotype,high,GenBank /type_material qualifier,holotype of Peziza oliviae,OSC:148300,JX415340,yes,8,NR_148069 Peziza oliviae OSC:148300,https://www.ncbi.nlm.nih.gov/nuccore/NR_148069
NR_152350,Inocybe caerulata,holotype,high,GenBank /type_material qualifier,holotype of Inocybe caerulata,PDD:97860,KJ756490,yes,8,NR_152350 Inocybe caerulata PDD:97860 Manawatu-Wanganui NZ,https://www.ncbi.nlm.nih.gov/nuccore/NR_152350
NR_152987,Lactarius hengduanensis,holotype,high,GenBank /type_material qualifier,holotype of Lactarius hengduanensis,HKAS:62011,KY174923,yes,8,NR_152987 Lactarius hengduanensis HKAS:62011 Yunnan CN,https://www.ncbi.nlm.nih.gov/nuccore/NR_152987
NR_153160,Inocybe subangustifolia,holotype,high,GenBank /type_material qualifier,holotype of Inocybe subangustifolia,BRI:794269,KP636870,yes,8,NR_153160 Inocybe subangustifolia BRI:794269 Queensland AU,https://www.ncbi.nlm.nih.gov/nuccore/NR_153160
NR_153247,Russula kanadii,holotype,high,GenBank /type_material qualifier,holotype of Russula kanadii,CAL:1162,KJ866933,yes,8,NR_153247.1 Russula kanadii specimen_voucher CAL:1162 India holotype,https://www.ncbi.nlm.nih.gov/nuccore/NR_153247
NR_153266,Suillus kwangtungensis,holotype,high,GenBank /type_material qualifier,holotype of Suillus kwangtungensis,HKAS:71979,KU721539,yes,8,NR_153266 Suillus kwangtungensis HKAS:71979 Guangdong CN,https://www.ncbi.nlm.nih.gov/nuccore/NR_153266
NR_154115,Laccaria yunnanensis,holotype,high,GenBank /type_material qualifier,holotype of Laccaria yunnanensis,KUN:F 78558,JQ670897,yes,8,NR_154115 Laccaria yunnanensis KUN:F 78558,https://www.ncbi.nlm.nih.gov/nuccore/NR_154115
NR_154166,Melanoleuca leucopoda,holotype,high,GenBank /type_material qualifier,holotype of Melanoleuca leucopoda,HMAS:267623,KF220637,yes,8,NR_154166 Melanoleuca leucopoda HMAS:267623 China,https://www.ncbi.nlm.nih.gov/nuccore/NR_154166
NR_154853,Cantharellus cyphelloides,holotype,high,GenBank /type_material qualifier,holotype of Cantharellus cyphelloides,TNS:F-61721,LC047743,no,8,NR_154853 Cantharellus cyphelloides TNS:F-61721 Miyazaki JP,https://www.ncbi.nlm.nih.gov/nuccore/NR_154853
NR_158483,Hypomyces tubariicola,ex-holotype,high,GenBank /type_material qualifier,culture from holotype of Nectriopsis tubariicola,CBS:115.79,KU382164,yes,8,NR_158483 Hypomyces tubariicola Netherlands,https://www.ncbi.nlm.nih.gov/nuccore/NR_158483
NR_158893,Pseudobaeospora wipapatiae,holotype,high,GenBank /type_material qualifier,holotype of Pseudobaeospora wipapatiae,SFSU:DED 8605,KF271798,yes,8,NR_158893 Pseudobaeospora wipapatiae SFSU:DED 8605 Hawaii US,https://www.ncbi.nlm.nih.gov/nuccore/NR_158893
NR_158917,Pseudobaeospora lilacina,holotype,high,GenBank /type_material qualifier,holotype of Pseudobaeospora lilacina,SYAU:FUNGI-009,KU528840,yes,8,NR_158917 Pseudobaeospora lilacina SYAU:FUNGI-009 China,https://www.ncbi.nlm.nih.gov/nuccore/NR_158917
NR_158955,Cyanosporus yanae,holotype,high,GenBank /type_material qualifier,holotype of Postia yanae,H:7034942,MG137121,yes,8,NR_158955 Postia yanae H:7034942 Sakha RU,https://www.ncbi.nlm.nih.gov/nuccore/NR_158955
NR_159571,Amanita caojizong,holotype,high,GenBank /type_material qualifier,holotype of Amanita caojizong,HKAS:79673,MH508291,yes,8,NR_159571 Amanita caojizong HKAS:79673 Yunnan CN,https://www.ncbi.nlm.nih.gov/nuccore/NR_159571
NR_159823,Crepidotus rufidulus,isotype,high,GenBank /type_material qualifier,isotype of Crepidotus rufidulus,PDD:98272,KY827319,yes,8,NR_159823 Crepidotus rufidulus PDD:98272 New Zealand,https://www.ncbi.nlm.nih.gov/nuccore/NR_159823
NR_160475,Tubaria peculiaris,holotype,high,GenBank /type_material qualifier,holotype of Tubaria peculiaris,PDD:72769,KY827304,yes,8,NR_160475 Tubaria peculiaris PDD:72769 New Zealand,https://www.ncbi.nlm.nih.gov/nuccore/NR_160475
NR_164583,Mallocybe siciliana,holotype,high,GenBank /type_material qualifier,holotype of Inocybe siciliana,AMB:18274,MG757417,yes,8,NR_164583 Inocybe siciliana AMB:18274 Ragusa IT,https://www.ncbi.nlm.nih.gov/nuccore/NR_164583
NR_166216,Boletus pseudopinophilus,holotype,high,GenBank /type_material qualifier,holotype of Boletus pseudopinophilus,FLAS:ARB1267,KX610682,yes,8,NR_166216 Boletus pseudopinophilus FLAS:ARB1267 Georgia US,https://www.ncbi.nlm.nih.gov/nuccore/NR_166216
NR_169943,Hericium rajendrae,holotype,high,GenBank /type_material qualifier,holotype of Hericium rajendrae,CAL:1717,MH890521,yes,8,NR_169943 Hericium rajendrae CAL:1717 Uttarakhand IN,https://www.ncbi.nlm.nih.gov/nuccore/NR_169943
NR_171128,Cortinarius griseovioleipes,holotype,high,GenBank /type_material qualifier,holotype of Cortinarius griseovioleipes,PC:889,MT935106,yes,8,NR_171128 Cortinarius falsosus PC:889 France,https://www.ncbi.nlm.nih.gov/nuccore/NR_171128
NR_171158,Cortinarius subparvannulatus,holotype,high,GenBank /type_material qualifier,holotype of Cortinarius subparvannulatus,PC:1728,MT935512,yes,8,NR_171158 Cortinarius subparvannulatus PC:1728,https://www.ncbi.nlm.nih.gov/nuccore/NR_171158
NR_171308,Cortinarius albolens,holotype,high,GenBank /type_material qualifier,holotype of Cortinarius albolens,PC:A. Bidaud 97-10-368,MT934855,yes,8,NR_171308 Cortinarius albolens PC:A. Bidaud 97-10-368 France,https://www.ncbi.nlm.nih.gov/nuccore/NR_171308
NR_172329,Cortinarius diosmus,lectotype,high,GenBank /type_material qualifier,lectotype of Cortinarius diosmus,G:110647,MT935017,yes,8,NR_172329 Cortinarius diosmus G:110647 France,https://www.ncbi.nlm.nih.gov/nuccore/NR_172329
NR_172417,Lepiota omninoflava,holotype,high,GenBank /type_material qualifier,holotype of Lepiota omninoflava,HKAS:106734,MN810157,yes,8,NR_172417 Lepiota omninoflava HKAS:106734 Yunnan CN,https://www.ncbi.nlm.nih.gov/nuccore/NR_172417
NR_172755,Neofavolus americanus,holotype,high,GenBank /type_material qualifier,holotype of Neofavolus americanus,BJFC:Dai 12761,KX900072,yes,8,NR_172755 Neofavolus americanus BJFC:Dai 12761 United States,https://www.ncbi.nlm.nih.gov/nuccore/NR_172755
NR_172797,Hygrocybe rubroconica,holotype,high,GenBank /type_material qualifier,holotype of Hygrocybe rubroconica,GDGM:45213,MW001786,yes,8,NR_172797 Hygrocybe rubroconica GDGM:45213 Guangdong CN,https://www.ncbi.nlm.nih.gov/nuccore/NR_172797
NR_172991,Cortinarius xantholamellatus,holotype,high,GenBank /type_material qualifier,holotype of Cortinarius xantholamellatus,PC:A. Bidaud 5410,MW009253,yes,8,NR_172991 Cortinarius xantholamellatus PC:A. Bidaud 5410 France,https://www.ncbi.nlm.nih.gov/nuccore/NR_172991
NR_173070,Cortinarius albobrunnescens,holotype,high,GenBank /type_material qualifier,holotype of Cortinarius albobrunnescens,H:7068024,MZ568633,yes,8,NR_173070 Cortinarius albobrunnescens H:7068024 Florida US,https://www.ncbi.nlm.nih.gov/nuccore/NR_173070
NR_173225,Gymnopilus subsapineus,isotype,high,GenBank /type_material qualifier,isotype of Gymnopilus subsapineus,MICH:10994,MW412417,yes,8,NR_173225 Gymnopilus subsapineus MICH:10994 Oregon US,https://www.ncbi.nlm.nih.gov/nuccore/NR_173225
NR_173758,Inocybe baltica,holotype,high,GenBank /type_material qualifier,holotype of Inocybe baltica,TUR:A JV28046,KX384172,yes,8,NR_173758 Inocybe baltica TUR:A JV28046 Estonia,https://www.ncbi.nlm.nih.gov/nuccore/NR_173758
NR_173788,Inocybe villosa,holotype,high,GenBank /type_material qualifier,holotype of Inocybe villosa,KR:M-0042327,MH366605,yes,8,NR_173788 Inocybe villosa KR:M-0042327 Germany,https://www.ncbi.nlm.nih.gov/nuccore/NR_173788
NR_173794,Phylloporus pusillus,holotype,high,GenBank /type_material qualifier,holotype of Phylloporus pusillus,CMUB:OR1310,MH686279,yes,8,NR_173794 Phylloporus pusillus CMUB:OR1310 Thailand,https://www.ncbi.nlm.nih.gov/nuccore/NR_173794
NR_173824,Russula shanglaensis,holotype,high,GenBank /type_material qualifier,holotype of Russula shanglaensis,HUP:SUR433,MK579185,yes,8,NR_173824 Russula shanglaensis HUP:SUR433 Pakistan,https://www.ncbi.nlm.nih.gov/nuccore/NR_173824
NR_173953,Arrhenia subglobisemen,epitype,high,GenBank /type_material qualifier,epitype of Arrhenia subglobisemen,BBF:GC15100901,MT967349,yes,8,NR_173953 Arrhenia subglobisemen BBF:GC15100901 France,https://www.ncbi.nlm.nih.gov/nuccore/NR_173953
NR_173967,Inosperma dodonae,holotype,high,GenBank /type_material qualifier,holotype of Inosperma dodonae,STU:SMNS-STU-F-0901253,MW647615,yes,8,NR_173967 Inosperma dodonae STU:SMNS-STU-F-0901253 Netherlands,https://www.ncbi.nlm.nih.gov/nuccore/NR_173967
NR_174071,Hydnellum rubidofuscum,holotype,high,GenBank /type_material qualifier,holotype of Hydnellum rubidofuscum,IFP:019408,MW579951,yes,8,NR_174071 Hydnellum rubidofuscum IFP:019408,https://www.ncbi.nlm.nih.gov/nuccore/NR_174071
NR_174827,Hypomyces ampullaris,holotype,high,GenBank /type_material qualifier,holotype of Hypomyces ampullaris,HMAS:291301,MW037198,yes,8,NR_174827 Hypomyces ampullaris HMAS:291301 China,https://www.ncbi.nlm.nih.gov/nuccore/NR_174827
NR_174859,Inocybe ghibliana,holotype,high,GenBank /type_material qualifier,holotype of Inocybe ghibliana,STU:SMNS-STU-F-0901256,MW845878,yes,8,NR_174859 Inocybe ghibliana STU:SMNS-STU-F-0901256 Germany,https://www.ncbi.nlm.nih.gov/nuccore/NR_174859
NR_174865,Inocybe plurabellae,holotype,high,GenBank /type_material qualifier,holotype of Inocybe plurabellae,STU:SMNS-STU-F-0901260,MW845901,yes,8,NR_174865 Inocybe plurabellae STU:SMNS-STU-F-0901260 Germany,https://www.ncbi.nlm.nih.gov/nuccore/NR_174865
NR_174870,Inocybe tiburtina,holotype,high,GenBank /type_material qualifier,holotype of Inocybe tiburtina,STU:SMNS-STU-F-0901565,MW845939,yes,8,NR_174870 Inocybe tiburtina STU:SMNS-STU-F-0901565 Germany,https://www.ncbi.nlm.nih.gov/nuccore/NR_174870
NR_175072,Inocybe splendentoides,holotype,high,GenBank /type_material qualifier,holotype of Inocybe splendentoides,LIP:MB89165,MG012470,yes,8,NR_175072 Inocybe splendentoides LIP:MB89165 France,https://www.ncbi.nlm.nih.gov/nuccore/NR_175072
NR_175701,Phylloporus tenuissimus,holotype,high,GenBank /type_material qualifier,holotype of Phylloporus tenuissimus,FHMU:2964,MW588646,yes,8,NR_175701 Phylloporus tenuissimus FHMU:2964 Hainan CN,https://www.ncbi.nlm.nih.gov/nuccore/NR_175701
NR_175703,Tricholoma atrofibrillosum,holotype,high,GenBank /type_material qualifier,holotype of Tricholoma atrofibrillosum,WTU:F:073048,MW597267,yes,8,NR_175703 Tricholoma atrofibrillosum WTU:F:073048 Alaska US,https://www.ncbi.nlm.nih.gov/nuccore/NR_175703
NR_175733,Hydnum tenuistipitum,holotype,high,GenBank /type_material qualifier,holotype of Hydnum tenuistipitum,IFP:019476,MW980576,yes,8,NR_175733 Hydnum tenuistipitum IFP:019476 China,https://www.ncbi.nlm.nih.gov/nuccore/NR_175733
NR_176108,Deconica milvispora,holotype,high,GenBank /type_material qualifier,holotype of Deconica milvispora,TENN:F-067013,KC669314,yes,8,NR_176108 Deconica milvispora TENN:F-067013 Australia,https://www.ncbi.nlm.nih.gov/nuccore/NR_176108
NR_176134,Hygrocybe macambrarensis,holotype,high,GenBank /type_material qualifier,holotype of Hygrocybe macambrarensis,SFSU:BAP 597,MT117076,yes,8,NR_176134 Hygrocybe macambrarensis SFSU:BAP 597 Príncipe ST,https://www.ncbi.nlm.nih.gov/nuccore/NR_176134
NR_176183,Tricholosporum haitangshanum,holotype,high,GenBank /type_material qualifier,holotype of Tricholosporum haitangshanum,HMJAU:33972,OK576388,yes,8,NR_176183 Tricholosporum haitangshanum HMJAU:33972,https://www.ncbi.nlm.nih.gov/nuccore/NR_176183
NR_177123,Marasmius neotropicalis,holotype,high,GenBank /type_material qualifier,holotype of Marasmius neotropicalis,SP:445420,KP635183,yes,8,NR_177123 Marasmius neotropicalis SP:445420 Brazil,https://www.ncbi.nlm.nih.gov/nuccore/NR_177123
NR_177127,Marasmius venatifolius,holotype,high,GenBank /type_material qualifier,holotype of Marasmius venatifolius,SP:445485,KP635203,yes,8,NR_177127 Marasmius venatifolius SP:445485 Brazil,https://www.ncbi.nlm.nih.gov/nuccore/NR_177127
NR_177617,Entoloma nubooccultatum,holotype,high,GenBank /type_material qualifier,holotype of Entoloma nubooccultatum,UCH:9243,MZ611675,yes,8,NR_177617 Entoloma nubooccultatum UCH:9243 Panama,https://www.ncbi.nlm.nih.gov/nuccore/NR_177617
NR_177631,Entoloma benedictinum,holotype,high,GenBank /type_material qualifier,holotype of Entoloma benedictinum,L:0607571,OL343532,yes,8,NR_177631 Entoloma benedictinum L:0607571 Italy,https://www.ncbi.nlm.nih.gov/nuccore/NR_177631
NR_177634,Entoloma rivipollense,holotype,high,GenBank /type_material qualifier,holotype of Entoloma rivipollense,L:0607585,OL343535,yes,8,NR_177634 Entoloma rivipollense L:0607585 Barcelona ES,https://www.ncbi.nlm.nih.gov/nuccore/NR_177634
NR_178165,Cortinarius pacificus,holotype,high,GenBank /type_material qualifier,holotype of Cortinarius pacificus,H:7071156,MZ728074,yes,8,NR_178165 Fungi H:7071156 Washington US,https://www.ncbi.nlm.nih.gov/nuccore/NR_178165
NR_182333,Fulvifomes costaricensis,isotype,high,GenBank /type_material qualifier,isotype of Fulvifomes costaricensis,BJFC:JV 1607_103,MH390414,yes,8,NR_182333 Fulvifomes costaricensis BJFC:JV 1607_103 Costa Rica,https://www.ncbi.nlm.nih.gov/nuccore/NR_182333
NR_182585,Gymnopus strigosipes,holotype,high,GenBank /type_material qualifier,holotype of Gymnopus strigosipes,HMAS:295796,OM970874,yes,8,NR_182585 Gymnopus strigosipes HMAS:295796 Guizhou CN,https://www.ncbi.nlm.nih.gov/nuccore/NR_182585
NR_182819,Clitopilus hobsonii,epitype,high,GenBank /type_material qualifier,epitype of Agaricus hobsonii,K(M):122842,MN855372,yes,8,NR_182819 Clitopilus hobsonii K(M):122842 United Kingdom,https://www.ncbi.nlm.nih.gov/nuccore/NR_182819
NR_182992,Trametopsis tasmanica,holotype,high,GenBank /type_material qualifier,holotype of Trametopsis tasmanica,BJFC:029905,ON041048,yes,8,NR_182992 Trametopsis tasmanica BJFC:029905 Australia,https://www.ncbi.nlm.nih.gov/nuccore/NR_182992
NR_184501,Inocybe trollii,holotype,high,GenBank /type_material qualifier,holotype of Inocybe trollii,STU:SMNS-STU-F-0901674,ON003430,yes,8,NR_184501 Inocybe trollii STU:SMNS-STU-F-0901674 Austria,https://www.ncbi.nlm.nih.gov/nuccore/NR_184501
NR_185426,Inocybe griseovelata,epitype,high,GenBank /type_material qualifier,epitype of Inocybe griseovelata,STU:SMNS-STU-F-0901568,MW845942,yes,8,NR_185426 Inocybe griseovelata STU:SMNS-STU-F-0901568 Germany,https://www.ncbi.nlm.nih.gov/nuccore/NR_185426
NR_185575,Russula brevispora,holotype,high,GenBank /type_material qualifier,holotype of Russula brevispora,HGAS:MF009915,MN648956,yes,8,NR_185575 Russula brevispora HGAS:MF009915 Guizhou CN,https://www.ncbi.nlm.nih.gov/nuccore/NR_185575
NR_186983,Lactarius gloeocarpus,holotype,high,GenBank /type_material qualifier,holotype of Lactarius gloeocarpus,MHHNU:3ZP-2287,OL770165,yes,8,NR_186983 Lactarius gloeocarpus MHHNU:3ZP-2287 Hunan CN,https://www.ncbi.nlm.nih.gov/nuccore/NR_186983
NR_187009,Mycena subulata,holotype,high,GenBank /type_material qualifier,holotype of Mycena subulata,FFAAS:0423,ON427737,yes,8,NR_187009 Mycena subulata FFAAS:0423,https://www.ncbi.nlm.nih.gov/nuccore/NR_187009
NR_189407,Inocybe juturnae,holotype,high,GenBank /type_material qualifier,holotype of Inocybe juturnae,STU:SMNS-STU-F-0901767,OQ324780,yes,8,NR_189407 Inocybe juturnae STU:SMNS-STU-F-0901767 Germany,https://www.ncbi.nlm.nih.gov/nuccore/NR_189407
NR_189927,Pluteus flammans,holotype,high,GenBank /type_material qualifier,holotype of Pluteus flammans,BRNM:829078,OQ331563,yes,8,NR_189927 Pluteus flammans BRNM:829078 Slovakia,https://www.ncbi.nlm.nih.gov/nuccore/NR_189927
NR_191094,Volvariella paludosa,holotype,high,GenBank /type_material qualifier,holotype of Volvariella paludosa,LE<RUS>:313556,MN872838,yes,8,NR_191094 Volvariella paludosa LE:313556 Russia,https://www.ncbi.nlm.nih.gov/nuccore/NR_191094
NR_191281,Helvella albopatella,holotype,high,GenBank /type_material qualifier,holotype of Helvella albopatella,BJTC:FM2610-A,OR355082,yes,8,NR_191281 BJTC:FM2610-A,https://www.ncbi.nlm.nih.gov/nuccore/NR_191281
NR_198036,Psathyrella ellenae var. yubaensis,holotype,high,GenBank /type_material qualifier,holotype of Psathyrella ellenae var. yubaensis,MICH:11919,MF326011,yes,8,NR_198036 Psathyrella ellenae var. yubaensis MICH:11919 United States,https://www.ncbi.nlm.nih.gov/nuccore/NR_198036
NR_198043,Geastrum nigrum,holotype,high,GenBank /type_material qualifier,holotype of Geastrum nigrum,HAL:1816,MG282096,yes,8,NR_198043 Geastrum nigrum HAL:1816 Germany,https://www.ncbi.nlm.nih.gov/nuccore/NR_198043
NR_198056,Psilocybe azurescens,holotype,high,GenBank /type_material qualifier,holotype of Psilocybe azurescens,WTU:F:019095,MK169342,yes,8,NR_198056 Psilocybe azurescens WTU:F:019095 Oregon US,https://www.ncbi.nlm.nih.gov/nuccore/NR_198056
NR_198060,Hydropus pseudotenax,holotype,high,GenBank /type_material qualifier,holotype of Mycena pseudotenax,MICH:7168,MK169371,yes,8,NR_198060 Hydropus pseudotenax MICH:7168 Oregon US,https://www.ncbi.nlm.nih.gov/nuccore/NR_198060
NR_198201,Gymnopilus rubellus,holotype,high,GenBank /type_material qualifier,holotype of Gymnopilus rubellus,LAH:36996,OL964403,yes,8,NR_198201 Gymnopilus rubellus LAH:36996 Pakistan,https://www.ncbi.nlm.nih.gov/nuccore/NR_198201
NR_198275,Pholiota subcaespitosa,holotype,high,GenBank /type_material qualifier,holotype of Pholiota subcaespitosa,HMJAU:37330,OP244888,yes,8,NR_198275 Pholiota subcaespitosa HMJAU:37330 Jilin CN,https://www.ncbi.nlm.nih.gov/nuccore/NR_198275
NR_198610,Entoloma occultatum,holotype,high,GenBank /type_material qualifier,holotype of Entoloma occultatum,L:0608197,OR417331,yes,8,NR_198610 Entoloma occultatum L:0608197 Netherlands,https://www.ncbi.nlm.nih.gov/nuccore/NR_198610
NR_198693,Pholiotina rufidispora,holotype,high,GenBank /type_material qualifier,holotype of Pholiotina rufidispora,HMJAU:65027,OR995707,yes,8,NR_198693 Pholiotina rufidispora HMJAU:65027,https://www.ncbi.nlm.nih.gov/nuccore/NR_198693
NR_198749,Pluteus fumidus,holotype,high,GenBank /type_material qualifier,holotype of Pluteus fumidus,LE<RUS>:F-347557,PP583795,yes,8,NR_198749 Pluteus fumidus LE:F-347557 Russia,https://www.ncbi.nlm.nih.gov/nuccore/NR_198749
NR_200290,Abieticola koreana,holotype,high,GenBank /type_material qualifier,holotype of Abieticola koreana,CNUFC:EML-F0010-,JN977612,yes,8,NR_200290 Abieticola koreana CNUFC:EML-F0010- Daejeon KR,https://www.ncbi.nlm.nih.gov/nuccore/NR_200290
NR_200685,Panaeolus pantropicalis,holotype,high,GenBank /type_material qualifier,holotype of Panaeolus pantropicalis,JBSD:130972,PP590036,yes,8,NR_200685 Panaeolus pantropicalis JBSD:130972 Dominican Republic,https://www.ncbi.nlm.nih.gov/nuccore/NR_200685
NR_200896,Cuphophyllus lijiangensis,holotype,high,GenBank /type_material qualifier,holotype of Cuphophyllus lijiangensis,KUN-HKAS:138532,PQ358896,yes,8,NR_200896 Cuphophyllus lijiangensis KUN-HKAS:138532 Yunnan CN,https://www.ncbi.nlm.nih.gov/nuccore/NR_200896
NR_200904,Clavulinopsis wumengshanensis,holotype,high,GenBank /type_material qualifier,holotype of Clavulinopsis wumengshanensis,SWFC:CLZhao 29612,PQ408629,yes,8,NR_200904 Clavulinopsis wumengshanensis SWFC:CLZhao 29612,https://www.ncbi.nlm.nih.gov/nuccore/NR_200904
LN850600,Entoloma philocistus,paratype,high,GenBank /type_material qualifier,paratype of Entoloma philocistus,paratype WU18871,,,7,LN850600 Entoloma philocistus paratype WU18871 Portugal,https://www.ncbi.nlm.nih.gov/nuccore/LN850600
LN850624,Entoloma boreale,holotype,high,GenBank /type_material qualifier,holotype of Entoloma boreale,holotype 106/09 TUR,,,7,LN850624 Entoloma boreale holotype 106/09 TUR Finland,https://www.ncbi.nlm.nih.gov/nuccore/LN850624
NR_119720,Crepidotus tennesseensis,holotype,high,GenBank /type_material qualifier,holotype of Crepidotus tennesseensis,TENN:029144,FJ601806,no,7,NR_119720 Crepidotus tennesseensis TENN:029144 Tennessee US,https://www.ncbi.nlm.nih.gov/nuccore/NR_119720
NR_119897,Hygrocybe singeri,isotype,high,GenBank /type_material qualifier,isotype of Hygrophorus singeri,TENN:023666,HQ185708,no,7,NR_119897 Hygrocybe singeri TENN:023666 Oregon US,https://www.ncbi.nlm.nih.gov/nuccore/NR_119897
NR_119968,Amanita vernicoccora,holotype,high,GenBank /type_material qualifier,holotype of Amanita vernicoccora,UC<USA-CA>:1860906,JN133297,yes,7,NR_119968 Amanita vernicoccora UC:1860906 California US,https://www.ncbi.nlm.nih.gov/nuccore/NR_119968
NR_120026,Phylloporus dimorphus,isotype,high,GenBank /type_material qualifier,isotype of Phylloporus dimorphus,NY:1491201,JQ003648,yes,7,NR_120026 Phylloporus dimorphus NY:1491201 Thailand,https://www.ncbi.nlm.nih.gov/nuccore/NR_120026
NR_120120,Phylloporus brunneiceps,holotype,high,GenBank /type_material qualifier,holotype of Phylloporus brunneiceps,HKAS:56903,JQ967241,yes,7,NR_120120 Phylloporus brunneiceps HKAS:56903 Yunnan CN,https://www.ncbi.nlm.nih.gov/nuccore/NR_120120
NR_130208,Phlegmacium citriolens,holotype,high,GenBank /type_material qualifier,holotype of Cortinarius citriolens,IB:19970122,KF732282,yes,7,NR_130208 Cortinarius citriolens IB:19970122 United States,https://www.ncbi.nlm.nih.gov/nuccore/NR_130208
NR_130213,Calonarius cupreorufus,isotype,high,GenBank /type_material qualifier,isotype of Cortinarius cupreorufus,S:F47383,KF732294,yes,7,NR_130213 Cortinarius cupreorufus S:F47383 Sweden,https://www.ncbi.nlm.nih.gov/nuccore/NR_130213
NR_130229,Calonarius metarius,holotype,high,GenBank /type_material qualifier,holotype of Cortinarius metarius,MICH:10374,KF732347,yes,7,NR_130229 Cortinarius metarius MICH:10374 United States,https://www.ncbi.nlm.nih.gov/nuccore/NR_130229
NR_130238,Calonarius olympianus,holotype,high,GenBank /type_material qualifier,holotype of Cortinarius olympianus,MICH:10386,KF732364,yes,7,NR_130238 Cortinarius olympianus MICH:10386 United States,https://www.ncbi.nlm.nih.gov/nuccore/NR_130238
NR_131808,Cortinarius barlowensis,holotype,high,GenBank /type_material qualifier,holotype of Cortinarius barlowensis,WTU:J.F. Ammirati 13140,FJ717554,no,7,NR_131808 Cortinarius barlowensis WTU:J.F. Ammirati 13140 United States,https://www.ncbi.nlm.nih.gov/nuccore/NR_131808
NR_132800,Gomphidius borealis,holotype,high,GenBank /type_material qualifier,holotype of Gomphidius borealis,IB:NR19990532,AY077469,yes,7,NR_132800 Gomphidius borealis IB:NR19990532,https://www.ncbi.nlm.nih.gov/nuccore/NR_132800
NR_137793,Truncospora macrospora,holotype,high,GenBank /type_material qualifier,holotype of Truncospora macrospora,BJFC:Cui 8106,JX941573,yes,7,NR_137793 Truncospora macrospora BJFC:Cui 8106 China,https://www.ncbi.nlm.nih.gov/nuccore/NR_137793
NR_138376,Spirosphaera floriformis,type,high,GenBank /type_material qualifier,type material of Spirosphaera floriformis,CBS:402.52,HQ696658,yes,7,NR_138376 Spirosphaera floriformis,https://www.ncbi.nlm.nih.gov/nuccore/NR_138376
NR_138411,Gyroporus lacteus,epitype,high,GenBank /type_material qualifier,epitype of Gyroporus lacteus,MCVE:28582,KT363682,yes,7,NR_138411 Gyroporus lacteus MCVE:28582 Italy,https://www.ncbi.nlm.nih.gov/nuccore/NR_138411
NR_147633,Amanita molliuscula,holotype,high,GenBank /type_material qualifier,holotype of Amanita molliuscula,HKAS:77324,KJ466409,yes,7,NR_147633.1 Amanita molliuscula specimen_voucher HKAS 77324 China holotype,https://www.ncbi.nlm.nih.gov/nuccore/NR_147633
NR_148104,Peziza nordica,holotype,high,GenBank /type_material qualifier,holotype of Peziza nordica,FH:00304781,KU898045,yes,7,NR_148104 Peziza nordica FH:00304781 Norway,https://www.ncbi.nlm.nih.gov/nuccore/NR_148104
NR_151653,Amanita subpallidorosea,holotype,high,GenBank /type_material qualifier,holotype of Amanita subpallidorosea,HKAS:85403,KP691683,yes,7,NR_151653 Amanita subpallidorosea HKAS:85403 Guizhou CN,https://www.ncbi.nlm.nih.gov/nuccore/NR_151653
NR_151654,Amanita arenicola,holotype,high,GenBank /type_material qualifier,holotype of Amanita arenicola,NY:00560911,KU985216,yes,7,NR_151654 Amanita arenicola NY:00560911 British Virgin Islands,https://www.ncbi.nlm.nih.gov/nuccore/NR_151654
NR_152361,Inocybe nigricans,holotype,high,GenBank /type_material qualifier,holotype of Inocybe nigricans,TENN:066635,KP308787,yes,7,NR_152361 Inocybe nigricans TENN:066635 Western Australia AU,https://www.ncbi.nlm.nih.gov/nuccore/NR_152361
NR_152901,Gymnopus barbipes,holotype,high,GenBank /type_material qualifier,holotype of Gymnopus barbipes,TENN:67855,KJ416269,yes,7,NR_152901 Gymnopus barbipes TENN:67855 Tennessee US,https://www.ncbi.nlm.nih.gov/nuccore/NR_152901
NR_153009,Phlegmacium subrubrovelatum,holotype,high,GenBank /type_material qualifier,holotype of Cortinarius glaucopus var. subrubrovelatus,PC:A. Bidaud 97-11-431,KF732317,yes,7,NR_153009 Cortinarius glaucopus var. subrubrovelatus PC:A. Bidaud 97-11-431 France,https://www.ncbi.nlm.nih.gov/nuccore/NR_153009
NR_153046,Phlegmacium hedyaromaticum,holotype,high,GenBank /type_material qualifier,holotype of Cortinarius hedyaromaticus,MONT:C. Cripps CLC316,KR090563,yes,7,NR_153046 Cortinarius hedyaromaticus MONT:C. Cripps CLC316 Tennessee US,https://www.ncbi.nlm.nih.gov/nuccore/NR_153046
NR_153161,Inocybe subferruginea,holotype,high,GenBank /type_material qualifier,holotype of Inocybe subferruginea,PERTH:08074437,KP636874,yes,7,NR_153161 Inocybe subferruginea PERTH:08074437 Western Australia AU,https://www.ncbi.nlm.nih.gov/nuccore/NR_153161
NR_153226,Suillus himalayensis,holotype,high,GenBank /type_material qualifier,holotype of Suillus himalayensis,PUN:5535,KF699850,yes,7,NR_153226 Suillus himalayensis PUN:5535,https://www.ncbi.nlm.nih.gov/nuccore/NR_153226
NR_153253,Pluteus variabilicolor,isotype,high,GenBank /type_material qualifier,isotype of Pluteus variabilicolor,BP:FN 56936,KP192912,yes,7,NR_153253 Pluteus variabilicolor BP:FN 56936 Hungary,https://www.ncbi.nlm.nih.gov/nuccore/NR_153253
NR_154113,Laccaria aurantia,holotype,high,GenBank /type_material qualifier,holotype of Laccaria aurantia,KUN:F 78557,JQ670895,yes,7,NR_154113 Laccaria aurantia KUN:F 78557,https://www.ncbi.nlm.nih.gov/nuccore/NR_154113
NR_154163,Melanoleuca exscissa,epitype,high,GenBank /type_material qualifier,epitype of Melanoleuca exscissa,GB:65455,JX429192,yes,7,NR_154163 Melanoleuca exscissa GB:65455 Västra Götaland SE,https://www.ncbi.nlm.nih.gov/nuccore/NR_154163
NR_154165,Mycofalcella calcarata,ex-type,high,GenBank /type_material qualifier,culture from type material of Mycofalcella calcarata,CCMF:10289,KC834065,yes,7,NR_154165 Mycofalcella calcarata,https://www.ncbi.nlm.nih.gov/nuccore/NR_154165
NR_154690,Amanita protecta,paratype,high,GenBank /type_material qualifier,paratype of Amanita protecta,RET:086-6,KP224325,yes,7,NR_154690 Amanita protecta RET:086-6 California US,https://www.ncbi.nlm.nih.gov/nuccore/NR_154690
NR_155721,Ramaria abetonensis,holotype,high,GenBank /type_material qualifier,holotype of Ramaria abetonensis,MCVE:28638,KT357472,yes,7,NR_155721 Ramaria abetonensis MCVE:28638,https://www.ncbi.nlm.nih.gov/nuccore/NR_155721
NR_155971,Xerocomellus poederi,holotype,high,GenBank /type_material qualifier,holotype of Xerocomellus poederi,AH:44050,KU355475,yes,7,NR_155971 Xerocomellus poederi AH:44050,https://www.ncbi.nlm.nih.gov/nuccore/NR_155971
NR_156301,Cortinarius cypripedi,holotype,high,GenBank /type_material qualifier,holotype of Cortinarius cypripedi,PDD:107723,KT875199,yes,7,NR_156301 Cortinarius cypripedi PDD:107723 New Zealand,https://www.ncbi.nlm.nih.gov/nuccore/NR_156301
NR_156553,Turmalinea chrysocarpa,holotype,high,GenBank /type_material qualifier,holotype of Turmalinea chrysocarpa,HKAS:70601,KC552003,yes,7,NR_156553 Turmalinea chrysocarpa HKAS:70601 China,https://www.ncbi.nlm.nih.gov/nuccore/NR_156553
NR_158341,Coprinopsis pseudomarcescibilis,holotype,high,GenBank /type_material qualifier,holotype of Coprinopsis pseudomarcescibilis,AH:33711,KY698008,yes,7,NR_158341 Coprinopsis pseudomarcescibilis AH:33711,https://www.ncbi.nlm.nih.gov/nuccore/NR_158341
NR_158357,Porotheleum albidum,type,high,GenBank /type_material qualifier,type material of Clitocybula albida,CUH:AM064,MG250188,yes,7,NR_158357 Clitocybula albida CUH:AM064 India,https://www.ncbi.nlm.nih.gov/nuccore/NR_158357
NR_158413,Cyathus amazonicus,holotype,high,GenBank /type_material qualifier,holotype of Cyathus amazonicus,URM<BRA>:80036,KY495280,yes,7,NR_158413 Cyathus amazonicus URM:80036 Brazil,https://www.ncbi.nlm.nih.gov/nuccore/NR_158413
NR_158497,Hydnum melitosarx,holotype,high,GenBank /type_material qualifier,holotype of Hydnum melitosarx,H:7043937,KX388683,yes,7,NR_158497 Hydnum melitosarx H:7043937 Alaska US,https://www.ncbi.nlm.nih.gov/nuccore/NR_158497
NR_158508,Geesterania davidii,type,high,GenBank /type_material qualifier,type material of Geesterania davidii,SP:446193,KY174998,yes,7,NR_158508.1 Geesterania davidii SP 446193 ITS region; from TYPE material,https://www.ncbi.nlm.nih.gov/nuccore/NR_158508
NR_159846,Cymatoderma pallens,type,high,GenBank /type_material qualifier,type material of Cymatoderma pallens,CBS:327.66,MH858808,yes,7,NR_159846 Cymatoderma pallens Cameroon,https://www.ncbi.nlm.nih.gov/nuccore/NR_159846
NR_160144,Tricladium terrestre,ex-type,high,GenBank /type_material qualifier,culture from type material of Tricladium terrestre,CBS:697.73,MH860789,yes,7,NR_160144 Tricladium terrestre Northern Ireland GB,https://www.ncbi.nlm.nih.gov/nuccore/NR_160144
NR_160496,Inocybe lemmi,holotype,high,GenBank /type_material qualifier,holotype of Inocybe lemmi,TUR:A 204243,MG574394,yes,7,NR_160496 Inocybe lemmi TUR:A 204243 Sweden,https://www.ncbi.nlm.nih.gov/nuccore/NR_160496
NR_164032,Hydnum cuspidatum,holotype,high,GenBank /type_material qualifier,holotype of Hydnum cuspidatum,TENN:073068,MH379944,yes,7,NR_164032 Hydnum cuspidatum TENN:073068 North Carolina US,https://www.ncbi.nlm.nih.gov/nuccore/NR_164032
NR_164552,Inocybe suecica,holotype,high,GenBank /type_material qualifier,holotype of Inocybe suecica,GB:EL60-14,KX384177,yes,7,NR_164552 Inocybe suecica GB EL60-14 ITS region; from TYPE material,https://www.ncbi.nlm.nih.gov/nuccore/NR_164552
NR_170035,Cortinarius flammeouraceus,holotype,high,GenBank /type_material qualifier,holotype of Cortinarius flammeouraceus,H:6029919,MT112165,yes,7,NR_170035 Cortinarius flammeouraceus H:6029919 Alaska US,https://www.ncbi.nlm.nih.gov/nuccore/NR_170035
NR_171156,Cortinarius subobtusobrunneus,holotype,high,GenBank /type_material qualifier,holotype of Cortinarius subobtusobrunneus,PC:1691,MT935504,yes,7,NR_171156 Cortinarius subobtusobrunneus PC:1691 France,https://www.ncbi.nlm.nih.gov/nuccore/NR_171156
NR_171344,Cortinarius lacustris,holotype,high,GenBank /type_material qualifier,holotype of Cortinarius lacustris,G:4232,MT935182,yes,7,NR_171344 Cortinarius lacustris G:4232 France,https://www.ncbi.nlm.nih.gov/nuccore/NR_171344
NR_171350,Cortinarius pelargoniostriatulus,holotype,high,GenBank /type_material qualifier,holotype of Cortinarius pelargoniostriatulus,PC:A. Bidaud 07-08-42,MT935291,yes,7,NR_171350 Cortinarius pelargoniostriatulus PC:A. Bidaud 07-08-42,https://www.ncbi.nlm.nih.gov/nuccore/NR_171350
NR_171359,Cortinarius solidus,holotype,high,GenBank /type_material qualifier,holotype of Cortinarius solidus,G:4253,MT935438,yes,7,NR_171359 Cortinarius solidus G:4253 France,https://www.ncbi.nlm.nih.gov/nuccore/NR_171359
NR_172279,Russula ryukokuensis,holotype,high,GenBank /type_material qualifier,holotype of Russula ryukokuensis,TNS:F-70425,MH037292,yes,7,NR_172279 Russula ryukokuensis TNS:F-70425 Shiga JP,https://www.ncbi.nlm.nih.gov/nuccore/NR_172279
NR_172328,Cortinarius craticius,neotype,high,GenBank /type_material qualifier,neotype of Cortinarius craticius,H:T. Niskanen 05-069,MT934988,yes,7,NR_172328 Cortinarius craticius H:T. Niskanen 05-069 Finland,https://www.ncbi.nlm.nih.gov/nuccore/NR_172328
NR_172750,Austroboletus asper,holotype,high,GenBank /type_material qualifier,holotype of Austroboletus asper,MEL:2371703,KP242152,yes,7,NR_172750 Austroboletus asper MEL:2371703 Western Australia AU,https://www.ncbi.nlm.nih.gov/nuccore/NR_172750
NR_172789,Tricholomopsis rubroaurantiaca,holotype,high,GenBank /type_material qualifier,holotype of Tricholomopsis rubroaurantiaca,GDGM:61492,MN912495,yes,7,NR_172789 Tricholomopsis rubroaurantiaca GDGM:61492 Guangdong CN,https://www.ncbi.nlm.nih.gov/nuccore/NR_172789
NR_172798,Hygrocybe griseonigricans,holotype,high,GenBank /type_material qualifier,holotype of Hygrocybe griseonigricans,GDGM:73527,MW001790,yes,7,NR_172798 Hygrocybe griseonigricans GDGM:73527 China,https://www.ncbi.nlm.nih.gov/nuccore/NR_172798
NR_172982,Hygrophorus pustulatoides,holotype,high,GenBank /type_material qualifier,holotype of Hygrophorus pustulatoides,DAOM:HRL2832,MT981658,yes,7,NR_172982 Hygrophorus pustulatoides DAOM:HRL2832 Canada,https://www.ncbi.nlm.nih.gov/nuccore/NR_172982
NR_172987,Cortinarius flavifolius,epitype,high,GenBank /type_material qualifier,epitype of Cortinarius flavifolius,TENN:068695,MW009217,yes,7,NR_172987 Cortinarius flavifolius TENN:068695 Tennessee US,https://www.ncbi.nlm.nih.gov/nuccore/NR_172987
NR_174655,Cortinarius clackamasensis,holotype,high,GenBank /type_material qualifier,holotype of Cortinarius clackamasensis,WTU:J. F. Ammirati 11616,MZ580452,yes,7,NR_174655 Cortinarius clackamasensis WTU:J. F. Ammirati 11616 Oregon US,https://www.ncbi.nlm.nih.gov/nuccore/NR_174655
NR_174867,Inocybe scolopacis,holotype,high,GenBank /type_material qualifier,holotype of Inocybe scolopacis,STU:SMNS-STU-F-0901527,MW845913,yes,7,NR_174867 Inocybe scolopacis STU:SMNS-STU-F-0901527 Germany,https://www.ncbi.nlm.nih.gov/nuccore/NR_174867
NR_175041,Hebeloma incarnatulum,holotype,high,GenBank /type_material qualifier,holotype of Hebeloma incarnatulum,MICH:10752,KT218477,yes,7,NR_175041 Hebeloma incarnatulum MICH:10752 United States,https://www.ncbi.nlm.nih.gov/nuccore/NR_175041
NR_175773,Exsudoporus floridanus,epitype,high,GenBank /type_material qualifier,epitype of Boletus frostii subsp. floridanus,FLAS:F-59069,OL960514,yes,7,NR_175773 Exsudoporus floridanus FLAS:F-59069 Florida US,https://www.ncbi.nlm.nih.gov/nuccore/NR_175773
NR_176150,Megasporoporia inflata,holotype,high,GenBank /type_material qualifier,holotype of Megasporoporia inflata,BJFC:025011,MW694887,yes,7,NR_176150 Megasporoporia inflata BJFC:025011 Malaysia,https://www.ncbi.nlm.nih.gov/nuccore/NR_176150
NR_176154,Entoloma coracis,holotype,high,GenBank /type_material qualifier,holotype of Entoloma coracis,O:F-256850,MW934571,yes,7,NR_176154 Entoloma coracis O:F-256850 Norway,https://www.ncbi.nlm.nih.gov/nuccore/NR_176154
NR_176176,Notholepista fistulosa,holotype,high,GenBank /type_material qualifier,holotype of Notholepista fistulosa,HKAS:115934,OK104077,yes,7,NR_176176.1 Notholepista fistulosa specimen_voucher HKAS:115934 China: Gansu holotype,https://www.ncbi.nlm.nih.gov/nuccore/NR_176176
NR_176713,Conocybe parapilosella,holotype,high,GenBank /type_material qualifier,holotype of Conocybe parapilosella,MA:Fungi:90551,MN872706,yes,7,NR_176713 Conocybe parapilosella MA:Fungi:90551 Balearic Islands ES,https://www.ncbi.nlm.nih.gov/nuccore/NR_176713
NR_176720,Clavulinopsis trigonospora,holotype,high,GenBank /type_material qualifier,holotype of Clavulinopsis trigonospora,AMB:18557,MT055939,yes,7,NR_176720 Clavulinopsis trigonospora AMB:18557 Lucca IT,https://www.ncbi.nlm.nih.gov/nuccore/NR_176720
NR_176761,Cortinarius melleoalbus,holotype,high,GenBank /type_material qualifier,holotype of Cortinarius melleoalbus,H:7071154,MZ728072,yes,7,NR_176761 Fungi H:7071154 Washington US,https://www.ncbi.nlm.nih.gov/nuccore/NR_176761
NR_177460,Lactifluus subvolemus,holotype,high,GenBank /type_material qualifier,holotype of Lactifluus subvolemus,GENT:KVP 08-49,JQ753928,yes,7,NR_177460 Lactifluus subvolemus GENT:KVP 08-49,https://www.ncbi.nlm.nih.gov/nuccore/NR_177460
NR_177495,Sarcodon coactus,holotype,high,GenBank /type_material qualifier,holotype of Sarcodon coactus,IFP:019351,MN846278,yes,7,NR_177495 Sarcodon coactus IFP:019351 China,https://www.ncbi.nlm.nih.gov/nuccore/NR_177495
NR_177496,Sarcodon lidongensis,holotype,high,GenBank /type_material qualifier,holotype of Sarcodon lidongensis,IFP:019357,MN846280,yes,7,NR_177496 Sarcodon lidongensis IFP:019357 China,https://www.ncbi.nlm.nih.gov/nuccore/NR_177496
NR_177615,Entoloma aurantiovirescens,holotype,high,GenBank /type_material qualifier,holotype of Entoloma aurantiovirescens,M:KaiR623,MZ611665,yes,7,NR_177615 Entoloma aurantiovirescens M:KaiR623 Panama,https://www.ncbi.nlm.nih.gov/nuccore/NR_177615
NR_178151,Cortinarius scabridipileus,holotype,high,GenBank /type_material qualifier,holotype of Cortinarius scabridipileus,H:7000550,MT112168,yes,7,NR_178151 Cortinarius scabridipileus H:7000550 Östergötland SE,https://www.ncbi.nlm.nih.gov/nuccore/NR_178151
NR_178167,Calocybella goethei,holotype,high,GenBank /type_material qualifier,holotype of Calocybella goethei,JBSD:130968,MZ970330,yes,7,NR_178167 Calocybella goethei JBSD:130968 Dominican Republic,https://www.ncbi.nlm.nih.gov/nuccore/NR_178167
NR_182365,Pseudosperma napaeanum,holotype,high,GenBank /type_material qualifier,holotype of Pseudosperma napaeanum,STU:SMNSSTU-F-0901463,MW010040,yes,7,NR_182365 Pseudosperma napaeanum STU:SMNSSTU-F-0901463 Germany,https://www.ncbi.nlm.nih.gov/nuccore/NR_182365
NR_182408,Leucoagaricus croceus,holotype,high,GenBank /type_material qualifier,holotype of Leucoagaricus croceus,MFLU:19-1331,OL413492,yes,7,NR_182408 Leucoagaricus croceus MFLU:19-1331 Thailand,https://www.ncbi.nlm.nih.gov/nuccore/NR_182408
NR_182418,Gyroporus atrocyanescens,holotype,high,GenBank /type_material qualifier,holotype of Gyroporus atrocyanescens,GDGM:75894,ON502909,yes,7,NR_182418 Gyroporus atrocyanescens GDGM:75894 China,https://www.ncbi.nlm.nih.gov/nuccore/NR_182418
NR_182474,Cortinarius alces,holotype,high,GenBank /type_material qualifier,holotype of Cortinarius alces,H:7071980,OL584179,yes,7,NR_182474 Cortinarius alces H:7071980 Alaska US,https://www.ncbi.nlm.nih.gov/nuccore/NR_182474
NR_182477,Entoloma meridionale,holotype,high,GenBank /type_material qualifier,holotype of Entoloma meridionale,ACAM<GRC>:2018-0153,OL679700,yes,7,NR_182477 Entoloma meridionale ACAM:2018-0153 Peloponnese GR,https://www.ncbi.nlm.nih.gov/nuccore/NR_182477
NR_182679,Psathyrella ochrofulva,holotype,high,GenBank /type_material qualifier,holotype of Psathyrella agrariella var. ochrofulva,MICH:11858,MF325987,yes,7,NR_182679 Psathyrella ochrofulva MICH:11858 United States,https://www.ncbi.nlm.nih.gov/nuccore/NR_182679
NR_182991,Trametopsis abieticola,holotype,high,GenBank /type_material qualifier,holotype of Trametopsis abieticola,BJFC:035242,ON041039,yes,7,NR_182991 Trametopsis abieticola BJFC:035242 China,https://www.ncbi.nlm.nih.gov/nuccore/NR_182991
NR_184458,Polyporus austrosinensis,holotype,high,GenBank /type_material qualifier,holotype of Polyporus austrosinensis,BJFC:Cui 11123,KX900047,yes,7,NR_184458 Polyporus austrosinensis BJFC:Cui 11123 China,https://www.ncbi.nlm.nih.gov/nuccore/NR_184458
NR_185592,Hydnellum fagiscabrosum,holotype,high,GenBank /type_material qualifier,holotype of Hydnellum fagiscabrosum,GB:0195805,MW144294,yes,7,NR_185592 Hydnellum fagiscabrosum GB:0195805 Sweden,https://www.ncbi.nlm.nih.gov/nuccore/NR_185592
NR_185594,Hydnellum scabrosellum,holotype,high,GenBank /type_material qualifier,holotype of Hydnellum scabrosellum,GB:0195689,MW144379,yes,7,NR_185594 Hydnellum scabrosellum GB:0195689 Sweden,https://www.ncbi.nlm.nih.gov/nuccore/NR_185594
NR_185678,Chalciporus citrinoaurantius,holotype,high,GenBank /type_material qualifier,holotype of Chalciporus citrinoaurantius,GDGM:44776,OM877502,yes,7,NR_185678 Chalciporus citrinoaurantius GDGM:44776 China,https://www.ncbi.nlm.nih.gov/nuccore/NR_185678
NR_186961,Neonothopanus cystidiosus,holotype,high,GenBank /type_material qualifier,holotype of Neonothopanus cystidiosus,HMJAU:48222,MW298683,yes,7,NR_186961 Neonothopanus cystidiosus HMJAU:48222,https://www.ncbi.nlm.nih.gov/nuccore/NR_186961
NR_187068,Amanita cretaceaverruca,holotype,high,GenBank /type_material qualifier,holotype of Amanita cretaceaverruca,PERTH:09479627,OP235483,yes,7,NR_187068 Amanita cretaceaverruca PERTH:09479627 Australia,https://www.ncbi.nlm.nih.gov/nuccore/NR_187068
NR_187078,Amanita cretaceaverruca,holotype,high,GenBank /type_material qualifier,holotype of Amanita cretaceaverruca,PERTH:09479627,OP235507,yes,7,NR_187078 Amanita cretaceaverruca PERTH:09479627 Australia,https://www.ncbi.nlm.nih.gov/nuccore/NR_187078
NR_189898,Hymenopellis straminea,holotype,high,GenBank /type_material qualifier,holotype of Hymenopellis straminea,MFLU:22-0138,OP265162,yes,7,NR_189898 Hymenopellis straminea MFLU:22-0138 Thailand,https://www.ncbi.nlm.nih.gov/nuccore/NR_189898
NR_189949,Amanita claristriata,holotype,high,GenBank /type_material qualifier,holotype of Amanita claristriata,CMUB:39992,OQ780686,yes,7,NR_189949 Amanita claristriata CMUB:39992 Chiang Mai TH,https://www.ncbi.nlm.nih.gov/nuccore/NR_189949
NR_191124,Entoloma brunneicoeruleum,holotype,high,GenBank /type_material qualifier,holotype of Entoloma brunneicoeruleum,LE<RUS>:302098,MZ145170,yes,7,NR_191124 Melanoleuca sp. 'BC01' LE:302098,https://www.ncbi.nlm.nih.gov/nuccore/NR_191124
NR_191282,Helvella multiformis,holotype,high,GenBank /type_material qualifier,holotype of Helvella multiformis,BJTC:FM1130,OR355100,yes,7,NR_191282 BJTC:FM1130,https://www.ncbi.nlm.nih.gov/nuccore/NR_191282
NR_197469,Cortinarius rufoanuliferus,holotype,high,GenBank /type_material qualifier,holotype of Cortinarius rufoanuliferus,IB:1983/386,MT935403,yes,7,NR_197469 Cortinarius rufoanuliferus IB 1983_386 from TYPE material IB:1983/386,https://www.ncbi.nlm.nih.gov/nuccore/NR_197469
NR_198059,Mycena overholtsii,holotype,high,GenBank /type_material qualifier,holotype of Mycena overholtsii,MICH:11513,MK169370,yes,7,NR_198059 Mycena overholtsii MICH:11513 Wyoming US,https://www.ncbi.nlm.nih.gov/nuccore/NR_198059
NR_198071,Volvariella similis,holotype,high,GenBank /type_material qualifier,holotype of Volvariella similis,C:F-84720,MK770141,yes,7,NR_198071 Volvariella similis C:F-84720 Zealand DK,https://www.ncbi.nlm.nih.gov/nuccore/NR_198071
NR_198577,Fulvifomes rhizophorus,holotype,high,GenBank /type_material qualifier,holotype of Fulvifomes rhizophorus,SFC:20170118-26,OR168715,yes,7,NR_198577 Fulvifomes rhizophorus SFC:20170118-26 Ohio US,https://www.ncbi.nlm.nih.gov/nuccore/NR_198577
NR_198688,Pholiotina eburnea,holotype,high,GenBank /type_material qualifier,holotype of Pholiotina eburnea,HMJAU:65035,OR995694,yes,7,NR_198688 Pholiotina eburnea HMJAU:65035,https://www.ncbi.nlm.nih.gov/nuccore/NR_198688
NR_200623,Gymnopus niveus,holotype,high,GenBank /type_material qualifier,holotype of Gymnopus niveus,GDGM:70487,PP151516,yes,7,NR_200623 Gymnopus niveus GDGM:70487 Guangdong CN,https://www.ncbi.nlm.nih.gov/nuccore/NR_200623
NR_200795,Amanita magna,holotype,high,GenBank /type_material qualifier,holotype of Amanita magna,QFB:35506,PP796114,yes,7,NR_200795 Amanita magna QFB:35506 Quebec CA,https://www.ncbi.nlm.nih.gov/nuccore/NR_200795
NR_202502,Crepidotus lamellomaculatus,holotype,high,GenBank /type_material qualifier,holotype of Crepidotus lamellomaculatus,FFAAS:1305,PQ061265,yes,7,NR_202502 / PQ061265 Crepidotus lamellomaculatus FFAAS:1305 China,https://www.ncbi.nlm.nih.gov/nuccore/NR_202502
LN850607,Entoloma atrosericeum,holotype,high,GenBank /type_material qualifier,holotype of Rhodophyllus atrosericeus,holotype K69-310 G262084,,,6,LN850607 Entoloma atrosericeum holotype K69-310 G262084 France,https://www.ncbi.nlm.nih.gov/nuccore/LN850607
NG_027642,Gloiocephala aquatica,type,high,GenBank /type_material qualifier,type material of Gloiocephala aquatica,SFSU:MR10772,DQ097343,no,6,"NG_027642.1 Gloiocephala aquatica SFSU MR10772 28S rRNA gene, partial sequence; from TYPE material",https://www.ncbi.nlm.nih.gov/nuccore/NG_027642
NG_241923,Rhizomarasmius cunninghamietorum,holotype,high,GenBank /type_material qualifier,holotype of Rhizomarasmius cunninghamietorum,HGAS:MF01-10709,MW332104,no,6,"NG_241923.1 Rhizomarasmius cunninghamietorum HGAS MF01-10709 28S rRNA gene, partial sequence; from TYPE material",https://www.ncbi.nlm.nih.gov/nuccore/NG_241923
NR_119394,Asterostroma macrosporum,holotype,high,GenBank /type_material qualifier,holotype of Asterostroma macrosporum,TMI:25697,AB439545,no,6,NR_119394.2 Asterostroma macrosporum TMI 25697 ITS region; from TYPE material,https://www.ncbi.nlm.nih.gov/nuccore/NR_119394
NR_119448,Lepiota spheniscispora,holotype,high,GenBank /type_material qualifier,holotype of Lepiota spheniscispora,UC<USA-CA>:1860005,AF391001,no,6,NR_119448 Lepiota spheniscispora UC:1860005 California US,https://www.ncbi.nlm.nih.gov/nuccore/NR_119448
NR_119588,Cyathus annulatus,holotype,high,GenBank /type_material qualifier,holotype of Cyathus annulatus,DAOM:200366,DQ463351,yes,6,NR_119588 Cyathus annulatus DAOM:200366,https://www.ncbi.nlm.nih.gov/nuccore/NR_119588
NR_119589,Cyathus renweii,holotype,high,GenBank /type_material qualifier,holotype of Cyathus renweii,SWFC:201406,DQ463352,yes,6,NR_119589 Cyathus renweii SWFC:201406,https://www.ncbi.nlm.nih.gov/nuccore/NR_119589
NR_119628,Lophodermium gamundiae,isotype,high,GenBank /type_material qualifier,isotype of Lophodermium gamundiae,PDD:89040,EF191238,yes,6,NR_119628 Lophodermium gamundiae PDD:89040 Argentina,https://www.ncbi.nlm.nih.gov/nuccore/NR_119628
NR_119672,Boletus hiratsukae,holotype,high,GenBank /type_material qualifier,holotype of Boletus hiratsukae,TMI:18352,EU231960,yes,6,NR_119672 Boletus hiratsukae TMI:18352 Tottori JP,https://www.ncbi.nlm.nih.gov/nuccore/NR_119672
NR_119673,Boletus variipes var. fagicola,holotype,high,GenBank /type_material qualifier,holotype of Boletus variipes var. fagicola,MICH:10063,EU231962,yes,6,"NR_119673 Boletus ""variipes-IN02"" MICH:10063 Michigan US",https://www.ncbi.nlm.nih.gov/nuccore/NR_119673
NR_119792,Cortinarius chrysma,holotype,high,GenBank /type_material qualifier,holotype of Cortinarius chrysma,PDD:68469,GU233339,yes,6,NR_119792 Cortinarius chrysma PDD:68469 New Zealand,https://www.ncbi.nlm.nih.gov/nuccore/NR_119792
NR_119800,Cortinarius papaver,holotype,high,GenBank /type_material qualifier,holotype of Cortinarius papaver,PDD:71003,GU233347,yes,6,NR_119800 Cortinarius papaver PDD:71003 New Zealand,https://www.ncbi.nlm.nih.gov/nuccore/NR_119800
NR_119876,Volvopluteus michiganensis,holotype,high,GenBank /type_material qualifier,holotype of Pluteus michiganensis,MICH:11761,HM562195,no,6,NR_119876 Volvopluteus michiganensis MICH:11761 Michigan US,https://www.ncbi.nlm.nih.gov/nuccore/NR_119876
NR_119878,Volvopluteus asiaticus,holotype,high,GenBank /type_material qualifier,holotype of Volvopluteus asiaticus,TNS:F-15191,HM562206,no,6,NR_119878 Volvopluteus asiaticus TNS:F-15191 Japan,https://www.ncbi.nlm.nih.gov/nuccore/NR_119878
NR_119965,Cortinarius puniceus,holotype,high,GenBank /type_material qualifier,holotype of Cortinarius puniceus,K:PDO21091957,JN114093,yes,6,NR_119965 Cortinarius puniceus K:PDO21091957 United Kingdom,https://www.ncbi.nlm.nih.gov/nuccore/NR_119965
NR_119981,Lactifluus leptomerus,holotype,high,GenBank /type_material qualifier,holotype of Lactifluus leptomerus,GENT:AV-KD-KVP09-131,JN388972,yes,6,NR_119981 Lactifluus leptomerus GENT:AV-KD-KVP09-131 India,https://www.ncbi.nlm.nih.gov/nuccore/NR_119981
NR_120080,Octaviania etchuensis,holotype,high,GenBank /type_material qualifier,holotype of Octaviania etchuensis,KPM:NC-0017822,JQ619182,yes,6,NR_120080 Octaviania etchuensis KPM:NC-0017822 Toyama JP,https://www.ncbi.nlm.nih.gov/nuccore/NR_120080
NR_120152,Auricularia subglabra,holotype,high,GenBank /type_material qualifier,holotype of Auricularia subglabra,TENN:058100,JX065161,yes,6,NR_120152 Auricularia subglabra TENN:058100 San José CR,https://www.ncbi.nlm.nih.gov/nuccore/NR_120152
NR_121304,Thaxterogaster cretax,holotype,high,GenBank /type_material qualifier,holotype of Cortinarius cretax,PDD:73148,AY669622,yes,6,NR_121304 Cortinarius cretax PDD:73148,https://www.ncbi.nlm.nih.gov/nuccore/NR_121304
NR_121486,Callistosporium hesleri,holotype,high,GenBank /type_material qualifier,holotype of Clitocybe hesleri,TENN:008084,HQ179664,yes,6,NR_121486 Callistosporium hesleri TENN:008084 North Carolina US,https://www.ncbi.nlm.nih.gov/nuccore/NR_121486
NR_125807,Auricularia scissa,holotype,high,GenBank /type_material qualifier,holotype of Auricularia scissa,TENN:059729,JX065160,yes,6,NR_125807 Auricularia scissa TENN:059729 La Vega DO,https://www.ncbi.nlm.nih.gov/nuccore/NR_125807
NR_130304,Thaxterogaster melleicarneus,holotype,high,GenBank /type_material qualifier,holotype of Cortinarius melleicarneus,H:I. Kytovuori 01-053,KF732577,yes,6,NR_130304 Cortinarius melleicarneus H:I. Kytovuori 01-053 Estonia,https://www.ncbi.nlm.nih.gov/nuccore/NR_130304
NR_130307,Phlegmacium balteatialutaceum,holotype,high,GenBank /type_material qualifier,holotype of Cortinarius balteatialutaceus,H:I. Kytovuori 09-751,KF732586,yes,6,NR_130307 Cortinarius balteatialutaceus H:I. Kytovuori 09-751 Sweden,https://www.ncbi.nlm.nih.gov/nuccore/NR_130307
NR_131798,Cortinarius costaricensis,holotype,high,GenBank /type_material qualifier,holotype of Cortinarius costaricensis,USJ:J.F. Ammirati 11904,EF420147,yes,6,NR_131798 Cortinarius costaricensis USJ:J.F. Ammirati 11904,https://www.ncbi.nlm.nih.gov/nuccore/NR_131798
NR_131817,Cortinarius pseudofervidus,holotype,high,GenBank /type_material qualifier,holotype of Cortinarius pseudofervidus,S:F44496,JN114087,yes,6,NR_131817 Cortinarius pseudofervidus S:F44496 Sweden,https://www.ncbi.nlm.nih.gov/nuccore/NR_131817
NR_131842,Cortinarius niveotraganus,holotype,high,GenBank /type_material qualifier,holotype of Cortinarius niveotraganus,H:I. Kytovuori 98-033,KM273103,yes,6,NR_131842 Cortinarius niveotraganus H:I. Kytovuori 98-033 Finland,https://www.ncbi.nlm.nih.gov/nuccore/NR_131842
NR_132095,Geoglossum chamaecyparinum,holotype,high,GenBank /type_material qualifier,holotype of Geoglossum chamaecyparinum,AH:44219,KP144098,yes,6,NR_132095 Geoglossum chamaecyparinum AH:44219,https://www.ncbi.nlm.nih.gov/nuccore/NR_132095
NR_137120,Calonarius elotoides,holotype,high,GenBank /type_material qualifier,holotype of Cortinarius elotoides,IB:19870060,KF732300,yes,6,NR_137120 Cortinarius elotoides IB:19870060 United States,https://www.ncbi.nlm.nih.gov/nuccore/NR_137120
NR_137683,Cyathus subglobisporus,holotype,high,GenBank /type_material qualifier,holotype of Cyathus subglobisporus,BBH:18348,EF613553,yes,6,NR_137683 Cyathus subglobisporus BBH:18348,https://www.ncbi.nlm.nih.gov/nuccore/NR_137683
NR_152346,Inocybe araneosa,isotype,high,GenBank /type_material qualifier,isotype of Inocybe araneosa,TENN:066983,KJ729878,yes,6,NR_152346 Inocybe araneosa TENN:066983 Queensland AU,https://www.ncbi.nlm.nih.gov/nuccore/NR_152346
NR_152884,Collybiopsis trogioides,holotype,high,GenBank /type_material qualifier,holotype of Gymnopus trogioides,SFSU:AWW51,AY263428,yes,6,NR_152884 Gymnopus trogioides SFSU:AWW51,https://www.ncbi.nlm.nih.gov/nuccore/NR_152884
NR_152913,Gymnopus trabzonensis,holotype,high,GenBank /type_material qualifier,holotype of Gymnopus trabzonensis,KATO:Fungi:3375,KT271754,yes,6,NR_152913 Gymnopus trabzonensis KATO:Fungi:3375 Turkey,https://www.ncbi.nlm.nih.gov/nuccore/NR_152913
NR_152964,Lactarius aquosus,type,high,GenBank /type_material qualifier,type material of Lactarius aquosus,GENT:KW231,KF432984,yes,6,NR_152964 Lactarius aquosus GENT:KW231 Thailand,https://www.ncbi.nlm.nih.gov/nuccore/NR_152964
NR_153015,Calonarius pseudocupreorufus,holotype,high,GenBank /type_material qualifier,holotype of Cortinarius orichalceus var. olympianus,MICH:10390,KF732367,yes,6,NR_153015 Cortinarius orichalceus var. olympianus MICH:10390 United States,https://www.ncbi.nlm.nih.gov/nuccore/NR_153015
NR_153039,Cortinarius seidliae,holotype,high,GenBank /type_material qualifier,holotype of Cortinarius seidliae,H:T. Niskanen 09-132,KR011125,yes,6,NR_153039 Cortinarius seidlii H:T. Niskanen 09-132 Washington US,https://www.ncbi.nlm.nih.gov/nuccore/NR_153039
NR_153040,Cortinarius brunneoalbus,holotype,high,GenBank /type_material qualifier,holotype of Cortinarius brunneoalbus,H:T. Niskanen 09-075,KR011128,yes,6,NR_153040 Cortinarius brunneoalbus H:T. Niskanen 09-075 Florida US,https://www.ncbi.nlm.nih.gov/nuccore/NR_153040
NR_153041,Thaxterogaster ochroamarus,holotype,high,GenBank /type_material qualifier,holotype of Cortinarius ochroamarus,H:T. Niskanen 04-761,KR011132,yes,6,NR_153041 Cortinarius ochroamarus H:T. Niskanen 04-761 Finland,https://www.ncbi.nlm.nih.gov/nuccore/NR_153041
NR_153080,Cortinarius tenuifulvescens,type,high,GenBank /type_material qualifier,type material of Cortinarius tenuifulvescens,H:7000956,KX388643,yes,6,NR_153080 C. tenuifulvescens TYPE NEWF,https://www.ncbi.nlm.nih.gov/nuccore/NR_153080
NR_153155,Inocybe kohistanensis,type,high,GenBank /type_material qualifier,type material of Inocybe kohistanensis,LAH:35001,KP316243,yes,6,NR_153155 Inocybe kohistanensis LAH:35001 Pakistan,https://www.ncbi.nlm.nih.gov/nuccore/NR_153155
NR_153455,Pseudolaccaria pachyphylla,neotype,high,GenBank /type_material qualifier,neotype of Agaricus pachyphyllus,TR:gmb 00672,KR818912,yes,6,NR_153455 Pseudolaccaria pachyphylla TR:gmb 00672,https://www.ncbi.nlm.nih.gov/nuccore/NR_153455
NR_153525,Alessioporus ichnusanus,epitype,high,GenBank /type_material qualifier,epitype of Xerocomus ichnusanus,AMB:12756,KJ729491,yes,6,NR_153525 Alessioporus ichnusanus AMB:12756 Italy,https://www.ncbi.nlm.nih.gov/nuccore/NR_153525
NR_154132,Loweomyces tomentosus,holotype,high,GenBank /type_material qualifier,holotype of Loweomyces tomentosus,MCW:366/12,KX378870,yes,6,NR_154132 Loweomyces tomentosus MCW:366/12,https://www.ncbi.nlm.nih.gov/nuccore/NR_154132
NR_154161,Marasmius conchiformis var. lenipileatus,type,high,GenBank /type_material qualifier,type material of Marasmius conchiformis var. lenipileatus,SP:417471,JX424042,yes,6,NR_154161 Marasmius conchiformis var. lenipileatus SP:417471,https://www.ncbi.nlm.nih.gov/nuccore/NR_154161
NR_154222,Neofavolus cremeoalbidus,type,high,GenBank /type_material qualifier,type material of Neofavolus cremeoalbidus,TUMH:50009,AB735980,no,6,NR_154222 Neofavolus cremeoalbidus TUMH:50009 Nara JP,https://www.ncbi.nlm.nih.gov/nuccore/NR_154222
NR_154331,Phylloporia gabonensis,type,high,GenBank /type_material qualifier,type material of Phylloporia gabonensis,MUCL:55571,KU198355,yes,6,NR_154331 Phylloporia gabonensis Gabon,https://www.ncbi.nlm.nih.gov/nuccore/NR_154331
NR_154411,Retiboletus pseudogriseus,holotype,high,GenBank /type_material qualifier,holotype of Retiboletus pseudogriseus,HKAS:83950,KP739268,yes,6,NR_154411 Retiboletus pseudogriseus HKAS:83950 Lima Province PE,https://www.ncbi.nlm.nih.gov/nuccore/NR_154411
NR_154802,Crinipellis odorata,holotype,high,GenBank /type_material qualifier,holotype of Crinipellis odorata,CAL:1240,KT952521,yes,6,NR_154802 Crinipellis odorata CAL:1240 India,https://www.ncbi.nlm.nih.gov/nuccore/NR_154802
NR_155343,Lactifluus flavellus,type,high,GenBank /type_material qualifier,type material of Lactifluus flavellus,TOGO:MD393,LK392594,no,6,NR_155343 Lactifluus flavellus TOGO:MD393 Plateaux TG,https://www.ncbi.nlm.nih.gov/nuccore/NR_155343
NR_155622,Pholiota chocenensis,holotype,high,GenBank /type_material qualifier,holotype of Pholiota chocenensis,PRM:895066,HG007985,no,6,NR_155622 Pholiota chocenensis PRM:895066 Czech Republic,https://www.ncbi.nlm.nih.gov/nuccore/NR_155622
NR_156302,Calocybe decolorata,holotype,high,GenBank /type_material qualifier,holotype of Calocybe decolorata,SYAU:FUNGI 004,KU528825,yes,6,NR_156302 Calocybe decolorata SYAU:FUNGI 004 China,https://www.ncbi.nlm.nih.gov/nuccore/NR_156302
NR_156304,Calocybe aurantiaca,holotype,high,GenBank /type_material qualifier,holotype of Calocybe aurantiaca,SYAU:FUNGI 006,KU528829,yes,6,NR_156304 Calocybe aurantiaca SYAU:FUNGI 006 China,https://www.ncbi.nlm.nih.gov/nuccore/NR_156304
NR_156636,Rhodocollybia ciliatomarginata,type,high,GenBank /type_material qualifier,type material of Rhodocollybia ciliatomarginata,CAL:1244,MF803835,yes,6,NR_156636 Rhodocollybia ciliatomarginata CAL:1244 India,https://www.ncbi.nlm.nih.gov/nuccore/NR_156636
NR_157131,Artomyces nothofagi,isotype,high,GenBank /type_material qualifier,isotype of Artomyces nothofagi,FLAS:F-58994,KP025706,yes,6,NR_157131 Artomyces nothofagi FLAS:F-58994 Chile,https://www.ncbi.nlm.nih.gov/nuccore/NR_157131
NR_157869,Cortinarius athabascus,holotype,high,GenBank /type_material qualifier,holotype of Cortinarius athabascus,UC<USA-CA>:1860905,JN133295,yes,6,NR_157869 Cortinarius aptecohaerens UC:1860905 California US,https://www.ncbi.nlm.nih.gov/nuccore/NR_157869
NR_158317,Chlorophyllum lusitanicum,holotype,high,GenBank /type_material qualifier,holotype of Chlorophyllum lusitanicum,AH:45540,KR233482,yes,6,NR_158317 Chlorophyllum lusitanicum AH:45540 Cáceres ES,https://www.ncbi.nlm.nih.gov/nuccore/NR_158317
NR_158807,Marasmius insolitus,holotype,high,GenBank /type_material qualifier,holotype of Marasmius insolitus,LE<RUS>:289497,KF774162,yes,6,NR_158807 Marasmius insolitus LE:289497 Russia,https://www.ncbi.nlm.nih.gov/nuccore/NR_158807
NR_158876,Psathyrella stercoraria,holotype,high,GenBank /type_material qualifier,holotype of Psathyrella stercoraria,GB:LO460-05,DQ389669,yes,6,NR_158876 Psathyrella stercoraria GB:LO460-05,https://www.ncbi.nlm.nih.gov/nuccore/NR_158876
NR_158954,Cyanosporus simulans,epitype,high,GenBank /type_material qualifier,epitype of Bjerkandera simulans,H:6034704,MG137103,yes,6,NR_158954 Postia simulans H:6034704 Satakunta FI,https://www.ncbi.nlm.nih.gov/nuccore/NR_158954
NR_160350,Neometulocladosporiella eucalypti,ex-holotype,high,GenBank /type_material qualifier,culture from holotype of Neometulocladosporiella eucalypti,CPC:31787,MH327800,yes,6,NR_160350 Neometulocladosporiella eucalypti Colombia,https://www.ncbi.nlm.nih.gov/nuccore/NR_160350
NR_161062,Kretzschmaria hedjaroudei,holotype,high,GenBank /type_material qualifier,holotype of Kretzschmaria hedjaroudei,GUM<IRN>:1549,MH084757,yes,6,NR_161062 Kretzschmaria hedjaroudei GUM:1549 Mazandaran IR,https://www.ncbi.nlm.nih.gov/nuccore/NR_161062
NR_164216,Aotearoamyces nothofagi,holotype,high,GenBank /type_material qualifier,holotype of Aotearoamyces nothofagi,PDD:95741,HQ533008,yes,6,NR_164216 Aotearoamyces nothofagi PDD:95741 New Zealand,https://www.ncbi.nlm.nih.gov/nuccore/NR_164216
NR_164260,Phaeoclavulina pseudozippelii,holotype,high,GenBank /type_material qualifier,holotype of Phaeoclavulina pseudozippelii,BBH:43575,MG214661,yes,6,NR_164260 Phaeoclavulina pseudozippelii BBH:43575 Thailand,https://www.ncbi.nlm.nih.gov/nuccore/NR_164260
NR_164481,Cyptotrama glabra,holotype,high,GenBank /type_material qualifier,holotype of Cyptotrama glabra,HKAS:50484,KR607207,yes,6,NR_164481 Cyptotrama glabra HKAS:50484 Yunnan CN,https://www.ncbi.nlm.nih.gov/nuccore/NR_164481
NR_166235,Hygrophorus meridionalis,holotype,high,GenBank /type_material qualifier,holotype of Hygrophorus meridionalis,LIP:0400300,MG882081,yes,6,NR_166235 Hygrophorus meridionalis LIP:0400300 Cyprus,https://www.ncbi.nlm.nih.gov/nuccore/NR_166235
NR_166239,Hodophilus cambriensis,holotype,high,GenBank /type_material qualifier,holotype of Hodophilus cambriensis,SAV:F:4831,MH258231,yes,6,NR_166239 Hodophilus cambriensis SAV:F:4831 Wales GB,https://www.ncbi.nlm.nih.gov/nuccore/NR_166239
NR_166386,Asterostroma vararioides,type,high,GenBank /type_material qualifier,type material of Asterostroma vararioides,BJFC:He4140,KY263867,yes,6,NR_166386.1 Asterostroma vararioides BJFC He4140 ITS region; from TYPE material,https://www.ncbi.nlm.nih.gov/nuccore/NR_166386
NR_167967,Tolypocladium cylindrosporum,type,high,GenBank /type_material qualifier,type material of Tolypocladium cylindrosporum,ARSEF:2920,MG228381,yes,6,NR_167967 Tolypocladium cylindrosporum England GB,https://www.ncbi.nlm.nih.gov/nuccore/NR_167967
NR_170030,Cortinarius odoritraganus,holotype,high,GenBank /type_material qualifier,holotype of Cortinarius odoritraganus,H:7057490,MT112154,yes,6,NR_170030 Cortinarius odoritraganus H:7057490 Quebec CA,https://www.ncbi.nlm.nih.gov/nuccore/NR_170030
NR_170848,Cortinarius impolitus,holotype,high,GenBank /type_material qualifier,holotype of Cortinarius impolitus,MICH:10366,MT935152,yes,6,NR_170848 Cortinarius impolitus MICH:10366 Michigan,https://www.ncbi.nlm.nih.gov/nuccore/NR_170848
NR_171132,Cortinarius jacobii,holotype,high,GenBank /type_material qualifier,holotype of Cortinarius jacobii,PC:4104,MT935172,yes,6,NR_171132 Cortinarius comptulus PC:4104 France,https://www.ncbi.nlm.nih.gov/nuccore/NR_171132
NR_171346,Cortinarius melitosarx,holotype,high,GenBank /type_material qualifier,holotype of Cortinarius melitosarx,S:F12652,MT935220,yes,6,NR_171346 Cortinarius melitosarx S:F12652 Sweden,https://www.ncbi.nlm.nih.gov/nuccore/NR_171346
NR_171354,Cortinarius pseudophlegma,holotype,high,GenBank /type_material qualifier,holotype of Cortinarius pseudophlegma,PC:R. Henry 70487,MT935344,yes,6,NR_171354 Cortinarius pseudophlegma PC:R. Henry 70487 France,https://www.ncbi.nlm.nih.gov/nuccore/NR_171354
NR_171365,Cortinarius sublucorum,holotype,high,GenBank /type_material qualifier,holotype of Cortinarius sublucorum,PC:2005-240,MT935499,yes,6,NR_171365 Cortinarius sublucorum PC:2005-240 France,https://www.ncbi.nlm.nih.gov/nuccore/NR_171365
NR_171764,Neometulocladosporiella seifertii,ex-holotype,high,GenBank /type_material qualifier,culture from holotype of Neometulocladosporiella seifertii,CBS:146795,MW175352,yes,6,NR_171764 Neometulocladosporiella seifertii Western Cape ZA,https://www.ncbi.nlm.nih.gov/nuccore/NR_171764
NR_171838,Coprinellus ovatus,holotype,high,GenBank /type_material qualifier,holotype of Coprinellus ovatus,LAH:35939,MK764023,yes,6,NR_171838 Coprinellus ovatus LAH:35939 Pakistan,https://www.ncbi.nlm.nih.gov/nuccore/NR_171838
NR_171933,Tricholomopsis scabra,holotype,high,GenBank /type_material qualifier,holotype of Tricholomopsis scabra,PDD:102579,KY010823,yes,6,NR_171933 Tricholomopsis scabra PDD:102579 New Zealand,https://www.ncbi.nlm.nih.gov/nuccore/NR_171933
NR_172286,Cladobotryum obconicum,ex-type,high,GenBank /type_material qualifier,culture from type material of Cladobotryum obconicum,CBS:528.81,MH861373,yes,6,NR_172286 Crepidotus innuopurpureus Belgium,https://www.ncbi.nlm.nih.gov/nuccore/NR_172286
NR_172754,Neofavolus squamatus,holotype,high,GenBank /type_material qualifier,holotype of Neofavolus squamatus,BJFC:Cui 12175,KX900070,yes,6,NR_172754 Neofavolus squamatus BJFC:Cui 12175 China,https://www.ncbi.nlm.nih.gov/nuccore/NR_172754
NR_172791,Peziza martinicensis,holotype,high,GenBank /type_material qualifier,holotype of Peziza martinicensis,LY:NV2001.01.01,MT247049,yes,6,NR_172791 Peziza martinicensis LY:NV2001.01.01 Cher FR,https://www.ncbi.nlm.nih.gov/nuccore/NR_172791
NR_172955,Microstoma longipilum,holotype,high,GenBank /type_material qualifier,holotype of Microstoma longipilum,TNS:F-61946,LC584249,no,6,NR_172955 Microstoma longipilum TNS:F-61946 Okayama JP,https://www.ncbi.nlm.nih.gov/nuccore/NR_172955
NR_173173,Russula wielangtae,holotype,high,GenBank /type_material qualifier,holotype of Russula wielangtae,HO:593331,MN130115,yes,6,NR_173173 / MN130115 Crepidotus innuopurpureus HO:593331 Tasmania AU,https://www.ncbi.nlm.nih.gov/nuccore/NR_173173
NR_173208,Lactarius lignyotus var. americanus,holotype,high,GenBank /type_material qualifier,holotype of Lactarius lignyotus var. americanus,MICH:11153,MW412396,yes,6,NR_173208 Lactarius lignyotus var. americanus MICH:11153 Oregon US,https://www.ncbi.nlm.nih.gov/nuccore/NR_173208
NR_173209,Lactarius pseudomucidus,holotype,high,GenBank /type_material qualifier,holotype of Lactarius pseudomucidus,MICH:11205,MW412397,yes,6,NR_173209 Lactarius glutigriseus MICH:11205 Oregon US,https://www.ncbi.nlm.nih.gov/nuccore/NR_173209
NR_173218,Psathyrella subcaerulea var. velata,holotype,high,GenBank /type_material qualifier,holotype of Psathyrella subcaerulea var. velata,MICH:12060,MW412410,yes,6,NR_173218 Psathyrella subcaerulea var. velata MICH:12060 Oregon US,https://www.ncbi.nlm.nih.gov/nuccore/NR_173218
NR_173283,Hygrophorus alboflavescens,holotype,high,GenBank /type_material qualifier,holotype of Hygrophorus alboflavescens,LAH:35243,MK066236,yes,6,NR_173283 Hygrophorus alboflavescens LAH:35243 Pakistan,https://www.ncbi.nlm.nih.gov/nuccore/NR_173283
NR_173443,Inocybe lutescens,neotype,high,GenBank /type_material qualifier,neotype of Inocybe lutescens,PRM:PRM-823229,MW845894,yes,6,NR_173443 Inocybe lutescens PRM:PRM-823229 Germany,https://www.ncbi.nlm.nih.gov/nuccore/NR_173443
NR_173719,Cortinarius hallingii,holotype,high,GenBank /type_material qualifier,holotype of Cortinarius hallingii,USJ:Ammirati 11917,KJ421159,yes,6,NR_173719 Cortinarius hallingii USJ:Ammirati 11917,https://www.ncbi.nlm.nih.gov/nuccore/NR_173719
NR_173732,Russula kangchenjungae,holotype,high,GenBank /type_material qualifier,holotype of Russula kangchenjungae,GENT:Verbeken 09-116,KR364129,yes,6,NR_173732 Russula khanchenjungae GENT:Verbeken 09-116 India,https://www.ncbi.nlm.nih.gov/nuccore/NR_173732
NR_173831,Agaricus alboumbonatus,holotype,high,GenBank /type_material qualifier,holotype of Agaricus alboumbonatus,HMAS:279929,MK617943,yes,6,NR_173831 Agaricus alboumbonatus HMAS:279929 Heilongjiang CN,https://www.ncbi.nlm.nih.gov/nuccore/NR_173831
NR_173944,Pluteus flavidus,holotype,high,GenBank /type_material qualifier,holotype of Pluteus flavidus,LE<RUS>:313526,MT611242,yes,6,NR_173944 Pluteus flavidus LE:313526 Vietnam,https://www.ncbi.nlm.nih.gov/nuccore/NR_173944
NR_174855,Inocybe clandestina,holotype,high,GenBank /type_material qualifier,holotype of Inocybe clandestina,STU:SMNS-STU-F-0901267,MW845865,yes,6,NR_174855 Inocybe clandestina STU:SMNS-STU-F-0901267 Germany,https://www.ncbi.nlm.nih.gov/nuccore/NR_174855
NR_174858,Inocybe gaiana,holotype,high,GenBank /type_material qualifier,holotype of Inocybe gaiana,STU:SMNS-STU-F-0901482,MW845876,yes,6,NR_174858 Inocybe gaiana STU:SMNS-STU-F-0901482 Germany,https://www.ncbi.nlm.nih.gov/nuccore/NR_174858
NR_174935,Entoloma versicolor,holotype,high,GenBank /type_material qualifier,holotype of Entoloma versicolor,LIP:PAM07082601,OL343538,yes,6,NR_174935 Entoloma versicolor LIP:PAM07082601 France,https://www.ncbi.nlm.nih.gov/nuccore/NR_174935
NR_175023,Hypoderma cordylines,holotype,high,GenBank /type_material qualifier,holotype of Hypoderma cordylines,ICMP:17344,JF683421,yes,6,NR_175023 Hypoderma cordylines New Zealand,https://www.ncbi.nlm.nih.gov/nuccore/NR_175023
NR_175026,Inocybe proximella,holotype,high,GenBank /type_material qualifier,holotype of Inocybe proximella,H:P. Karsten 893,JN580840,yes,6,NR_175026 Inocybe proximella H:P. Karsten 893 Finland,https://www.ncbi.nlm.nih.gov/nuccore/NR_175026
NR_175052,Parasola kuehneri,holotype,high,GenBank /type_material qualifier,holotype of Coprinus kuehneri,L:C.B. Ulje 31-V-1987,KY928608,yes,6,NR_175052 Parasola kuehneri L:C.B. Ulje 31-V-1987 Netherlands,https://www.ncbi.nlm.nih.gov/nuccore/NR_175052
NR_175620,Microstoma radicatum,holotype,high,GenBank /type_material qualifier,holotype of Microstoma radicatum,CFSZ:10833,MG845231,yes,6,NR_175620 Microstoma radicatum CFSZ:10833 Inner Mongolia CN,https://www.ncbi.nlm.nih.gov/nuccore/NR_175620
NR_175691,Gyroporus memnonius,holotype,high,GenBank /type_material qualifier,holotype of Gyroporus memnonius,FHMU:929,MW380856,yes,6,NR_175691 Gyroporus memnonius FHMU:929 Lima Province PE,https://www.ncbi.nlm.nih.gov/nuccore/NR_175691
NR_175696,Laccaria fagacicola,holotype,high,GenBank /type_material qualifier,holotype of Laccaria fagacicola,HKAS:90435,MW540806,yes,6,NR_175696 Laccaria fagacicola HKAS:90435 Yunnan CN,https://www.ncbi.nlm.nih.gov/nuccore/NR_175696
NR_175702,Phylloporus microsquamus,holotype,high,GenBank /type_material qualifier,holotype of Phylloporus microsquamus,FHMU:1678,MW588648,yes,6,NR_175702 Phylloporus microsquamus FHMU:1678 Hainan CN,https://www.ncbi.nlm.nih.gov/nuccore/NR_175702
NR_176770,Parasola nudiceps,holotype,high,GenBank /type_material qualifier,holotype of Coprinus nudiceps,E:Orton 4133,OL630102,yes,6,NR_176770 Parasola nudiceps E:Orton 4133 Scotland GB,https://www.ncbi.nlm.nih.gov/nuccore/NR_176770
NR_177535,Xenasmatella tenuis,holotype,high,GenBank /type_material qualifier,holotype of Xenasmatella tenuis,SWFC:Zhao 11258,MT832959,yes,6,NR_177535 Xenasmatella tenuis SWFC:Zhao 11258 China,https://www.ncbi.nlm.nih.gov/nuccore/NR_177535
NR_177543,Russula zephyrovelutipes,holotype,high,GenBank /type_material qualifier,holotype of Russula zephyrovelutipes,M:0141373,MW058806,yes,6,NR_177543 Russula zephyrovelutipes M:0141373 Panama,https://www.ncbi.nlm.nih.gov/nuccore/NR_177543
NR_177632,Entoloma riparium,holotype,high,GenBank /type_material qualifier,holotype of Entoloma riparium,L:0607563,OL343533,yes,6,NR_177632 Entoloma riparium L:0607563 Italy,https://www.ncbi.nlm.nih.gov/nuccore/NR_177632
NR_178164,Cortinarius acutoproximus,holotype,high,GenBank /type_material qualifier,holotype of Cortinarius acutoproximus,H:7000876,MZ728070,yes,6,NR_178164 Fungi H:7000876 Newfoundland and Labrador CA,https://www.ncbi.nlm.nih.gov/nuccore/NR_178164
NR_182489,Entoloma calceus,holotype,high,GenBank /type_material qualifier,holotype of Entoloma calceus,O:F-259457,ON008491,yes,6,NR_182489 Entoloma calceus O:F-259457 Norway,https://www.ncbi.nlm.nih.gov/nuccore/NR_182489
NR_182521,Cortinarius muscicola,holotype,high,GenBank /type_material qualifier,holotype of Cortinarius muscicola,K(M):001434202,OP295483,no,6,NR_182521 Cortinarius muscicola K(M):001434202 Scotland GB,https://www.ncbi.nlm.nih.gov/nuccore/NR_182521
NR_182551,Lactarius hunanensis,holotype,high,GenBank /type_material qualifier,holotype of Lactarius hunanensis,MHHNU:31989A,OL770171,yes,6,NR_182551 Lactarius hunanensis MHHNU:31989A Hunan CN,https://www.ncbi.nlm.nih.gov/nuccore/NR_182551
NR_182691,Lactifluus betulicola,holotype,high,GenBank /type_material qualifier,holotype of Lactifluus betulicola,SFC:20150902-72,MN215374,yes,6,NR_182691 Lactifluus betulicola SFC:20150902-72 South Korea,https://www.ncbi.nlm.nih.gov/nuccore/NR_182691
NR_182692,Lactifluus stellatus,holotype,high,GenBank /type_material qualifier,holotype of Lactifluus stellatus,SFC:20140724-70,MN215376,yes,6,NR_182692 Lactifluus stellatus SFC:20140724-70 South Korea,https://www.ncbi.nlm.nih.gov/nuccore/NR_182692
NR_182703,Cortinarius subsalor,holotype,high,GenBank /type_material qualifier,holotype of Cortinarius subsalor,HMJAU:48759,MW911734,yes,6,NR_182703 Cortinarius subsalor HMJAU:48759 Zhejiang CN,https://www.ncbi.nlm.nih.gov/nuccore/NR_182703
NR_182726,Leucocoprinus albosquamosus,holotype,high,GenBank /type_material qualifier,holotype of Leucoagaricus albosquamosus,CFSZ:20662,OM976879,yes,6,NR_182726 Leucoagaricus albosquamosus CFSZ:20662 China,https://www.ncbi.nlm.nih.gov/nuccore/NR_182726
NR_182816,Russula ochrobrunnea,holotype,high,GenBank /type_material qualifier,holotype of Russula ochrobrunnea,GDGM:79718,MN688792,yes,6,NR_182816 Russula ochrobrunnea GDGM:79718 China,https://www.ncbi.nlm.nih.gov/nuccore/NR_182816
NR_182818,Xylaria necrophora,ex-holotype,high,GenBank /type_material qualifier,culture from holotype of Xylaria necrophora,CBS:146542,MN846322,yes,6,NR_182818 Xylaria necrophora Louisiana US,https://www.ncbi.nlm.nih.gov/nuccore/NR_182818
NR_182998,Pseudohydnum sinogelatinosum,holotype,high,GenBank /type_material qualifier,holotype of Pseudohydnum sinogelatinosum,BJFC:037590,ON243836,yes,6,NR_182998 Pseudohydnum sinogelatinosum BJFC:037590,https://www.ncbi.nlm.nih.gov/nuccore/NR_182998
NR_184464,Parasola lilatinctoides,holotype,high,GenBank /type_material qualifier,holotype of Parasola lilatinctoides,LAH:SHP-8,KY461722,yes,6,NR_184464 Parasola lilatinctoides LAH:SHP-8,https://www.ncbi.nlm.nih.gov/nuccore/NR_184464
NR_184467,Strobilomyces cingulatus,holotype,high,GenBank /type_material qualifier,holotype of Strobilomyces cingulatus,HKAS:73175,MG832050,yes,6,NR_184467 Strobilomyces cingulatus HKAS:73175,https://www.ncbi.nlm.nih.gov/nuccore/NR_184467
NR_184468,Strobilomyces douformis,holotype,high,GenBank /type_material qualifier,holotype of Strobilomyces douformis,HKAS:87097,MG832058,yes,6,NR_184468 Strobilomyces douformis HKAS:87097,https://www.ncbi.nlm.nih.gov/nuccore/NR_184468
NR_184469,Strobilomyces microreticulatus,holotype,high,GenBank /type_material qualifier,holotype of Strobilomyces microreticulatus,HKAS:74863,MG832069,yes,6,NR_184469 Strobilomyces microreticulatus HKAS:74863,https://www.ncbi.nlm.nih.gov/nuccore/NR_184469
NR_184499,Inosperma apollonium,holotype,high,GenBank /type_material qualifier,holotype of Inosperma apollonium,STU:SMNS-STU-F-0901670,ON003428,yes,6,NR_184499 Inosperma apollonium STU:SMNS-STU-F-0901670 Austria,https://www.ncbi.nlm.nih.gov/nuccore/NR_184499
NR_184511,Inocybe zethi,holotype,high,GenBank /type_material qualifier,holotype of Inocybe zethi,STU:SMNS-STU-F-0901456,ON003440,yes,6,NR_184511 Inocybe zethi STU:SMNS-STU-F-0901456 Netherlands,https://www.ncbi.nlm.nih.gov/nuccore/NR_184511
NR_185382,Conocybula longistipitata,holotype,high,GenBank /type_material qualifier,holotype of Pholiotina longistipitata,LE<RUS>:312984,KY627842,yes,6,NR_185382 Pholiotina longistipitata LE:312984 Russia,https://www.ncbi.nlm.nih.gov/nuccore/NR_185382
NR_185445,Inocybe tarda,epitype,high,GenBank /type_material qualifier,epitype of Inocybe tarda,STU:SMNS-STU-F-0901730,OP164094,yes,6,NR_185445 Inocybe tarda STU:SMNS-STU-F-0901730 Germany,https://www.ncbi.nlm.nih.gov/nuccore/NR_185445
NR_185704,Amanita subparcivolvata,holotype,high,GenBank /type_material qualifier,holotype of Amanita subparcivolvata,MHHNU:32907,OM955216,yes,6,NR_185704 Amanita subparcivolvata MHHNU:32907,https://www.ncbi.nlm.nih.gov/nuccore/NR_185704
NR_185709,Clitopilus cretoalbus,holotype,high,GenBank /type_material qualifier,holotype of Clitopilus cretoalbus,LAH:35709,ON117610,yes,6,NR_185709 Clitopilus cretoalbus LAH:35709 Pakistan,https://www.ncbi.nlm.nih.gov/nuccore/NR_185709
NR_185810,Pseudohydnum abietinum,holotype,high,GenBank /type_material qualifier,holotype of Pseudohydnum abietinum,BJFC:Dai 24194,OP965351,yes,6,NR_185810 Pseudohydnum abietinum BJFC:Dai 24194 China,https://www.ncbi.nlm.nih.gov/nuccore/NR_185810
NR_189409,Inocybe enteluri,holotype,high,GenBank /type_material qualifier,holotype of Inocybe enteluri,STU:SMNS-STU-F-0901769,OQ324782,yes,6,NR_189409 Inocybe enteluri STU:SMNS-STU-F-0901769 Germany,https://www.ncbi.nlm.nih.gov/nuccore/NR_189409
NR_189410,Inocybe telluris,holotype,high,GenBank /type_material qualifier,holotype of Inocybe telluris,STU:SMNS-STU-F-0901770,OQ324783,yes,6,NR_189410 | Inocybe telluris STU SMNS-STU-F-0901770 ITS region; from TYPE material | Identity: 96.03% | Query Cover: 100.0% | Strand: Plus | NCBI Germany,https://www.ncbi.nlm.nih.gov/nuccore/NR_189410
NR_189419,Inocybe avia,holotype,high,GenBank /type_material qualifier,holotype of Inocybe avia,STU:SMNS-STU-F-0901766,OQ407478,yes,6,NR_189419 Inocybe avia STU:SMNS-STU-F-0901766 Austria,https://www.ncbi.nlm.nih.gov/nuccore/NR_189419
NR_189838,Plectania lutea,holotype,high,GenBank /type_material qualifier,holotype of Plectania lutea,HMJAU:57091,MW794210,yes,6,NR_189838 Plectania lutea HMJAU:57091,https://www.ncbi.nlm.nih.gov/nuccore/NR_189838
NR_190937,Calonarius caesiofulvus,holotype,high,GenBank /type_material qualifier,holotype of Calonarius caesiofulvus,K:M 001434088,ON843392,yes,6,NR_190937 Calonarius caesiofulvus K:M 001434088 Florida US,https://www.ncbi.nlm.nih.gov/nuccore/NR_190937
NR_191056,Ramaria flava,epitype,high,GenBank /type_material qualifier,epitype of Clavaria flava,ZT:Myc 55613,KY626146,no,6,NR_191056 Ramaria flava ZT:Myc 55613 Bavaria DE,https://www.ncbi.nlm.nih.gov/nuccore/NR_191056
NR_191125,Entoloma pulchripes,holotype,high,GenBank /type_material qualifier,holotype of Entoloma pulchripes,LE<RUS>:311808,MZ145188,yes,6,NR_191125 Entoloma pulchripes LE 311808 from TYPE material LE:311808,https://www.ncbi.nlm.nih.gov/nuccore/NR_191125
NR_191219,Cyclocybe dinggyensis,holotype,high,GenBank /type_material qualifier,holotype of Cyclocybe dinggyensis,HMAS:286979,OQ186156,yes,6,NR_191219 Cyclocybe dinggyensis,https://www.ncbi.nlm.nih.gov/nuccore/NR_191219
NR_191226,Pluteus conformis,holotype,high,GenBank /type_material qualifier,holotype of Pluteus conformis,LE<RUS>:F-313664,OQ732733,yes,6,NR_191226 Pluteus conformis LE:F-313664 Vietnam,https://www.ncbi.nlm.nih.gov/nuccore/NR_191226
NR_191306,Cyanoboletus flavocontextus,holotype,high,GenBank /type_material qualifier,holotype of Cyanoboletus flavocontextus,BJTC:FM2319-A,OR655149,yes,6,NR_191306 Melanoleuca sp. 'BC01' BJTC:FM2319-A,https://www.ncbi.nlm.nih.gov/nuccore/NR_191306
NR_198085,Mycena subvitrea,holotype,high,GenBank /type_material qualifier,holotype of Mycena subvitrea,MICH:11538,MN809553,yes,6,NR_198085 Mycena subvitrea MICH:11538 Oregon US,https://www.ncbi.nlm.nih.gov/nuccore/NR_198085
NR_198296,Hygrophorus brunneoloaurantiacus,holotype,high,GenBank /type_material qualifier,holotype of Hygrophorus brunneoloaurantiacus,GDGM:82433,OP547672,yes,6,NR_198296 Hygrophorus brunneoloaurantiacus GDGM:82433 China,https://www.ncbi.nlm.nih.gov/nuccore/NR_198296
NR_198309,Hygrophorus brunneolus,holotype,high,GenBank /type_material qualifier,holotype of Hygrophorus brunneolus,SAAS:617,OP547762,yes,6,NR_198309 Hygrophorus brunneolus SAAS:617 China,https://www.ncbi.nlm.nih.gov/nuccore/NR_198309
NR_198319,Collybia bisterigmata,holotype,high,GenBank /type_material qualifier,holotype of Collybia bisterigmata,HKAS:123102,OP626927,yes,6,NR_198319 Collybia bisterigmata HKAS:123102 Tibet Autonomous Region CN,https://www.ncbi.nlm.nih.gov/nuccore/NR_198319
NR_198422,Cyathus tongxinianus,holotype,high,GenBank /type_material qualifier,holotype of Cyathus tongxinianus,SWFC:CLZhao27588,OQ676567,yes,6,NR_198422 Cyathus tongxinianus SWFC:CLZhao27588 China,https://www.ncbi.nlm.nih.gov/nuccore/NR_198422
NR_198727,Pseudosperma merlinii,holotype,high,GenBank /type_material qualifier,holotype of Pseudosperma merlinii,STU:SMNS-STU-F-0901829,PP274016,yes,6,NR_198727 Pseudosperma merlinii STU:SMNS-STU-F-0901829 Germany,https://www.ncbi.nlm.nih.gov/nuccore/NR_198727
NR_199087,Agrocybe broadwayi,holotype,high,GenBank /type_material qualifier,holotype of Hebeloma broadwayi,NY:814876,OP162979,yes,6,NR_199087 Agrocybe broadwayi NY:814876 Grenada,https://www.ncbi.nlm.nih.gov/nuccore/NR_199087
NR_200812,Geoglossum calciphilum,holotype,high,GenBank /type_material qualifier,holotype of Geoglossum calciphilum,SAV:F:11679,PP933261,yes,6,NR_200812.1 Geoglossum calciphilum specimen_voucher SAV F 11679 Slovakia holotype Geoglossum calciphilum,https://www.ncbi.nlm.nih.gov/nuccore/NR_200812
NR_202954,Phlebia wangiae,holotype,high,GenBank /type_material qualifier,holotype of Phlebia wangiae,BRIP:76877a,PX909690,yes,6,NR_202954.1 Phlebia wangiae BRIP 76877a ITS region; from TYPE material,https://www.ncbi.nlm.nih.gov/nuccore/NR_202954
LN850517,Entoloma paludicola,holotype,high,GenBank /type_material qualifier,holotype of Eccilia paludicola,holotype K178125,,,5,LN850517 Entoloma paludicola holotype K178125 United Kingdom,https://www.ncbi.nlm.nih.gov/nuccore/LN850517
LN850585,Entoloma radicipes,holotype,high,GenBank /type_material qualifier,holotype of Entoloma radicipes,holotype 42/14 TUR,,,5,LN850585 Entoloma radicipes holotype 42/14 TUR Finland,https://www.ncbi.nlm.nih.gov/nuccore/LN850585
LN850592,Entoloma palustre,holotype,high,GenBank /type_material qualifier,holotype of Entoloma palustre,holotype 101/14 TUR,,,5,LN850592 Entoloma palustre holotype 101/14 TUR Finland,https://www.ncbi.nlm.nih.gov/nuccore/LN850592
LT594141,Melanoleuca zaaminensis,holotype,high,GenBank /type_material qualifier,holotype of Melanoleuca zaaminensis,"TAAM 121360, holotype",,,5,"LT594141 Melanoleuca zaaminensis TAAM 121360, holotype",https://www.ncbi.nlm.nih.gov/nuccore/LT594141
NR_119584,Collybiopsis parvula,holotype,high,GenBank /type_material qualifier,holotype of Gymnopus parvulus,TENN:058113,DQ450060,yes,5,NR_119584 Gymnopus parvulus TENN:058113 Costa Rica,https://www.ncbi.nlm.nih.gov/nuccore/NR_119584
NR_119683,Cortinarius glandicolor,neotype,high,GenBank /type_material qualifier,neotype of Agaricus gentilis var. glandicolor,H:TN06-247,EU266700,yes,5,NR_119683 Cortinarius glandicolor H:TN06-247 Finland,https://www.ncbi.nlm.nih.gov/nuccore/NR_119683
NR_119899,Inosperma mucidiolens,isotype,high,GenBank /type_material qualifier,isotype of Inocybe calamistrata var. mucidiolens,WTU:F-043330,HQ201339,no,5,NR_119899 Inosperma mucidiolens WTU:F-043330 Nova Scotia CA,https://www.ncbi.nlm.nih.gov/nuccore/NR_119899
NR_119931,Cortinarius pinigaudis,holotype,high,GenBank /type_material qualifier,holotype of Cortinarius pinigaudis,H:TN05-133,HQ845162,no,5,NR_119931 Cortinarius pinigaudis H:TN05-133 Finland,https://www.ncbi.nlm.nih.gov/nuccore/NR_119931
NR_119992,Inocybe porcorum,holotype,high,GenBank /type_material qualifier,holotype of Inocybe porcorum,TURA:111926,JN580863,yes,5,NR_119992 Inocybe porcorum TURA:111926 Finland,https://www.ncbi.nlm.nih.gov/nuccore/NR_119992
NR_120098,Cortinarius subfloccopus,holotype,high,GenBank /type_material qualifier,holotype of Cortinarius subfloccopus,H:TN05-062,JQ746607,yes,5,NR_120098 Cortinarius subfloccopus H:TN05-062 Finland,https://www.ncbi.nlm.nih.gov/nuccore/NR_120098
NR_120148,Cortinarius harrisonii,holotype,high,GenBank /type_material qualifier,holotype of Cortinarius harrisonii,EIU:ASM3128,JX045675,yes,5,NR_120148 Cortinarius harrisonii EIU:ASM3128 United States,https://www.ncbi.nlm.nih.gov/nuccore/NR_120148
NR_120293,Otidea tuomikoskii,holotype,high,GenBank /type_material qualifier,holotype of Otidea tuomikoskii,H:6002901,KF717585,yes,5,NR_120293 Otidea tuomikoskii H:6002901 Tavastia Proper FI,https://www.ncbi.nlm.nih.gov/nuccore/NR_120293
NR_120314,Leucocoprinus variicolor,holotype,high,GenBank /type_material qualifier,holotype of Leucoagaricus variicolor,AH:40328,JX880030,yes,5,NR_120314 Leucoagaricus variicolor AH:40328 Zaragoza ES,https://www.ncbi.nlm.nih.gov/nuccore/NR_120314
NR_121489,Inocybe picrosma,isotype,high,GenBank /type_material qualifier,isotype of Inocybe picrosma,WTU:F-049450,HQ201364,yes,5,NR_121489 Inocybe picrosma WTU:F-049450 Washington US,https://www.ncbi.nlm.nih.gov/nuccore/NR_121489
NR_121537,Cortinarius floccopus,holotype,high,GenBank /type_material qualifier,holotype of Cortinarius floccopus,G:G00052633,JQ746616,yes,5,NR_121537 Cortinarius floccopus G:G00052633 France,https://www.ncbi.nlm.nih.gov/nuccore/NR_121537
NR_121556,Vestigium trifidum,ex-holotype,high,GenBank /type_material qualifier,culture from holotype of Vestigium trifidum,DAOM:240321,KC407777,yes,5,NR_121556 Vestigium trifidum Canada,https://www.ncbi.nlm.nih.gov/nuccore/NR_121556
NR_130190,Calonarius amnicola,holotype,high,GenBank /type_material qualifier,holotype of Cortinarius amnicola,MICH:10315,KF732249,yes,5,NR_130190 Cortinarius amnicola MICH:10315 United States,https://www.ncbi.nlm.nih.gov/nuccore/NR_130190
NR_130219,Thaxterogaster fuligineofolius,holotype,high,GenBank /type_material qualifier,holotype of Cortinarius montanus var. fuligineofolius,IB:19910682,KF732308,yes,5,NR_130219 Cortinarius montanus var. fuligineofolius IB:19910682 United States,https://www.ncbi.nlm.nih.gov/nuccore/NR_130219
NR_130221,Phlegmacium glaucocephalus,holotype,high,GenBank /type_material qualifier,holotype of Cortinarius glaucocephalus,IB:19950679,KF732313,yes,5,NR_130221 Cortinarius glaucocephalus IB:19950679 United States,https://www.ncbi.nlm.nih.gov/nuccore/NR_130221
NR_130224,Thaxterogaster herpeticus,neotype,high,GenBank /type_material qualifier,neotype of Cortinarius herpeticus,S:F44759,KF732321,yes,5,NR_130224 Cortinarius herpeticus S:F44759 Sweden,https://www.ncbi.nlm.nih.gov/nuccore/NR_130224
NR_130231,Thaxterogaster montanus,holotype,high,GenBank /type_material qualifier,holotype of Cortinarius montanus,MICH:10377,KF732349,yes,5,NR_130231 Cortinarius montanus MICH:10377 United States,https://www.ncbi.nlm.nih.gov/nuccore/NR_130231
NR_130262,Thaxterogaster scaurus,neotype,high,GenBank /type_material qualifier,neotype of Agaricus scaurus,S:F44777,KF732423,yes,5,NR_130262 Cortinarius scaurus S:F44777 Switzerland,https://www.ncbi.nlm.nih.gov/nuccore/NR_130262
NR_130284,Thaxterogaster virentophyllus,holotype,high,GenBank /type_material qualifier,holotype of Cortinarius virentophyllus,MICH:10439,KF732475,yes,5,NR_130284 Cortinarius virentophyllus MICH:10439 United States,https://www.ncbi.nlm.nih.gov/nuccore/NR_130284
NR_130312,Phlegmacium myrtilliphilum,holotype,high,GenBank /type_material qualifier,holotype of Cortinarius myrtilliphilus,H:6032751,KF732605,yes,5,NR_130312 Cortinarius myrtilliphilus H:6032751 Finland,https://www.ncbi.nlm.nih.gov/nuccore/NR_130312
NR_131794,Cortinarius aureopigmentatus,holotype,high,GenBank /type_material qualifier,holotype of Cortinarius aureopigmentatus,USJ:J.F. Ammirati 11940,EF420140,no,5,NR_131794 Cortinarius aureopigmentatus USJ:J.F. Ammirati 11940,https://www.ncbi.nlm.nih.gov/nuccore/NR_131794
NR_131809,Cortinarius anomalovelatus,holotype,high,GenBank /type_material qualifier,holotype of Cortinarius anomalovelatus,WTU:J. F. Ammirati 13109,FJ717605,yes,5,NR_131809 Cortinarius anomalovelatus WTU:J. F. Ammirati 13109 United States,https://www.ncbi.nlm.nih.gov/nuccore/NR_131809
NR_131813,Cortinarius roseoarmillatus,holotype,high,GenBank /type_material qualifier,holotype of Cortinarius roseoarmillatus,H:T. Niskanen 04-061,HQ845117,no,5,NR_131813 Cortinarius roseoarmillatus H:T. Niskanen 04-061 Finland,https://www.ncbi.nlm.nih.gov/nuccore/NR_131813
NR_131815,Cortinarius badiovinaceus,holotype,high,GenBank /type_material qualifier,holotype of Cortinarius badiovinaceus,personal:M. Moser:1950/0061,HQ845169,yes,5,NR_131815 Cortinarius badiovinaceus personal:M. Moser:1950/0061 Austria,https://www.ncbi.nlm.nih.gov/nuccore/NR_131815
NR_131836,Cortinarius uraceonemoralis,holotype,high,GenBank /type_material qualifier,holotype of Cortinarius uraceonemoralis,personal:T. Niskanen:04-1116,KJ206515,yes,5,NR_131836 Cortinarius uraceonemoralis personal:T. Niskanen:04-1116 Italy,https://www.ncbi.nlm.nih.gov/nuccore/NR_131836
NR_131865,Cortinarius montebelloensis,holotype,high,GenBank /type_material qualifier,holotype of Cortinarius montebelloensis,H:T. Niskanen 10-149,KP114459,yes,5,NR_131865 Cortinarius montebelloensis H:T. Niskanen 10-149 Quebec CA,https://www.ncbi.nlm.nih.gov/nuccore/NR_131865
NR_132860,Neopaxillus plumbeus,holotype,high,GenBank /type_material qualifier,holotype of Neopaxillus plumbeus,F:1068564,JN033223,no,5,NR_132860 Neopaxillus plumbeus F:1068564 Caguas PR,https://www.ncbi.nlm.nih.gov/nuccore/NR_132860
NR_134370,Trichoderma crassum,holotype,high,GenBank /type_material qualifier,holotype of Trichoderma crassum,DAOM:164916,EU280067,yes,5,NR_134370 Trichoderma crassum Quebec CA,https://www.ncbi.nlm.nih.gov/nuccore/NR_134370
NR_136982,Coccomyces australis,isotype,high,GenBank /type_material qualifier,isotype of Coccomyces australis,PDD:89884,EF191243,yes,5,NR_136982 Coccomyces australis PDD:89884 Argentina,https://www.ncbi.nlm.nih.gov/nuccore/NR_136982
NR_137047,Fomitiporia tenuis,ex-holotype,high,GenBank /type_material qualifier,culture from holotype of Fomitiporia tenuis,MUCL:44802,GU461957,yes,5,NR_137047 Fomitiporia tenuis Ethiopia,https://www.ncbi.nlm.nih.gov/nuccore/NR_137047
NR_137299,Trichoderma aggressivum f. aggressivum,ex-holotype,high,GenBank /type_material qualifier,culture from holotype of Trichoderma aggressivum,DAOM:222156,AF456924,yes,5,NR_137299 Trichoderma aggressivum f. aggressivum Ontario CA,https://www.ncbi.nlm.nih.gov/nuccore/NR_137299
NR_137816,Singerocybe umbilicata,holotype,high,GenBank /type_material qualifier,holotype of Singerocybe umbilicata,HKAS:77290,KF208450,yes,5,NR_137816 Singerocybe umbilicata HKAS:77290 Yunnan CN,https://www.ncbi.nlm.nih.gov/nuccore/NR_137816
NR_148113,Microglossum tenebrosum,holotype,high,GenBank /type_material qualifier,holotype of Microglossum tenebrosum,SAV:F-11278,KX382845,yes,5,NR_148113 Microglossum tenebrosum SAV:F-11278,https://www.ncbi.nlm.nih.gov/nuccore/NR_148113
NR_148114,Microglossum truncatum,holotype,high,GenBank /type_material qualifier,holotype of Microglossum truncatum,SAV:F-11280,KX382861,yes,5,NR_148114 Microglossum truncatum SAV:F-11280,https://www.ncbi.nlm.nih.gov/nuccore/NR_148114
NR_148115,Microglossum clavatum,holotype,high,GenBank /type_material qualifier,holotype of Microglossum clavatum,SAV:F-11276,KX382864,yes,5,NR_148115 Microglossum clavatum SAV:F-11276,https://www.ncbi.nlm.nih.gov/nuccore/NR_148115
NR_148194,Peziza montirivicola,holotype,high,GenBank /type_material qualifier,holotype of Peziza montirivicola,M:0274465,LN881741,no,5,NR_148194.1 Peziza montirivicola specimen_voucher M:0274465 holotype,https://www.ncbi.nlm.nih.gov/nuccore/NR_148194
NR_151752,Agaricus flavicentrus,holotype,high,GenBank /type_material qualifier,holotype of Agaricus flavicentrus,MFLU:12-0146,KR025857,yes,5,NR_151752 Agaricus flavicentrus MFLU:12-0146,https://www.ncbi.nlm.nih.gov/nuccore/NR_151752
NR_152988,Lactarius abieticola,holotype,high,GenBank /type_material qualifier,holotype of Lactarius abieticola,HKAS:61973,KY174941,yes,5,NR_152988 Lactarius abieticola HKAS:61973 Sichuan CN,https://www.ncbi.nlm.nih.gov/nuccore/NR_152988
NR_153014,Phlegmacium olidoamarum var. valentinum,holotype,high,GenBank /type_material qualifier,holotype of Cortinarius olidoamarus var. valentinus,G:293809/1,KF732362,yes,5,NR_153014 Cortinarius olidoamarus var. valentinus G:293809/1 Spain,https://www.ncbi.nlm.nih.gov/nuccore/NR_153014
NR_153034,Thaxterogaster frondosomultiformis,holotype,high,GenBank /type_material qualifier,holotype of Cortinarius frondosomultiformis,BOZ:G. Turrini TG 2000-218,KM504516,yes,5,NR_153034 Thaxterogaster frondosomultiformis BOZ:G. Turrini TG 2000-218 Italy,https://www.ncbi.nlm.nih.gov/nuccore/NR_153034
NR_153079,Cortinarius nymphatus,type,high,GenBank /type_material qualifier,type material of Cortinarius nymphatus,H:I. Kytovuori 95-1549,KX388639,yes,5,NR_153079 Cortinarius nymphatus H:I. Kytovuori 95-1549 Finland,https://www.ncbi.nlm.nih.gov/nuccore/NR_153079
NR_153136,Inocybe fuscescentipes,holotype,high,GenBank /type_material qualifier,holotype of Inocybe fuscescentipes,G:Kuhner 69328,KJ399947,yes,5,NR_153136 Inocybe fuscescentipes G:Kuhner 69328,https://www.ncbi.nlm.nih.gov/nuccore/NR_153136
NR_153146,Inocybe fraudans,epitype,high,GenBank /type_material qualifier,epitype of Agaricus fraudans,AMB:12793,KM873363,yes,5,NR_153146 Inocybe fraudans AMB:12793,https://www.ncbi.nlm.nih.gov/nuccore/NR_153146
NR_153149,Inosperma adaequatum,epitype,high,GenBank /type_material qualifier,epitype of Agaricus adaequatus,M:0229744,KM873367,yes,5,NR_153149 Inocybe adaequata M:0229744,https://www.ncbi.nlm.nih.gov/nuccore/NR_153149
NR_153457,Rigidoporus piceicola,type,high,GenBank /type_material qualifier,type material of Oxyporus piceicola,IFP:Dai 5033,KT203301,yes,5,NR_153457 Rigidoporus piceicola IFP:Dai 5033,https://www.ncbi.nlm.nih.gov/nuccore/NR_153457
NR_153526,Amylosporus casuarinicola,type,high,GenBank /type_material qualifier,type material of Wrightoporia casuarinicola,BJFC:2760,KJ807068,yes,5,NR_153526 Amylosporus casuarinicola BJFC:2760,https://www.ncbi.nlm.nih.gov/nuccore/NR_153526
NR_153527,Amylosporus succulentus,type,high,GenBank /type_material qualifier,type material of Amylosporus succulentus,BJFC:15731,KM213669,yes,5,NR_153527 Amylosporus succulentus BJFC:15731 China,https://www.ncbi.nlm.nih.gov/nuccore/NR_153527
NR_153577,Gloeomyces thailandicus,type,high,GenBank /type_material qualifier,type material of Aleurodiscus thailandicus,BJFC:He4099,KY450781,yes,5,NR_153577 Aleurodiscus thailandicus BJFC:He4099 Thailand,https://www.ncbi.nlm.nih.gov/nuccore/NR_153577
NR_153593,Boletellus aurocontextus,holotype,high,GenBank /type_material qualifier,holotype of Boletellus aurocontextus,TNS:F 61566,AB989020,no,5,NR_153593 Boletellus aurocontextus TNS:F 61566 Kyōto JP,https://www.ncbi.nlm.nih.gov/nuccore/NR_153593
NR_153594,Boletellus areolatus,holotype,high,GenBank /type_material qualifier,holotype of Boletellus areolatus,TNS:F 61568,AB989021,no,5,NR_153594 Boletellus areolatus TNS:F 61568 Miyazaki JP,https://www.ncbi.nlm.nih.gov/nuccore/NR_153594
NR_153627,Calycina montana,holotype,high,GenBank /type_material qualifier,holotype of Bisporella montana,HMAS:275566,KX781358,yes,5,NR_153627 Calycina montana HMAS:275566 Yunnan CN,https://www.ncbi.nlm.nih.gov/nuccore/NR_153627
NR_153628,Calycina shangrilana,holotype,high,GenBank /type_material qualifier,holotype of Bisporella shangrilana,HMAS:275568,KX781359,yes,5,NR_153628 Bisporella shangrilana HMAS:275568,https://www.ncbi.nlm.nih.gov/nuccore/NR_153628
NR_154114,Laccaria fulvogrisea,type,high,GenBank /type_material qualifier,type material of Laccaria fulvogrisea,KUN:F 78556,JQ670896,yes,5,NR_154114 Laccaria fulvogrisea KUN:F 78556,https://www.ncbi.nlm.nih.gov/nuccore/NR_154114
NR_154158,Marasmius conchiformis,type,high,GenBank /type_material qualifier,type material of Marasmius conchiformis,SP:417467,JX424038,yes,5,NR_154158 Marasmius conchiformis SP:417467,https://www.ncbi.nlm.nih.gov/nuccore/NR_154158
NR_154167,Melanoleuca porphyropoda,holotype,high,GenBank /type_material qualifier,holotype of Melanoleuca porphyropoda,HMAS:267624,KF220640,yes,5,NR_154167 Melanoleuca porphyropoda HMAS:267624 China,https://www.ncbi.nlm.nih.gov/nuccore/NR_154167
NR_154216,Melanoleuca griseobrunnea,holotype,high,GenBank /type_material qualifier,holotype of Melanoleuca griseobrunnea,BRNM:781058,LT594152,no,5,NR_154216 Melanoleuca griseobrunnea BRNM:781058 South Korea,https://www.ncbi.nlm.nih.gov/nuccore/NR_154216
NR_154396,Rhodotus asperior,type,high,GenBank /type_material qualifier,type material of Rhodotus asperior,HKAS:56754,KC179737,yes,5,NR_154396 Rhodotus asperior HKAS:56754 Yunnan CN,https://www.ncbi.nlm.nih.gov/nuccore/NR_154396
NR_154789,Cantharellus sebosus,holotype,high,GenBank /type_material qualifier,holotype of Cantharellus sebosus,PC:0084736,KF981370,yes,5,NR_154789 Cantharellus sebosus PC:0084736 Madagascar,https://www.ncbi.nlm.nih.gov/nuccore/NR_154789
NR_155028,Conocybe olivaceopileata,holotype,high,GenBank /type_material qualifier,holotype of Conocybe olivaceopileata,LE<RUS>:313106,KY614059,yes,5,NR_155028 Conocybe olivaceopileata LE:313106 Russia,https://www.ncbi.nlm.nih.gov/nuccore/NR_155028
NR_155101,Entoloma subcaesiocinctum,holotype,high,GenBank /type_material qualifier,holotype of Entoloma subcaesiocinctum,SAAS:133,KY711236,yes,5,NR_155101 Entoloma subcaesiocinctum SAAS:133 China,https://www.ncbi.nlm.nih.gov/nuccore/NR_155101
NR_155131,Glutinoglossum methvenii,holotype,high,GenBank /type_material qualifier,holotype of Glutinoglossum methvenii,PDD:103629,KP690096,yes,5,NR_155131 Glutinoglossum methvenii PDD:103629 New Zealand,https://www.ncbi.nlm.nih.gov/nuccore/NR_155131
NR_155164,Hygrophorus exiguus,holotype,high,GenBank /type_material qualifier,holotype of Hygrophorus exiguus,TURA:190791,KJ720198,yes,5,NR_155164 Hygrophorus exiguus TURA:190791,https://www.ncbi.nlm.nih.gov/nuccore/NR_155164
NR_155367,Microglossum parvisporum,holotype,high,GenBank /type_material qualifier,holotype of Microglossum parvisporum,SAV:10998,KM114901,yes,5,NR_155367 Microglossum parvisporum SAV:10998 Slovakia,https://www.ncbi.nlm.nih.gov/nuccore/NR_155367
NR_156300,Cortinarius mycenarum,holotype,high,GenBank /type_material qualifier,holotype of Cortinarius mycenarum,PDD:107715,KT875188,yes,5,NR_156300 Cortinarius mycenarum PDD:107715 New Zealand,https://www.ncbi.nlm.nih.gov/nuccore/NR_156300
NR_156661,Tygervalleyomyces podocarpi,ex-holotype,high,GenBank /type_material qualifier,culture from holotype of Tygervalleyomyces podocarpi,CPC:29979,MG386046,yes,5,NR_156661 Tygervalleyomyces podocarpi CPC 29979 South Africa TYPE,https://www.ncbi.nlm.nih.gov/nuccore/NR_156661
NR_157484,Agaricus purpureosquameus,holotype,high,GenBank /type_material qualifier,holotype of Agaricus purpureosquameus,MFLU:17-1306,MF611640,yes,5,NR_157484 Agaricus purpurlesquameus MFLU:17-1306 Thailand,https://www.ncbi.nlm.nih.gov/nuccore/NR_157484
NR_157923,[Cortinarius] aurantionapus var. similis,holotype,high,GenBank /type_material qualifier,holotype of Cortinarius aurantionapus var. similis,PC:P. Moenne-Loccoz 883,KF732257,yes,5,NR_157923 Cortinarius aurantionapus var. similis PC:P. Moenne-Loccoz 883 France,https://www.ncbi.nlm.nih.gov/nuccore/NR_157923
NR_157950,Thaxterogaster parolivascens,holotype,high,GenBank /type_material qualifier,holotype of Cortinarius parolivascens,PC:P. Moenne-Loccoz 29,KF732377,yes,5,NR_157950 Cortinarius parolivascens PC:P. Moenne-Loccoz 29 France,https://www.ncbi.nlm.nih.gov/nuccore/NR_157950
NR_157957,[Cortinarius] scaurus var. notandus,holotype,high,GenBank /type_material qualifier,holotype of Cortinarius scaurus var. notandus,PC:A. Bidaud 94-08-32,KF732426,yes,5,NR_157957 Cortinarius scaurus var. notandus PC:A. Bidaud 94-08-32 France,https://www.ncbi.nlm.nih.gov/nuccore/NR_157957
NR_157969,Thaxterogaster thalliopurpurascens,isotype,high,GenBank /type_material qualifier,isotype of Cortinarius thalliopurpurascens,PC:R. Henry 458677,KF732458,yes,5,NR_157969 Cortinarius thalliopurpurascens PC:R. Henry 458677 France,https://www.ncbi.nlm.nih.gov/nuccore/NR_157969
NR_157975,Cortinarius quercoconicus,holotype,high,GenBank /type_material qualifier,holotype of Cortinarius quercoconicus,H:7018166,MG136825,yes,5,NR_157975 Cortinarius quercoconicus H:7018166 Sweden,https://www.ncbi.nlm.nih.gov/nuccore/NR_157975
NR_158347,Amanita cingulata,holotype,high,GenBank /type_material qualifier,holotype of Amanita cingulata,HKAS:75600,KY949582,yes,5,NR_158347 Amanita cingulata HKAS:75600,https://www.ncbi.nlm.nih.gov/nuccore/NR_158347
NR_158400,Crepidotus lutescens,holotype,high,GenBank /type_material qualifier,holotype of Crepidotus lutescens,HMJAU:37002,KU762017,yes,5,NR_158400 Crepidotus lutescens HMJAU:37002,https://www.ncbi.nlm.nih.gov/nuccore/NR_158400
NR_158478,Gibellula shennongjiaensis,holotype,high,GenBank /type_material qualifier,holotype of Gibellula shennongjiaensis,GZAC:SNJ2012,KT728708,yes,5,NR_158478 Gibellula shennongjiaensis GZAC:SNJ2012 China,https://www.ncbi.nlm.nih.gov/nuccore/NR_158478
NR_158499,Glutinoglossum lumbricale,holotype,high,GenBank /type_material qualifier,holotype of Glutinoglossum lumbricale,LE<RUS>:303987,KX694165,yes,5,NR_158499 Glutinoglossum lumbricale LE:303987 Russia,https://www.ncbi.nlm.nih.gov/nuccore/NR_158499
NR_158502,Glutinoglossum proliferatum,holotype,high,GenBank /type_material qualifier,holotype of Glutinoglossum proliferatum,SAV:F:11249,KX694175,yes,5,NR_158502 Glutinoglossum proliferatum SAV:F:11249 Romania,https://www.ncbi.nlm.nih.gov/nuccore/NR_158502
NR_158504,Glutinoglossum triseptatum,holotype,high,GenBank /type_material qualifier,holotype of Glutinoglossum triseptatum,SAV:F:9828,KX694185,yes,5,NR_158504 Glutinoglossum triseptatum SAV:F:9828 Slovakia,https://www.ncbi.nlm.nih.gov/nuccore/NR_158504
NR_158506,Inocybe favrei,type,high,GenBank /type_material qualifier,type material of Inocybe favrei,LIP:Bon84095,KY033786,yes,5,NR_158506 Inocybe favrei LIP:Bon84095 France,https://www.ncbi.nlm.nih.gov/nuccore/NR_158506
NR_158519,Inocybe ionocephala,holotype,high,GenBank /type_material qualifier,holotype of Inocybe ionocephala,TENN:062799,KY990551,yes,5,NR_158519 Inocybe ionocephala TENN:062799 United States,https://www.ncbi.nlm.nih.gov/nuccore/NR_158519
NR_158808,Marasmius cohaerens var. mandshuricus,holotype,high,GenBank /type_material qualifier,holotype of Marasmius cohaerens var. mandshuricus,LE<RUS>:295986,KF774171,yes,5,NR_158808 Marasmius cohaerens var. mandshuricus LE:295986 Russia,https://www.ncbi.nlm.nih.gov/nuccore/NR_158808
NR_158836,Peziza fruticosa,holotype,high,GenBank /type_material qualifier,holotype of Peziza fruticosa,AMB:17135,KX572369,yes,5,NR_158836 Peziza fruticosa AMB:17135 Rovigo IT,https://www.ncbi.nlm.nih.gov/nuccore/NR_158836
NR_158843,Melanoleuca stepposa,holotype,high,GenBank /type_material qualifier,holotype of Melanoleuca stepposa,PRM:603492,KY913814,yes,5,NR_158843 Melanoleuca stepposa PRM:603492 Czech Republic,https://www.ncbi.nlm.nih.gov/nuccore/NR_158843
NR_158882,Poronia pileiformis,epitype,high,GenBank /type_material qualifier,epitype of Poronia pileiformis,WSP:88113001,GU324760,yes,5,NR_158882 Poronia pileiformis WSP:88113001 Colorado US,https://www.ncbi.nlm.nih.gov/nuccore/NR_158882
NR_159596,Amanita squarrosipes,holotype,high,GenBank /type_material qualifier,holotype of Amanita squarrosipes,HKAS:76359,MH508613,yes,5,NR_159596 Amanita squarrosipes HKAS:76359 North Holland NL,https://www.ncbi.nlm.nih.gov/nuccore/NR_159596
NR_160108,Psilocybe quebecensis,type,high,GenBank /type_material qualifier,type material of Psilocybe quebecensis,CBS:165.67,MH858936,yes,5,NR_160108 Psilocybe quebecensis Quebec CA,https://www.ncbi.nlm.nih.gov/nuccore/NR_160108
NR_160200,Hymenochaete nanospora,type,high,GenBank /type_material qualifier,type material of Hymenochaete nanospora,CBS:924.96,MH862622,yes,5,NR_160200 Hymenochaete nanospora,https://www.ncbi.nlm.nih.gov/nuccore/NR_160200
NR_160448,Lactifluus albomembranaceus,holotype,high,GenBank /type_material qualifier,holotype of Lactifluus albomembranaceus,GENT:EDC 12-046,KR364064,yes,5,NR_160448 Lactifluus albomembranaceus GENT:EDC 12-046 Cameroon,https://www.ncbi.nlm.nih.gov/nuccore/NR_160448
NR_160471,Inocybe diversa,holotype,high,GenBank /type_material qualifier,holotype of Inocybe diversa,PDD:72818,KY827289,yes,5,NR_160471 Inocybe diversa PDD:72818 New Zealand,https://www.ncbi.nlm.nih.gov/nuccore/NR_160471
NR_160477,Melanoleuca zaaminensis,holotype,high,GenBank /type_material qualifier,holotype of Melanoleuca zaaminensis,TAAM:121360,LT594141,no,5,NR_160477 Melanoleuca zaaminensis TAAM:121360 Uzbekistan,https://www.ncbi.nlm.nih.gov/nuccore/NR_160477
NR_164266,Clavariadelphus elongatus,holotype,high,GenBank /type_material qualifier,holotype of Clavariadelphus elongatus,SWAT:000559,MG768846,yes,5,NR_164266 Clavariadelphus elongatus SWAT:000559 Pakistan,https://www.ncbi.nlm.nih.gov/nuccore/NR_164266
NR_165202,Lachnellula hyalina,ex-paratype,high,GenBank /type_material qualifier,culture from paratype of Lachnellula hyalina,CBS:185.66,KC464638,yes,5,NR_165202 Lachnellula hyalina Switzerland,https://www.ncbi.nlm.nih.gov/nuccore/NR_165202
NR_168769,Amylosporus annosus,holotype,high,GenBank /type_material qualifier,holotype of Amylosporus annosus,BJFC:Dai 18638,MH647058,yes,5,NR_168769 Amylosporus annosus BJFC:Dai 18638 Malaysia,https://www.ncbi.nlm.nih.gov/nuccore/NR_168769
NR_170846,Cortinarius glabrellus,holotype,high,GenBank /type_material qualifier,holotype of Cortinarius glabrellus,MICH:10357,MT935094,yes,5,NR_170846 Cortinarius glabrellus MICH:10357 Michigan US,https://www.ncbi.nlm.nih.gov/nuccore/NR_170846
NR_171140,Cortinarius parinsignis,holotype,high,GenBank /type_material qualifier,holotype of Cortinarius parinsignis,PC:18,MT935288,yes,5,NR_171140 Cortinarius parinsignis PC:18 France,https://www.ncbi.nlm.nih.gov/nuccore/NR_171140
NR_171153,Cortinarius subbrunneus f. exannulatus,holotype,high,GenBank /type_material qualifier,holotype of Cortinarius subbrunneus f. exannulatus,PC:2332,MT935466,yes,5,NR_171153 Cortinarius subbrunneus f. exannulatus PC:2332 France,https://www.ncbi.nlm.nih.gov/nuccore/NR_171153
NR_171155,Cortinarius subduracinus,holotype,high,GenBank /type_material qualifier,holotype of Cortinarius subduracinus,PC:1044,MT935479,yes,5,NR_171155 Cortinarius subduracinus PC:1044 France,https://www.ncbi.nlm.nih.gov/nuccore/NR_171155
NR_171160,Cortinarius suilloclarus,holotype,high,GenBank /type_material qualifier,holotype of Cortinarius suilloclarus,PC:4393,MT935538,yes,5,NR_171160 Cortinarius suilloclarus PC:4393 France,https://www.ncbi.nlm.nih.gov/nuccore/NR_171160
NR_171162,Cortinarius umbrinolutescens,holotype,high,GenBank /type_material qualifier,holotype of Cortinarius umbrinolutescens,PC:2858,MT935574,yes,5,NR_171162 Cortinarius umbrinolutescens PC:2858,https://www.ncbi.nlm.nih.gov/nuccore/NR_171162
NR_171226,Henningsia resupinata,holotype,high,GenBank /type_material qualifier,holotype of Henningsia resupinata,URM<BRA>:A. Soares 2014-49,MG255826,yes,5,NR_171226 Henningsia resupinata URM:A. Soares 2014-49 Brazil,https://www.ncbi.nlm.nih.gov/nuccore/NR_171226
NR_171800,Resupinatus applicatus,holotype,high,GenBank /type_material qualifier,holotype of Agaricus applicatus,AMB:18075,KU355368,yes,5,NR_171800 Resupinatus applicatus AMB:18075 Italy,https://www.ncbi.nlm.nih.gov/nuccore/NR_171800
NR_171820,Phylloporia perangusta,holotype,high,GenBank /type_material qualifier,holotype of Phylloporia perangusta,BJFC:Dai18139,MH151169,yes,5,NR_171820 Phylloporia perangusta BJFC:Dai18139 China,https://www.ncbi.nlm.nih.gov/nuccore/NR_171820
NR_172191,Squamanita sororcula,holotype,high,GenBank /type_material qualifier,holotype of Squamanita sororcula,HKAS:107306A,MW258850,yes,5,NR_172191 Squamanita sororcula HKAS:107306A China,https://www.ncbi.nlm.nih.gov/nuccore/NR_172191
NR_172192,Squamanita orientalis,holotype,high,GenBank /type_material qualifier,holotype of Squamanita orientalis,HKAS:74862A,MW258851,yes,5,NR_172192 Squamanita orientalis HKAS:74862A China,https://www.ncbi.nlm.nih.gov/nuccore/NR_172192
NR_172225,Thaxterogaster violaceonitens,holotype,high,GenBank /type_material qualifier,holotype of Cortinarius scaurus subsp. violaceonitens,PC:R. Henry 2190,KF732425,yes,5,NR_172225 Thaxterogaster violaceonitens PC:R. Henry 2190 France,https://www.ncbi.nlm.nih.gov/nuccore/NR_172225
NR_172357,Psathyrella alluviana,holotype,high,GenBank /type_material qualifier,holotype of Psathyrella alluviana,MICH:11867,MW269539,yes,5,NR_172357 Psathyrella alluviana MICH:11867 Oregon US,https://www.ncbi.nlm.nih.gov/nuccore/NR_172357
NR_172361,Cortinarius rufosanguineus,holotype,high,GenBank /type_material qualifier,holotype of Cortinarius rufosanguineus,WTU:F073579,MW493339,yes,5,NR_172361 Cortinarius rufosanguineus WTU:F073579 Florida US,https://www.ncbi.nlm.nih.gov/nuccore/NR_172361
NR_172540,Agaricus ciferrianus,holotype,high,GenBank /type_material qualifier,holotype of Agaricus ciferrianus,CFMR:PR6822,MT436327,yes,5,NR_172540 Agaricus ciferrianus CFMR:PR6822 Puerto Rico,https://www.ncbi.nlm.nih.gov/nuccore/NR_172540
NR_173077,Cortinarius anocorium,holotype,high,GenBank /type_material qualifier,holotype of Cortinarius anocorium,H:7068022,MZ568646,yes,5,NR_173077 Cortinarius anocorium H:7068022 Florida US,https://www.ncbi.nlm.nih.gov/nuccore/NR_173077
NR_173155,Hohenbuehelia petaloides,epitype,high,GenBank /type_material qualifier,epitype of Agaricus petaloides,AMB:18091,KU355351,yes,5,NR_173155 Hohenbuehelia petaloides AMB:18091 France,https://www.ncbi.nlm.nih.gov/nuccore/NR_173155
NR_173159,Amanita simulans,neotype,high,GenBank /type_material qualifier,neotype of Amanita simulans,TO:AM161112,KX834255,yes,5,NR_173159 Amanita simulans TO:AM161112 Italy,https://www.ncbi.nlm.nih.gov/nuccore/NR_173159
NR_173168,Lactifluus caliendrifer,holotype,high,GenBank /type_material qualifier,holotype of Lactifluus caliendrifer,GENT:Wisitrassameewong 378,MK517655,yes,5,NR_173168 Lactifluus caliendrifer GENT:Wisitrassameewong 378 Thailand,https://www.ncbi.nlm.nih.gov/nuccore/NR_173168
NR_173222,Psathyrella wapinitaensis,holotype,high,GenBank /type_material qualifier,holotype of Psathyrella wapinitaensis,MICH:5381,MW412414,yes,5,NR_173222 Psathyrella wapinitaensis MICH:5381 Oregon US,https://www.ncbi.nlm.nih.gov/nuccore/NR_173222
NR_173293,Hygrophorus whitei,isotype,high,GenBank /type_material qualifier,isotype of Hygrophorus whitei,TENN:F-024107,MN243183,yes,5,NR_173293 Hygrophorus whitei TENN:F-024107 California US,https://www.ncbi.nlm.nih.gov/nuccore/NR_173293
NR_173308,Hygrophorus paludosoides,holotype,high,GenBank /type_material qualifier,holotype of Hygrophorus paludosoides,MICH:10922,MT981616,yes,5,NR_173308 Hygrophorus paludosoides MICH:10922 United States,https://www.ncbi.nlm.nih.gov/nuccore/NR_173308
NR_173791,Hymenoscyphus pusillus,holotype,high,GenBank /type_material qualifier,holotype of Hymenoscyphus pusillus,CBS:144754,MH476516,yes,5,NR_173791 Hymenoscyphus pusillus Lesser Poland Voivodeship PL,https://www.ncbi.nlm.nih.gov/nuccore/NR_173791
NR_173810,Russula indohimalayana,holotype,high,GenBank /type_material qualifier,holotype of Russula indohimalayana,CAL:1729,MK244692,yes,5,NR_173810 Russula indohimalayana CAL:1729 Sikkim IN,https://www.ncbi.nlm.nih.gov/nuccore/NR_173810
NR_173864,Calocybe erminea,holotype,high,GenBank /type_material qualifier,holotype of Calocybe erminea,HMJU:00100,MN172331,yes,5,NR_173864 Calocybe erminea HMJU:00100,https://www.ncbi.nlm.nih.gov/nuccore/NR_173864
NR_173877,Leucoagaricus stillatus,holotype,high,GenBank /type_material qualifier,holotype of Leucoagaricus stillatus,JBSD:130937,MN482999,yes,5,NR_173877 Leucoagaricus stillatus JBSD:130937 Dominican Republic,https://www.ncbi.nlm.nih.gov/nuccore/NR_173877
NR_174044,Hansenopezia decora,holotype,high,GenBank /type_material qualifier,holotype of Hansenopezia decora,CNF:2/10621,MK514542,yes,5,NR_174044 Hansenopezia decora CNF:2/10621 Croatia,https://www.ncbi.nlm.nih.gov/nuccore/NR_174044
NR_174067,Hydnellum bomiense,holotype,high,GenBank /type_material qualifier,holotype of Hydnellum bomiense,IFP:019382,MW579942,yes,5,NR_174067 Hydnellum bomiense IFP:019382 China,https://www.ncbi.nlm.nih.gov/nuccore/NR_174067
NR_174852,Inocybe alberichiana,holotype,high,GenBank /type_material qualifier,holotype of Inocybe alberichiana,STU:SMNS-STU-F-0901514,MW845855,yes,5,NR_174852 Inocybe alberichiana STU:SMNS-STU-F-0901514 Austria,https://www.ncbi.nlm.nih.gov/nuccore/NR_174852
NR_174863,Inocybe oetziana,holotype,high,GenBank /type_material qualifier,holotype of Inocybe oetziana,STU:SMNS-STU-F-0901526,MW845897,yes,5,NR_174863 Inocybe oetziana STU:SMNS-STU-F-0901526 Austria,https://www.ncbi.nlm.nih.gov/nuccore/NR_174863
NR_174884,Clavaria ypsilonidia,holotype,high,GenBank /type_material qualifier,holotype of Clavaria ypsilonidia,PDD:46673,KP257140,yes,5,NR_174884 Clavaria ypsilonidia PDD:46673 Northland NZ,https://www.ncbi.nlm.nih.gov/nuccore/NR_174884
NR_175024,Hypoderma siculum,isotype,high,GenBank /type_material qualifier,isotype of Hypoderma siculum,PDD:99894,JF683424,yes,5,NR_175024 Hypoderma siculum PDD:99894 Italy,https://www.ncbi.nlm.nih.gov/nuccore/NR_175024
NR_175034,Hymenoscyphus sinicus,holotype,high,GenBank /type_material qualifier,holotype of Hymenoscyphus sinicus,HMAS:71818,KJ472298,yes,5,NR_175034 Hymenoscyphus sinicus,https://www.ncbi.nlm.nih.gov/nuccore/NR_175034
NR_175049,Russula rubellipes,holotype,high,GenBank /type_material qualifier,holotype of Russula rubellipes,NYBG:00253510,KY509492,yes,5,NR_175049 Russula rubellipes NYBG:00253510 New Jersey US,https://www.ncbi.nlm.nih.gov/nuccore/NR_175049
NR_175145,Phylloporus scabripes,holotype,high,GenBank /type_material qualifier,holotype of Phylloporus scabripes,CFMR:BZ-3252 TJB-9709,MN250204,yes,5,NR_175145 Phylloporus scabripes CFMR:BZ-3252 TJB-9709 Belize,https://www.ncbi.nlm.nih.gov/nuccore/NR_175145
NR_175147,Xerocomus belizensis,holotype,high,GenBank /type_material qualifier,holotype of Xerocomus belizensis,CFMR:BZ-2120 TJB-9400,MN250207,yes,5,NR_175147 Xerocomus belizensis CFMR:BZ-2120 TJB-9400 Belize,https://www.ncbi.nlm.nih.gov/nuccore/NR_175147
NR_175148,Xerocomus olivaceus,holotype,high,GenBank /type_material qualifier,holotype of Xerocomus olivaceus,CFMR:BZ-3953 TJB-9943,MN250208,yes,5,NR_175148 Xerocomus olivaceus CFMR:BZ-3953 TJB-9943 Belize,https://www.ncbi.nlm.nih.gov/nuccore/NR_175148
NR_175693,Russula aurantiocutis,holotype,high,GenBank /type_material qualifier,holotype of Russula aurantiocutis,AMB:101,MW477452,yes,5,NR_175693 Russula aurantiocutis AMB:101 Vicenza IT,https://www.ncbi.nlm.nih.gov/nuccore/NR_175693
NR_175725,Cantharellus subminor,holotype,high,GenBank /type_material qualifier,holotype of Cantharellus subminor,IFP:019445,MW980545,yes,5,NR_175725 Cantharellus subminor IFP:019445 China,https://www.ncbi.nlm.nih.gov/nuccore/NR_175725
NR_175729,Hydnum sphaericum,holotype,high,GenBank /type_material qualifier,holotype of Hydnum sphaericum,IFP:019470,MW980563,yes,5,NR_175729 Hydnum sphaericum IFP:019470 China,https://www.ncbi.nlm.nih.gov/nuccore/NR_175729
NR_176113,Thaxterogaster psilomorphus,holotype,high,GenBank /type_material qualifier,holotype of Cortinarius psilomorphus,PDD:103885,KF727393,yes,5,NR_176113 Thaxterogaster psilomorphus PDD:103885 New Zealand,https://www.ncbi.nlm.nih.gov/nuccore/NR_176113
NR_176171,Inocybe ovilla,holotype,high,GenBank /type_material qualifier,holotype of Inocybe ovilla,STU:SMNS-STU-F-0901600,OK057191,yes,5,NR_176171 Inocybe ovilla STU:SMNS-STU-F-0901600 Germany,https://www.ncbi.nlm.nih.gov/nuccore/NR_176171
NR_177542,Russula oreomunneae,holotype,high,GenBank /type_material qualifier,holotype of Russula oreomunneae,M:0141376,MW058804,yes,5,NR_177542 Russula oreomunneae M:0141376 Panama,https://www.ncbi.nlm.nih.gov/nuccore/NR_177542
NR_177612,Entoloma caeruleomarginatum,holotype,high,GenBank /type_material qualifier,holotype of Entoloma caeruleomarginatum,UCH:11744,MZ611658,yes,5,NR_177612 Entoloma caeruleomarginatum UCH:11744 Panama,https://www.ncbi.nlm.nih.gov/nuccore/NR_177612
NR_177613,Entoloma amistadosericellum,holotype,high,GenBank /type_material qualifier,holotype of Entoloma amistadosericellum,M:KaiR612,MZ611663,yes,5,NR_177613 Entoloma amistadosericellum M:KaiR612 Panama,https://www.ncbi.nlm.nih.gov/nuccore/NR_177613
NR_177616,Entoloma flavoconicum,holotype,high,GenBank /type_material qualifier,holotype of Entoloma flavoconicum,UCH:9226,MZ611667,yes,5,NR_177616 Entoloma favoconicum UCH:9226 Panama,https://www.ncbi.nlm.nih.gov/nuccore/NR_177616
NR_182334,Fulvifomes floridanus,isotype,high,GenBank /type_material qualifier,isotype of Fulvifomes floridanus,BJFC:JV 0904_76,MH390424,yes,5,NR_182334 Fulvifomes floridanus BJFC:JV 0904_76 United States,https://www.ncbi.nlm.nih.gov/nuccore/NR_182334
NR_182455,Clitocybula lacerata,neotype,high,GenBank /type_material qualifier,neotype of Agaricus laceratus,PRM:951559,MK713541,yes,5,NR_182455 Clitocybula lacerata PRM:951559 Slovenia,https://www.ncbi.nlm.nih.gov/nuccore/NR_182455
NR_182482,Amanita vidua,holotype,high,GenBank /type_material qualifier,holotype of Amanita vidua,LIP:0401591,OM451554,yes,5,NR_182482.1 Amanita vidua specimen_voucher LIP 0401591 holotype,https://www.ncbi.nlm.nih.gov/nuccore/NR_182482
NR_182487,Entoloma indikon,holotype,high,GenBank /type_material qualifier,holotype of Entoloma indikon,C:DMS-10034015,ON008485,yes,5,NR_182487 Entoloma indikon C:DMS-10034015 Denmark,https://www.ncbi.nlm.nih.gov/nuccore/NR_182487
NR_182520,Thaxterogaster monaensis,holotype,high,GenBank /type_material qualifier,holotype of Thaxterogaster monaensis,K(M):264670,OP295482,no,5,NR_182520 Thaxterogaster monaensis K(M):264670 Wales GB,https://www.ncbi.nlm.nih.gov/nuccore/NR_182520
NR_182537,Clavariadelphus xanthocephalus,holotype,high,GenBank /type_material qualifier,holotype of Clavariadelphus xanthocephalus,ZT:Myc 54987,MT055901,yes,5,NR_182537 Clavariadelphus xanthocephalus ZT:Myc 54987 Graubünden CH,https://www.ncbi.nlm.nih.gov/nuccore/NR_182537
NR_182575,Mallocybe picea,holotype,high,GenBank /type_material qualifier,holotype of Mallocybe picea,BJTC:FM555,OM801896,yes,5,NR_182575 Mallocybe picea BJTC:FM555 China,https://www.ncbi.nlm.nih.gov/nuccore/NR_182575
NR_182596,Inocybe mediterranea,paratype,high,GenBank /type_material qualifier,paratype of Inocybe mediterranea,AMB:18931,ON361590,yes,5,NR_182596 Inocybe mediterranea AMB:18931 Ragusa IT,https://www.ncbi.nlm.nih.gov/nuccore/NR_182596
NR_182690,Lactifluus albidopectinatus,holotype,high,GenBank /type_material qualifier,holotype of Lactifluus albidopectinatus,SFC:20160726-09,MN215370,yes,5,NR_182690 Lactifluus albidopectinatus SFC:20160726-09 South Korea,https://www.ncbi.nlm.nih.gov/nuccore/NR_182690
NR_182706,Squamanita imbachii,holotype,high,GenBank /type_material qualifier,holotype of Squamanita imbachii,TENN:F-71000,MZ983517,yes,5,NR_182706 Squamanita imbachii TENN:F-71000 United States,https://www.ncbi.nlm.nih.gov/nuccore/NR_182706
NR_182713,Fomitopsis oboensis,holotype,high,GenBank /type_material qualifier,holotype of Niveoporofomes oboensis,MUCL:53518,OM366266,yes,5,NR_182713 Niveoporofomes oboensis Príncipe ST,https://www.ncbi.nlm.nih.gov/nuccore/NR_182713
NR_182890,Atheniella taoyao,holotype,high,GenBank /type_material qualifier,holotype of Atheniella taoyao,FFAAS:0352,MW969656,yes,5,NR_182890 Atheniella taoyao FFAAS:0352 China,https://www.ncbi.nlm.nih.gov/nuccore/NR_182890
NR_182891,Atheniella rutila,holotype,high,GenBank /type_material qualifier,holotype of Atheniella rutila,FFAAS:0354,MW969658,yes,5,NR_182891 Atheniella rutila FFAAS:0354 China,https://www.ncbi.nlm.nih.gov/nuccore/NR_182891
NR_184472,Inocybe subgiacomi,holotype,high,GenBank /type_material qualifier,holotype of Inocybe subgiacomi,TUR:A199032,MK153665,yes,5,NR_184472 Inocybe subgiacomi TUR:A199032 Sweden,https://www.ncbi.nlm.nih.gov/nuccore/NR_184472
NR_184478,Entoloma dirensis,holotype,high,GenBank /type_material qualifier,holotype of Entoloma dirensis,LAH:36947,MZ157271,yes,5,NR_184478 Entoloma dirensis LAH:36947 Pakistan,https://www.ncbi.nlm.nih.gov/nuccore/NR_184478
NR_184505,Inocybe tyrii,holotype,high,GenBank /type_material qualifier,holotype of Inocybe tyrii,STU:SMNS-STU-F-0901679,ON003434,yes,5,NR_184505 Inocybe tyrii STU:SMNS-STU-F-0901679 Germany,https://www.ncbi.nlm.nih.gov/nuccore/NR_184505
NR_184958,Brasilioporus simoniarum,holotype,high,GenBank /type_material qualifier,holotype of Brasilioporus simoniarum,VIES:9901327,OM068905,yes,5,NR_184958 Brasilioporus simoniarum VIES:9901327 Santa Catarina BR,https://www.ncbi.nlm.nih.gov/nuccore/NR_184958
NR_184981,Marasmius rubicundus,epitype,high,GenBank /type_material qualifier,epitype of Marasmius haematocephalus var. rubicundus,SP:445549,ON502658,yes,5,NR_184981 Marasmius rubicundus SP:445549,https://www.ncbi.nlm.nih.gov/nuccore/NR_184981
NR_184982,Marasmius auranticapitatus,holotype,high,GenBank /type_material qualifier,holotype of Marasmius auranticapitatus,SP:445584,ON502670,yes,5,NR_184982 Marasmius auranticapitatus SP:445584,https://www.ncbi.nlm.nih.gov/nuccore/NR_184982
NR_184983,Marasmius roseus,holotype,high,GenBank /type_material qualifier,holotype of Marasmius roseus,SP:445510,ON502678,yes,5,NR_184983 Marasmius roseus SP:445510,https://www.ncbi.nlm.nih.gov/nuccore/NR_184983
NR_184984,Marasmius coasiaticus,holotype,high,GenBank /type_material qualifier,holotype of Marasmius coasiaticus,SP:445502,ON502681,yes,5,NR_184984 Marasmius coasiaticus SP:445502,https://www.ncbi.nlm.nih.gov/nuccore/NR_184984
NR_185378,Hebeloma lindae,holotype,high,GenBank /type_material qualifier,holotype of Hebeloma lindae,BR<BEL>:BR5020184115555,KX765812,yes,5,NR_185378 Hebeloma lindae BR:BR5020184115555 Spain,https://www.ncbi.nlm.nih.gov/nuccore/NR_185378
NR_185411,Hemileccinum brunneotomentosum,holotype,high,GenBank /type_material qualifier,holotype of Boletus brunneotomentosus,CFMR:BZ-2413 BOS-485,MN250196,yes,5,NR_185411 Boletus brunneotomentosus CFMR:BZ-2413 BOS-485 Belize,https://www.ncbi.nlm.nih.gov/nuccore/NR_185411
NR_185425,Inocybe tjallingiorum,holotype,high,GenBank /type_material qualifier,holotype of Inocybe tjallingiorum,L:L-0053540,MW845929,yes,5,NR_185425 Inocybe tjallingiorum L:L-0053540 Netherlands,https://www.ncbi.nlm.nih.gov/nuccore/NR_185425
NR_185437,Inocybe sepiana,holotype,high,GenBank /type_material qualifier,holotype of Inocybe sepiana,STU:SMNS-STU-F-0901687,OP164056,yes,5,NR_185437 Inocybe sepiana STU:SMNS-STU-F-0901687 Germany,https://www.ncbi.nlm.nih.gov/nuccore/NR_185437
NR_185444,Inocybe soluta,epitype,high,GenBank /type_material qualifier,epitype of Inocybe soluta,STU:SMNS-STU-F-0901727,OP164093,yes,5,NR_185444 Inocybe soluta STU:SMNS-STU-F-0901727 Germany,https://www.ncbi.nlm.nih.gov/nuccore/NR_185444
NR_185624,Mycorrhaphium subadustum,holotype,high,GenBank /type_material qualifier,holotype of Mycorrhaphium subadustum,IFP:019374,MW491378,yes,5,NR_185624 Mycorrhaphium subadustum IFP:019374 China,https://www.ncbi.nlm.nih.gov/nuccore/NR_185624
NR_185718,Heteroxylaria rohrensis,holotype,high,GenBank /type_material qualifier,holotype of Xylaria rohrensis,HAST:145766,ON261187,yes,5,NR_185718 Xylaria rohrensis HAST:145766 Styria AT,https://www.ncbi.nlm.nih.gov/nuccore/NR_185718
NR_185803,Geastrum melanorhynchum,holotype,high,GenBank /type_material qualifier,holotype of Geastrum melanorhynchum,HMJAU:65764,OP964617,yes,5,NR_185803 Geastrum melanorhynchum HMJAU:65764,https://www.ncbi.nlm.nih.gov/nuccore/NR_185803
NR_186964,Lentinula detonsa,neotype,high,GenBank /type_material qualifier,neotype of Lentinus detonsus,TENN:53824,MW508935,yes,5,NR_186964 Lentinula detonsa TENN:53824 Costa Rica,https://www.ncbi.nlm.nih.gov/nuccore/NR_186964
NR_186965,Lentinula guzmanii,holotype,high,GenBank /type_material qualifier,holotype of Lentinula guzmanii,TENN:55247,MW508945,yes,5,NR_186965 Lentinula guzmanii TENN:55247 Mexico MX,https://www.ncbi.nlm.nih.gov/nuccore/NR_186965
NR_186993,Scleroderma furfuraceum,holotype,high,GenBank /type_material qualifier,holotype of Scleroderma furfuraceum,LE<RUS>:F342317,OM874610,yes,5,NR_186993 Scleroderma furfuraceum LE:F342317 Russia,https://www.ncbi.nlm.nih.gov/nuccore/NR_186993
NR_189343,Hymenoscyphus yui,holotype,high,GenBank /type_material qualifier,holotype of Hymenoscyphus yui,HMAS:266595,KJ472303,yes,5,NR_189343 Hymenoscyphus yui,https://www.ncbi.nlm.nih.gov/nuccore/NR_189343
NR_189781,Agaricus pseudopurpurellus,holotype,high,GenBank /type_material qualifier,holotype of Agaricus pseudopurpurellus,HMAS:275745,KX656988,yes,5,NR_189781 Agaricus pseudopurpurellus HMAS:275745 China,https://www.ncbi.nlm.nih.gov/nuccore/NR_189781
NR_189800,Ramaria formosa,epitype,high,GenBank /type_material qualifier,epitype of Clavaria formosa,AMB:18199,KY626155,yes,5,NR_189800 Ramaria formosa AMB:18199 Vicenza IT,https://www.ncbi.nlm.nih.gov/nuccore/NR_189800
NR_189946,Scytinostroma acystidiatum,holotype,high,GenBank /type_material qualifier,holotype of Scytinostroma acystidiatum,BJFC:039842,OQ689127,yes,5,NR_189946 Scytinostroma acystidiatum BJFC:039842 China,https://www.ncbi.nlm.nih.gov/nuccore/NR_189946
NR_189952,Luteodorsum huanglongense,holotype,high,GenBank /type_material qualifier,holotype of Luteodorsum huanglongense,HMAS:256997,OQ801492,yes,5,NR_189952 Luteodorsum huanglongense HMAS:256997 China,https://www.ncbi.nlm.nih.gov/nuccore/NR_189952
NR_190943,Cortinarius floridaensis,holotype,high,GenBank /type_material qualifier,holotype of Cortinarius floridaensis,K:M 001434095,ON843399,yes,5,NR_190943 Cortinarius floridaensis K:M 001434095 Colorado US,https://www.ncbi.nlm.nih.gov/nuccore/NR_190943
NR_191067,Auricularia camposii,holotype,high,GenBank /type_material qualifier,holotype of Auricularia camposii,URM<BRA>:76905,MH213351,yes,5,NR_191067 Auricularia camposii URM:76905 Brazil,https://www.ncbi.nlm.nih.gov/nuccore/NR_191067
NR_191109,Pluteus atypicus,holotype,high,GenBank /type_material qualifier,holotype of Pluteus atypicus,LE<RUS>:313057,MT611239,yes,5,NR_191109 Pluteus atypicus LE 313057 from TYPE material LE:313057,https://www.ncbi.nlm.nih.gov/nuccore/NR_191109
NR_191126,Entoloma timidum,holotype,high,GenBank /type_material qualifier,holotype of Entoloma timidum,LE<RUS>:312480,MZ145197,yes,5,NR_191126 Entoloma timidum LE:312480 Karachay-Cherkessia RU,https://www.ncbi.nlm.nih.gov/nuccore/NR_191126
NR_191280,Helvella xiaohuipan,holotype,high,GenBank /type_material qualifier,holotype of Helvella xiaohuipan,BJTC:FM2317,OR355079,yes,5,NR_191280 Melanoleuca sp. 'BC01' BJTC:FM2317,https://www.ncbi.nlm.nih.gov/nuccore/NR_191280
NR_191321,Agaricus sinoagrocyboides,holotype,high,GenBank /type_material qualifier,holotype of Agaricus sinoagrocyboides,HMJAU:67738,OR690292,yes,5,NR_191321 Agaricus sinoagrocyboides HMJAU:67738 China,https://www.ncbi.nlm.nih.gov/nuccore/NR_191321
NR_197842,Pluteus thomensis,holotype,high,GenBank /type_material qualifier,holotype of Pluteus thomensis,SFSU:DED 8333,MG968800,yes,5,NR_197842 Pluteus thomensis SFSU:DED 8333 Príncipe ST,https://www.ncbi.nlm.nih.gov/nuccore/NR_197842
NR_198053,Hygrophorus aesculeticola,holotype,high,GenBank /type_material qualifier,holotype of Hygrophorus aesculeticola,DAOM:984968,MK020098,yes,5,NR_198053 Hygrophorus aesculeticola DAOM:984968 United States,https://www.ncbi.nlm.nih.gov/nuccore/NR_198053
NR_198114,Amanita alboradicata,holotype,high,GenBank /type_material qualifier,holotype of Amanita alboradicata,MHHNU:10531,MW016759,yes,5,NR_198114 Amanita alboradicata MHHNU:10531,https://www.ncbi.nlm.nih.gov/nuccore/NR_198114
NR_198149,Russula photinia,holotype,high,GenBank /type_material qualifier,holotype of Russula photinia,HBAU:15536,MZ573250,yes,5,NR_198149 Russula photinia HBAU:15536 China,https://www.ncbi.nlm.nih.gov/nuccore/NR_198149
NR_198277,Cyathus asiaticus,holotype,high,GenBank /type_material qualifier,holotype of Cyathus asiaticus,SWFC:00019445,OP251005,yes,5,NR_198277 Cyathus asiaticus SWFC:00019445,https://www.ncbi.nlm.nih.gov/nuccore/NR_198277
NR_198295,Hygrophorus armeniacus,holotype,high,GenBank /type_material qualifier,holotype of Hygrophorus armeniacus,GDGM:82364,OP547665,yes,5,NR_198295 Hygrophorus armeniacus GDGM:82364 China,https://www.ncbi.nlm.nih.gov/nuccore/NR_198295
NR_198331,Hygrophorus viridiflavidus,holotype,high,GenBank /type_material qualifier,holotype of Hygrophorus viridiflavidus,BJTC:FM978,OP699731,yes,5,NR_198331 Hygrophorus viridiflavidus BJTC:FM978 China,https://www.ncbi.nlm.nih.gov/nuccore/NR_198331
NR_198366,Porogramme principes,holotype,high,GenBank /type_material qualifier,holotype of Porogramme principes,LISU:254185,OQ118402,yes,5,NR_198366 Porogramme principes LISU:254185 Pagué ST,https://www.ncbi.nlm.nih.gov/nuccore/NR_198366
NR_198477,Russula paragraveolens,holotype,high,GenBank /type_material qualifier,holotype of Russula paragraveolens,HMAS:281158,OQ871504,yes,5,NR_198477.1 Russula paragraveolens specimen_voucher HMAS 281158 China Jilin holotype,https://www.ncbi.nlm.nih.gov/nuccore/NR_198477
NR_198684,Pholiotina bispora,holotype,high,GenBank /type_material qualifier,holotype of Pholiotina bispora,HMJAU:65072,OR995686,yes,5,NR_198684 Pholiotina bispora HMJAU:65072,https://www.ncbi.nlm.nih.gov/nuccore/NR_198684
NR_198685,Pholiotina brevipila,holotype,high,GenBank /type_material qualifier,holotype of Pholiotina brevipila,HMJAU:65082,OR995687,yes,5,NR_198685 Pholiotina brevipila HMJAU:65082,https://www.ncbi.nlm.nih.gov/nuccore/NR_198685
NR_198686,Pholiotina changbaishanensis,holotype,high,GenBank /type_material qualifier,holotype of Pholiotina changbaishanensis,HMJAU:65101,OR995689,yes,5,NR_198686.1 Pholiotina changbaishanensis HOLOTYPE China,https://www.ncbi.nlm.nih.gov/nuccore/NR_198686
NR_198687,Pholiotina communis,holotype,high,GenBank /type_material qualifier,holotype of Pholiotina communis,HMJAU:65039,OR995692,yes,5,NR_198687 Pholiotina communis HMJAU:65039,https://www.ncbi.nlm.nih.gov/nuccore/NR_198687
NR_198690,Pholiotina liudingshanensis,holotype,high,GenBank /type_material qualifier,holotype of Pholiotina liudingshanensis,HMJAU:65053,OR995700,yes,5,NR_198690 Pholiotina liudingshanensis HMJAU:65053,https://www.ncbi.nlm.nih.gov/nuccore/NR_198690
NR_198692,Pholiotina rostellulata,holotype,high,GenBank /type_material qualifier,holotype of Pholiotina rostellulata,HMJAU:65050,OR995706,yes,5,NR_198692 Pholiotina rostellulata HMJAU:65050,https://www.ncbi.nlm.nih.gov/nuccore/NR_198692
NR_198720,Inocybe querciphila,holotype,high,GenBank /type_material qualifier,holotype of Inocybe querciphila,AH:51897,PP262644,yes,5,NR_198720 Inocybe querciphila AH:51897 FR,https://www.ncbi.nlm.nih.gov/nuccore/NR_198720
NR_198860,Tricholosporum caraibicum,holotype,high,GenBank /type_material qualifier,holotype of Tricholosporum caraibicum,JBSD:125216,PQ373801,yes,5,NR_198860 Tricholosporum caraibicum JBSD:125216 Puerto Plata DO,https://www.ncbi.nlm.nih.gov/nuccore/NR_198860
NR_199768,Chromosera lilacifolia var. totililacicolor,holotype,high,GenBank /type_material qualifier,holotype of Chromosera lilacifolia var. totililacicolor,DAOM:985251,PQ182943,yes,5,NR_199768 Chromosera lilacifolia var. totililacicolor DAOM:985251 Quebec CA,https://www.ncbi.nlm.nih.gov/nuccore/NR_199768
NR_200041,Cortinarius quercipalustris,holotype,high,GenBank /type_material qualifier,holotype of Cortinarius quercipalustris,FLAS:F-73130,PP850686,yes,5,NR_200041 Cortinarius quercipalustris FLAS:F-73130 Florida US,https://www.ncbi.nlm.nih.gov/nuccore/NR_200041
NR_200505,Clitocybe epixyla,holotype,high,GenBank /type_material qualifier,holotype of Clitocybe epixyla,KUN-HKAS:105576,OP626916,yes,5,NR_200505 Clitocybe epixyla KUN-HKAS:105576 Gansu CN,https://www.ncbi.nlm.nih.gov/nuccore/NR_200505
NR_200671,Luteochaete odontoidea,holotype,high,GenBank /type_material qualifier,holotype of Luteochaete odontoidea,BJFC:030682,PP549552,yes,5,NR_200671.1 Luteochaete odontoidea BJFC 030682 ITS region; from TYPE material,https://www.ncbi.nlm.nih.gov/nuccore/NR_200671
NR_202306,Marasmius durifagus,holotype,high,GenBank /type_material qualifier,holotype of Marasmius durifagus,PDD:96918,OQ282796,yes,5,NR_202306 Marasmius durifagus PDD:96918 New Zealand,https://www.ncbi.nlm.nih.gov/nuccore/NR_202306
NR_202310,Mallocybe longquanensis,holotype,high,GenBank /type_material qualifier,holotype of Mallocybe longquanensis,SICAU:22-0164,OQ434283,yes,5,NR_202310 Mallocybe longquanensis SICAU:22-0164 China,https://www.ncbi.nlm.nih.gov/nuccore/NR_202310
NR_202603,Marasmius leppii,holotype,high,GenBank /type_material qualifier,holotype of Marasmius leppii,CANB:74279,PV016897,yes,5,NR_202603 Marasmius leppii CANB:74279 New South Wales AU,https://www.ncbi.nlm.nih.gov/nuccore/NR_202603
NR_202800,Gymnopus linzhiensis,holotype,high,GenBank /type_material qualifier,holotype of Gymnopus linzhiensis,HMAS:2880122,PV815626,yes,5,NR_202800 Gymnopus linzhiensis HMAS:2880122 Tibet Autonomous Region CN,https://www.ncbi.nlm.nih.gov/nuccore/NR_202800
LN850570,Entoloma lupinum,holotype,high,GenBank /type_material qualifier,holotype of Entoloma lupinum,holotype 13/14 TUR,,,4,LN850570 Entoloma lupinum holotype 13/14 TUR,https://www.ncbi.nlm.nih.gov/nuccore/LN850570
NG_064179,Flammulina stratosa,type,high,GenBank /type_material qualifier,type material of Flammulina stratosa,CBS:101408,MH874341,no,4,"NG_064179.1 Flammulina stratosa CBS 101408 28S rRNA gene, partial sequence; from TYPE material",https://www.ncbi.nlm.nih.gov/nuccore/NG_064179
NG_070835,Strobilurus pachycystidiatus,holotype,high,GenBank /type_material qualifier,holotype of Strobilurus pachycystidiatus,HKAS:83365,MF063094,no,4,"NG_070835.1 Strobilurus pachycystidiatus HKAS 83365 28S rRNA gene, partial sequence; from TYPE material",https://www.ncbi.nlm.nih.gov/nuccore/NG_070835
NG_243952,Cryptomarasmius changchunensis,holotype,high,GenBank /type_material qualifier,holotype of Cryptomarasmius changchunensis,HMJAU:68269,OR915248,no,4,"NG_243952.1 Cryptomarasmius changchunensis HMJAU 68269 28S rRNA gene, partial sequence; from TYPE material",https://www.ncbi.nlm.nih.gov/nuccore/NG_243952
NR_119477,Cystoderma tuomikoskii,holotype,high,GenBank /type_material qualifier,holotype of Cystoderma tuomikoskii,H:RT23.08.1974,AM946505,no,4,NR_119477 Cystoderma tuomikoskii H:RT23.08.1974 Finland,https://www.ncbi.nlm.nih.gov/nuccore/NR_119477
NR_119478,Cystodermella papallactae,isotype,high,GenBank /type_material qualifier,isotype of Cystodermella papallactae,C:58002,AM946521,no,4,NR_119478 Cystodermella papallactae C:58002 Ecuador,https://www.ncbi.nlm.nih.gov/nuccore/NR_119478
NR_119520,Chlorociboria aeruginascens subsp. australis,holotype,high,GenBank /type_material qualifier,holotype of Chlorociboria aeruginascens subsp. australis,PDD:74101,AY755351,yes,4,NR_119520 Chlorociboria aeruginascens subsp. australis PDD:74101 New Zealand,https://www.ncbi.nlm.nih.gov/nuccore/NR_119520
NR_119675,Boletus subalpinus,isotype,high,GenBank /type_material qualifier,isotype of Gastroboletus subalpinus,MICH:5399,EU231989,yes,4,NR_119675.1 Boletus subalpinus TYPE OR (sister to regineus),https://www.ncbi.nlm.nih.gov/nuccore/NR_119675
NR_119723,Aleurodiscus fujii,holotype,high,GenBank /type_material qualifier,holotype of Neoaleurodiscus fujii,TNM:F22083,FJ799922,no,4,NR_119723 Neoaleurodiscus fujii TNM:F22083 Japan,https://www.ncbi.nlm.nih.gov/nuccore/NR_119723
NR_119790,Cortinarius saturniorum,holotype,high,GenBank /type_material qualifier,holotype of Cortinarius saturniorum,PDD:67176,GU233337,yes,4,NR_119790 Cortinarius saturniorum PDD:67176 New Zealand,https://www.ncbi.nlm.nih.gov/nuccore/NR_119790
NR_119884,Clavaria californica,holotype,high,GenBank /type_material qualifier,holotype of Clavaria californica,TENN:026785,HQ179660,yes,4,NR_119884 Clavaria californica TENN:026785 California US,https://www.ncbi.nlm.nih.gov/nuccore/NR_119884
NR_119887,Pulverulina ulmicola,holotype,high,GenBank /type_material qualifier,holotype of Clitocybe ulmicola,TENN:029208,HQ179667,yes,4,NR_119887 Clitocybe ulmicola TENN:029208 Tennessee US,https://www.ncbi.nlm.nih.gov/nuccore/NR_119887
NR_119889,Entoloma alboumbonatum,holotype,high,GenBank /type_material qualifier,holotype of Entoloma alboumbonatum,TENN:020467,HQ179670,yes,4,NR_119889 Entoloma alboumbonatum TENN:020467 Tennessee US,https://www.ncbi.nlm.nih.gov/nuccore/NR_119889
NR_119904,Inocybe pyrotricha,holotype,high,GenBank /type_material qualifier,holotype of Inocybe pyrotricha,WTU:F-063181,HQ222005,yes,4,NR_119904 Inocybe pyrotricha WTU:F-063181 Washington US,https://www.ncbi.nlm.nih.gov/nuccore/NR_119904
NR_119947,Agaricus inilleasper,holotype,high,GenBank /type_material qualifier,holotype of Agaricus inilleasper,PERTH:M. Castellano H4452,JF495067,yes,4,NR_119947 Agaricus inilleasper PERTH:M. Castellano H4452,https://www.ncbi.nlm.nih.gov/nuccore/NR_119947
NR_119952,Agaricus microvolvatulus,type,high,GenBank /type_material qualifier,type material of Agaricus microvolvatulus,personal:Grinling:70109,JF514524,yes,4,NR_119952 Agaricus microvolvatulus personal:Grinling:70109,https://www.ncbi.nlm.nih.gov/nuccore/NR_119952
NR_120038,Inocybe redolens,holotype,high,GenBank /type_material qualifier,holotype of Inocybe redolens,PERTH:E7034,JQ085933,yes,4,NR_120038 Inocybe redolens PERTH:E7034 Western Australia AU,https://www.ncbi.nlm.nih.gov/nuccore/NR_120038
NR_121425,Hypomyces semicircularis,type,high,GenBank /type_material qualifier,type material of Hypomyces semicircularis,CBS:705.88,FN859417,no,4,NR_121425 Cladobotryum semicirculare,https://www.ncbi.nlm.nih.gov/nuccore/NR_121425
NR_130200,Calonarius calojanthinus,holotype,high,GenBank /type_material qualifier,holotype of Cortinarius calojanthinus,IB:19970220,KF732272,yes,4,NR_130200 Cortinarius calojanthinus IB:19970220 United States,https://www.ncbi.nlm.nih.gov/nuccore/NR_130200
NR_130216,Phlegmacium eliae,holotype,high,GenBank /type_material qualifier,holotype of Cortinarius eliae,G:00126735,KF732299,yes,4,NR_130216 Cortinarius eliae G:00126735 France,https://www.ncbi.nlm.nih.gov/nuccore/NR_130216
NR_130232,Thaxterogaster multiformis,neotype,high,GenBank /type_material qualifier,neotype of Cortinarius multiformis,S:F44806,KF732350,yes,4,NR_130232 Cortinarius multiformis S:F44806 Sweden,https://www.ncbi.nlm.nih.gov/nuccore/NR_130232
NR_130248,Cortinarius pseudogracilior,holotype,high,GenBank /type_material qualifier,holotype of Cortinarius pseudogracilior,PC:P. Moenne-Loccoz 4858,KF732394,yes,4,NR_130248 Cortinarius pseudogracilior PC:P. Moenne-Loccoz 4858 France,https://www.ncbi.nlm.nih.gov/nuccore/NR_130248
NR_130258,Thaxterogaster rufoallutus,holotype,high,GenBank /type_material qualifier,holotype of Cortinarius rufoallutus,PC:P. Moenne-Loccoz 635,KF732413,yes,4,NR_130258 Cortinarius rufoallutus PC:P. Moenne-Loccoz 635 France,https://www.ncbi.nlm.nih.gov/nuccore/NR_130258
NR_130260,Calonarius sannio,holotype,high,GenBank /type_material qualifier,holotype of Cortinarius sannio,IB:19970352,KF732420,yes,4,NR_130260 Cortinarius sannio IB:19970352 United States,https://www.ncbi.nlm.nih.gov/nuccore/NR_130260
NR_130264,Phlegmacium sobrium,type,high,GenBank /type_material qualifier,type material of Cortinarius sobrius,H:P. A. Karsten 3235,KF732429,yes,4,NR_130264 Cortinarius sobrius H:P. A. Karsten 3235 Finland,https://www.ncbi.nlm.nih.gov/nuccore/NR_130264
NR_130306,Thaxterogaster talimultiformis,holotype,high,GenBank /type_material qualifier,holotype of Cortinarius talimultiformis,UPS:A. Taylor 2004096,KF732583,yes,4,NR_130306 Cortinarius talimultiformis UPS:A. Taylor 2004096 Sweden,https://www.ncbi.nlm.nih.gov/nuccore/NR_130306
NR_131858,Cortinarius pitkinensis,holotype,high,GenBank /type_material qualifier,holotype of Cortinarius pitkinensis,WTU:F-040015,KP087982,yes,4,NR_131858 Cortinarius pitkinensis WTU:F-040015 North Carolina US,https://www.ncbi.nlm.nih.gov/nuccore/NR_131858
NR_131889,Cortinarius centrirufus,holotype,high,GenBank /type_material qualifier,holotype of Cortinarius centrirufus,H:I. Kytovuori 00-037,KP165577,yes,4,NR_131889 Cortinarius centrirufus H:I. Kytovuori 00-037 Finland,https://www.ncbi.nlm.nih.gov/nuccore/NR_131889
NR_132047,Crepidotus malachioides,epitype,high,GenBank /type_material qualifier,epitype of Crepidotus malachioides,SLO:1250,KF154019,yes,4,NR_132047 Crepidotus malachioides SLO:1250 Slovakia,https://www.ncbi.nlm.nih.gov/nuccore/NR_132047
NR_132093,Geoglossum brunneipes,holotype,high,GenBank /type_material qualifier,holotype of Geoglossum brunneipes,AH:44217,KP144090,yes,4,NR_132093 Geoglossum brunneipes AH:44217,https://www.ncbi.nlm.nih.gov/nuccore/NR_132093
NR_132896,Geastrum meridionale,holotype,high,GenBank /type_material qualifier,holotype of Geastrum meridionale,MA:Fungi:87325,KF988412,yes,4,NR_132896 Geastrum meridionale MA:Fungi:87325 Spain,https://www.ncbi.nlm.nih.gov/nuccore/NR_132896
NR_134438,Trichoderma rosulatum,holotype,high,GenBank /type_material qualifier,holotype of Trichoderma rosulatum,HMAS:252548,KF729995,yes,4,NR_134438 Trichoderma rosulatum HMAS:252548 Anhui CN,https://www.ncbi.nlm.nih.gov/nuccore/NR_134438
NR_137573,Fomitiporia nobilissima,ex-holotype,high,GenBank /type_material qualifier,culture from holotype of Fomitiporia nobilissima,MUCL:51289,GU461965,yes,4,NR_137573 Fomitiporia nobilissima Gabon,https://www.ncbi.nlm.nih.gov/nuccore/NR_137573
NR_137591,Fomitiporia cupressicola,ex-holotype,high,GenBank /type_material qualifier,culture from holotype of Fomitiporia cupressicola,MUCL:52486,JQ087877,yes,4,NR_137591 Fomitiporia cupressicola Mexico,https://www.ncbi.nlm.nih.gov/nuccore/NR_137591
NR_137615,Lyophyllum moncalvoanum,holotype,high,GenBank /type_material qualifier,holotype of Lyophyllum moncalvoanum,PDD:96328,KJ461904,yes,4,NR_137615 Lyophyllum moncalvoanum PDD:96328 New Zealand,https://www.ncbi.nlm.nih.gov/nuccore/NR_137615
NR_137783,Entoloma hainanense,holotype,high,GenBank /type_material qualifier,holotype of Entoloma hainanense,GDGM:27990,JQ320110,yes,4,NR_137783 Entoloma hainanense GDGM:27990,https://www.ncbi.nlm.nih.gov/nuccore/NR_137783
NR_137886,Neoboletus xanthopus,holotype,high,GenBank /type_material qualifier,holotype of Boletus xanthopus,WU:31411,KM027387,yes,4,NR_137886 Boletus xanthopus WU:31411 Burgenland AT,https://www.ncbi.nlm.nih.gov/nuccore/NR_137886
NR_137977,Phacidium grevilleae,ex-holotype,high,GenBank /type_material qualifier,culture from holotype of Phacidium grevilleae,CPC:24326,KR476718,yes,4,NR_137977 Phacidium grevilleae Kapchorwa UG,https://www.ncbi.nlm.nih.gov/nuccore/NR_137977
NR_144986,Agaricus berryessae,holotype,high,GenBank /type_material qualifier,holotype of Agaricus berryessae,SFSU:F-020931,KJ609482,yes,4,NR_144986 Agaricus berryessae SFSU:F-020931 California US,https://www.ncbi.nlm.nih.gov/nuccore/NR_144986
NR_151655,Amanita brunneitoxicaria,type,high,GenBank /type_material qualifier,type material of Amanita brunneitoxicaria,BZ:2015_01,KY747462,yes,4,NR_151655 Amanita brunneitoxicaria BZ:2015_01 Thailand,https://www.ncbi.nlm.nih.gov/nuccore/NR_151655
NR_151656,Amanita ballerina,isotype,high,GenBank /type_material qualifier,isotype of Amanita ballerina,MFLU:16-2559,KY747467,yes,4,NR_151656 Amanita ballerina MFLU:16-2559 Thailand,https://www.ncbi.nlm.nih.gov/nuccore/NR_151656
NR_151745,Agaricus campestris,epitype,high,GenBank /type_material qualifier,epitype of Agaricus campestris,MA:Fungi:80998,JQ903618,yes,4,NR_151745 Agaricus campestris MA:Fungi:80998 Madrid ES,https://www.ncbi.nlm.nih.gov/nuccore/NR_151745
NR_151749,Agaricus guizhouensis,holotype,high,GenBank /type_material qualifier,holotype of Agaricus guizhouensis,HKAS:81081,KJ755658,yes,4,NR_151749 Agaricus guizhouensis HKAS:81081 China,https://www.ncbi.nlm.nih.gov/nuccore/NR_151749
NR_151765,Agaricus parasubrutilescens,holotype,high,GenBank /type_material qualifier,holotype of Agaricus parasubrutilescens,HMAS:274000,KT951410,yes,4,NR_151765 Agaricus parasubrutilescens HMAS:274000 China,https://www.ncbi.nlm.nih.gov/nuccore/NR_151765
NR_152343,Inocybe acanthosperma,isotype,high,GenBank /type_material qualifier,isotype of Inocybe acanthosperma,TENN:067005,KJ729861,yes,4,NR_152343 Inocybe acanthosperma TENN:067005 Queensland AU,https://www.ncbi.nlm.nih.gov/nuccore/NR_152343
NR_152905,Hebeloma matritense,holotype,high,GenBank /type_material qualifier,holotype of Hebeloma matritense,BR<BEL>:MYCO 174910-19,KT217364,yes,4,NR_152905 Hebeloma matritense BR:MYCO 174910-19 Spain,https://www.ncbi.nlm.nih.gov/nuccore/NR_152905
NR_153008,Phlegmacium glaucopus f. ingratum,holotype,high,GenBank /type_material qualifier,holotype of Cortinarius glaucopus f. ingratus,PC:P. Moenne-Loccoz 762,KF732316,yes,4,NR_153008 Cortinarius glaucopus f. ingratus PC:P. Moenne-Loccoz 762 France,https://www.ncbi.nlm.nih.gov/nuccore/NR_153008
NR_153062,Cortinarius wahkiacus,holotype,high,GenBank /type_material qualifier,holotype of Cortinarius wahkiacus,WTU:M.Beug 09MWB111813,KU041745,yes,4,NR_153062 Cortinarius wahkiacus WTU:M.Beug 09MWB111813 Florida US,https://www.ncbi.nlm.nih.gov/nuccore/NR_153062
NR_153077,Cortinarius fulvescens,neotype,high,GenBank /type_material qualifier,neotype of Cortinarius fulvescens,H:T. Niskanen 04-935,KX388634,yes,4,NR_153077 Cortinarius fulvescens H:T. Niskanen 04-935 Finland,https://www.ncbi.nlm.nih.gov/nuccore/NR_153077
NR_153118,Inocybe hirculus,type,high,GenBank /type_material qualifier,type material of Inocybe hirculus,TURA:2577,FJ531872,yes,4,NR_153118 Inocybe hirculus TURA:2577 Finland,https://www.ncbi.nlm.nih.gov/nuccore/NR_153118
NR_153133,Inocybe fragilis,isotype,high,GenBank /type_material qualifier,isotype of Inocybe fragilis,TENN:066507,KF830029,yes,4,NR_153133 Inocybe fragilis TENN:066507 Western Australia AU,https://www.ncbi.nlm.nih.gov/nuccore/NR_153133
NR_153144,Inocybe mixtilis,epitype,high,GenBank /type_material qualifier,epitype of Agaricus mixtilis,M:0219661,KJ938767,yes,4,NR_153144 Inocybe mixtilis M:0219661,https://www.ncbi.nlm.nih.gov/nuccore/NR_153144
NR_153164,Inocybe tertia,isotype,high,GenBank /type_material qualifier,isotype of Inocybe tertia,TENN:066951,KP641633,yes,4,NR_153164 Inocybe tertia TENN:066951 Queensland AU,https://www.ncbi.nlm.nih.gov/nuccore/NR_153164
NR_153172,Pseudosperma brunneosquamulosum,holotype,high,GenBank /type_material qualifier,holotype of Inocybe brunneosquamulosa,CAL:1308,KX073582,yes,4,NR_153172 Pseudosperma brunneosquamulosum CAL:1308 India,https://www.ncbi.nlm.nih.gov/nuccore/NR_153172
NR_153173,Inocybe rubrobrunnea,holotype,high,GenBank /type_material qualifier,holotype of Inocybe rubrobrunnea,CAL:1307,KX073583,yes,4,NR_153173 Inocybe rubrobrunnea CAL:1307 India,https://www.ncbi.nlm.nih.gov/nuccore/NR_153173
NR_153268,Russula nympharum,holotype,high,GenBank /type_material qualifier,holotype of Russula nympharum,GENT:RUS11121505,KU928157,yes,4,NR_153268 Russula nympharum GENT:RUS11121505 Balearic Islands ES,https://www.ncbi.nlm.nih.gov/nuccore/NR_153268
NR_153302,Russula pseudoaurantiophylla,holotype,high,GenBank /type_material qualifier,holotype of Russula pseudoaurantiophylla,PC:0142479,KY800354,yes,4,NR_153302 Russula pseudoaurantiophylla PC:0142479,https://www.ncbi.nlm.nih.gov/nuccore/NR_153302
NR_153509,Anthostomelloides brabeji,type,high,GenBank /type_material qualifier,type material of Anthostomella brabeji,CMW:20007,EU552098,yes,4,NR_153509 Anthostomelloides brabeji South Africa,https://www.ncbi.nlm.nih.gov/nuccore/NR_153509
NR_153510,Anthostomelloides leucospermi,type,high,GenBank /type_material qualifier,type material of Anthostomella leucospermi,CMW:22228,EU552100,yes,4,NR_153510 Anthostomella leucospermi South Africa,https://www.ncbi.nlm.nih.gov/nuccore/NR_153510
NR_153545,Aureoboletus venustus,holotype,high,GenBank /type_material qualifier,holotype of Aureoboletus venustus,HKAS:77700,KU321702,yes,4,NR_153545 Aureoboletus venustus HKAS:77700,https://www.ncbi.nlm.nih.gov/nuccore/NR_153545
NR_153931,Calocybella dominicana,holotype,high,GenBank /type_material qualifier,holotype of Calocybella dominicana,JBSD:126507,KY363575,yes,4,NR_153931 Calocybella dominicana JBSD:126507 Dominican Republic,https://www.ncbi.nlm.nih.gov/nuccore/NR_153931
NR_154086,Hodophilus paupertinus,holotype,high,GenBank /type_material qualifier,holotype of Hygrophorus paupertinus,MICH:10923,KU882889,yes,4,NR_154086 Hodophilus paupertinus MICH:10923 California US,https://www.ncbi.nlm.nih.gov/nuccore/NR_154086
NR_154157,Marasmius linderioides,type,high,GenBank /type_material qualifier,type material of Marasmius linderioides,SP:417469,JX424037,yes,4,NR_154157 Marasmius linderioides SP:417469,https://www.ncbi.nlm.nih.gov/nuccore/NR_154157
NR_154186,Mutinus albotruncatus,holotype,high,GenBank /type_material qualifier,holotype of Mutinus albotruncatus,UFRN:2025,KT202281,yes,4,NR_154186 Mutinus albotruncatus UFRN:2025,https://www.ncbi.nlm.nih.gov/nuccore/NR_154186
NR_154302,Porpoloma sejunctum,isotype,high,GenBank /type_material qualifier,isotype of Porpoloma sejunctum,MICH:00011835,KJ417302,yes,4,NR_154302 Porpoloma sejunctum MICH:00011835 Tierra del Fuego AR,https://www.ncbi.nlm.nih.gov/nuccore/NR_154302
NR_154304,Pseudotricholoma umbrosum,holotype,high,GenBank /type_material qualifier,holotype of Pseudotricholoma umbrosum,MICH:00012331,KJ417314,yes,4,NR_154304 Pseudotricholoma umbrosum MICH:00012331 Nova Scotia CA,https://www.ncbi.nlm.nih.gov/nuccore/NR_154304
NR_154609,Sebacina cystidiata,holotype,high,GenBank /type_material qualifier,holotype of Sebacina cystidiata,TUB:020024,KF000452,yes,4,NR_154609 Sebacina cystidiata TUB:020024 Baden-Württemberg DE,https://www.ncbi.nlm.nih.gov/nuccore/NR_154609
NR_154689,Amanita populiphila,paratype,high,GenBank /type_material qualifier,paratype of Amanita populiphila,RET:103-4,KP224319,yes,4,NR_154689 Amanita populiphila RET:103-4 Kansas US,https://www.ncbi.nlm.nih.gov/nuccore/NR_154689
NR_154977,Entoloma cyanostipitum,holotype,high,GenBank /type_material qualifier,holotype of Entoloma cyanostipitum,GDGM:31318,KY711237,yes,4,NR_154977 Entoloma cyanostipitum GDGM:31318 China,https://www.ncbi.nlm.nih.gov/nuccore/NR_154977
NR_155175,Helvella tinta,holotype,high,GenBank /type_material qualifier,holotype of Helvella tinta,HKAS:82560,KX239842,yes,4,NR_155175 Helvella tinta HKAS:82560,https://www.ncbi.nlm.nih.gov/nuccore/NR_155175
NR_155320,Leucoagaricus subcrystallifer,holotype,high,GenBank /type_material qualifier,holotype of Leucoagaricus subcrystallifer,HKAS:49373,KP096236,yes,4,NR_155320 Leucoagaricus subcrystallifer HKAS:49373 Sichuan CN,https://www.ncbi.nlm.nih.gov/nuccore/NR_155320
NR_155321,Leucoagaricus asiaticus,holotype,high,GenBank /type_material qualifier,holotype of Leucoagaricus asiaticus,LAH:10012012,KP164971,yes,4,NR_155321 Leucoagaricus asiaticus LAH:10012012 Pakistan,https://www.ncbi.nlm.nih.gov/nuccore/NR_155321
NR_155392,Microglossum cyanobasis,holotype,high,GenBank /type_material qualifier,holotype of Microglossum cyanobasis,AH:43985,KX371850,yes,4,NR_155392 Microglossum cyanobasis AH:43985 Spain,https://www.ncbi.nlm.nih.gov/nuccore/NR_155392
NR_155873,Naematelia aurantia,type,high,GenBank /type_material qualifier,type material of Tremella aurantia,CBS:6965,AF444315,yes,4,NR_155873 Tremella aurantia,https://www.ncbi.nlm.nih.gov/nuccore/NR_155873
NR_155934,Tremella coalescens,type,high,GenBank /type_material qualifier,type material of Tremella coalescens,CBS:6967,KY105678,yes,4,NR_155934 Tremella coalescens United States,https://www.ncbi.nlm.nih.gov/nuccore/NR_155934
NR_155937,Tremella mesenterica,type,high,GenBank /type_material qualifier,type material of Tremella mesenterica,CBS:6973,KY105690,yes,4,NR_155937 Tremella mesenterica Canada,https://www.ncbi.nlm.nih.gov/nuccore/NR_155937
NR_155938,Tremella tropica,type,high,GenBank /type_material qualifier,type material of Tremella tropica,CBS:8483,KY105697,yes,4,NR_155938 Tremella tropica Taiwan,https://www.ncbi.nlm.nih.gov/nuccore/NR_155938
NR_156303,Calocybe convexa,holotype,high,GenBank /type_material qualifier,holotype of Calocybe convexa,SYAU:FUNGI 008,KU528827,yes,4,NR_156303 Calocybe convexa SYAU:FUNGI 008 China,https://www.ncbi.nlm.nih.gov/nuccore/NR_156303
NR_157488,Clarireedia bennettii,ex-holotype,high,GenBank /type_material qualifier,culture from holotype of Clarireedia bennettii,CBS:309.37,MF964321,yes,4,NR_157488 Clarireedia bennettii,https://www.ncbi.nlm.nih.gov/nuccore/NR_157488
NR_157872,Thaxterogaster singularis,holotype,high,GenBank /type_material qualifier,holotype of Cortinarius singularis,PDD:78767,JQ287672,yes,4,NR_157872 Thaxterogaster singularis PDD:78767 Southland NZ,https://www.ncbi.nlm.nih.gov/nuccore/NR_157872
NR_157883,Cortinarius miwok,holotype,high,GenBank /type_material qualifier,holotype of Cortinarius miwok,UC<USA-CA>:1861351,JQ906753,yes,4,NR_157883 Cortinarius miwok UC:1861351 California US,https://www.ncbi.nlm.nih.gov/nuccore/NR_157883
NR_157884,Cortinarius ohlone,holotype,high,GenBank /type_material qualifier,holotype of Cortinarius ohlone,UC<USA-CA>:1861349,JQ906757,yes,4,NR_157884 Cortinarius ohlone UC:1861349 California US,https://www.ncbi.nlm.nih.gov/nuccore/NR_157884
NR_157914,Cortinarius dulciolens,holotype,high,GenBank /type_material qualifier,holotype of Cortinarius dulciolens,PDD:68471,JX648592,yes,4,NR_157914 Cortinarius dulciolens PDD:68471 New Zealand,https://www.ncbi.nlm.nih.gov/nuccore/NR_157914
NR_157933,Thaxterogaster crenulatus,holotype,high,GenBank /type_material qualifier,holotype of Cortinarius crenulatus,PC:P. Moenne-Loccoz 4866,KF732292,yes,4,NR_157933 Cortinarius crenulatus PC:P. Moenne-Loccoz 4866 France,https://www.ncbi.nlm.nih.gov/nuccore/NR_157933
NR_157949,Thaxterogaster ochropudorinus,holotype,high,GenBank /type_material qualifier,holotype of Cortinarius ochropudorinus,PC:P. Moenne-Loccoz 2339,KF732361,yes,4,NR_157949 Cortinarius ochropudorinus PC:P. Moenne-Loccoz 2339 France,https://www.ncbi.nlm.nih.gov/nuccore/NR_157949
NR_157953,Thaxterogaster pseudotalus,holotype,high,GenBank /type_material qualifier,holotype of Cortinarius pseudotalus,PC:P. Moenne-Loccoz 4859,KF732402,yes,4,NR_157953 Cortinarius pseudotalus PC:P. Moenne-Loccoz 4859 France,https://www.ncbi.nlm.nih.gov/nuccore/NR_157953
NR_158352,Agaricus pietatis,holotype,high,GenBank /type_material qualifier,holotype of Agaricus pietatis,AH:47617,MF568546,yes,4,NR_158352 Agaricus pietatis AH:47617 Spain,https://www.ncbi.nlm.nih.gov/nuccore/NR_158352
NR_158424,Craterellus parvogriseus,holotype,high,GenBank /type_material qualifier,holotype of Craterellus parvogriseus,CAL:1533,MF421099,yes,4,NR_158424 Craterellus parvogriseus CAL:1533 Uttarakhand IN,https://www.ncbi.nlm.nih.gov/nuccore/NR_158424
NR_158471,Lepiota elseae,holotype,high,GenBank /type_material qualifier,holotype of Lepiota elseae,AH:40487,KP640556,yes,4,NR_158471 Lepiota elseae AH:40487 Spain,https://www.ncbi.nlm.nih.gov/nuccore/NR_158471
NR_158492,Hydnum albertense,type,high,GenBank /type_material qualifier,type material of Hydnum albertense,H:7043704,KX388664,yes,4,NR_158492 Hydnum H:7043704 West Edmonton Alberta CA,https://www.ncbi.nlm.nih.gov/nuccore/NR_158492
NR_158500,Glutinoglossum orientale,holotype,high,GenBank /type_material qualifier,holotype of Glutinoglossum orientale,LE<RUS>:222166,KX694166,yes,4,NR_158500 Glutinoglossum orientale LE:222166 Russia,https://www.ncbi.nlm.nih.gov/nuccore/NR_158500
NR_158501,Glutinoglossum peregrinans,holotype,high,GenBank /type_material qualifier,holotype of Glutinoglossum peregrinans,LE<RUS>:303988,KX694170,yes,4,NR_158501 Glutinoglossum peregrinans LE:303988 Russia,https://www.ncbi.nlm.nih.gov/nuccore/NR_158501
NR_158503,Glutinoglossum pseudoglutinosum,holotype,high,GenBank /type_material qualifier,holotype of Glutinoglossum pseudoglutinosum,SAV:F:10903,KX694178,yes,4,NR_158503 Glutinoglossum pseudoglutinosum SAV:F:10903 Slovakia,https://www.ncbi.nlm.nih.gov/nuccore/NR_158503
NR_158523,Hodophilus variabilipes,holotype,high,GenBank /type_material qualifier,holotype of Hodophilus variabilipes,SLO:723,MF043543,yes,4,NR_158523 Hodophilus variabilipes SLO:723 Bratislava SK,https://www.ncbi.nlm.nih.gov/nuccore/NR_158523
NR_158814,Otidea onotica,epitype,high,GenBank /type_material qualifier,epitype of Peziza onotica,S:KH.10.284,KP006505,yes,4,NR_158814 Otidea onotica S:KH.10.284 Gotland SE,https://www.ncbi.nlm.nih.gov/nuccore/NR_158814
NR_158888,Pseudocosmospora eutypellae,ex-holotype,high,GenBank /type_material qualifier,culture from holotype of Pseudocosmospora eutypellae,CBS:133966,KC291721,yes,4,NR_158888 Pseudocosmospora eutypellae,https://www.ncbi.nlm.nih.gov/nuccore/NR_158888
NR_158897,Pseudotricholoma metapodium,neotype,high,GenBank /type_material qualifier,neotype of Agaricus metapodius,GB:0066422,KJ417309,yes,4,NR_158897 Pseudotricholoma metapodium GB:0066422 Savanes CI,https://www.ncbi.nlm.nih.gov/nuccore/NR_158897
NR_158922,Polyporus parvovarius,type,high,GenBank /type_material qualifier,type material of Polyporus parvovarius,SFC:20120814-33,KY038466,yes,4,NR_158922 Polyporus parvovarius SFC:20120814-33 South Korea,https://www.ncbi.nlm.nih.gov/nuccore/NR_158922
NR_158924,Polyporus orientivarius,type,high,GenBank /type_material qualifier,type material of Polyporus orientivarius,SFC:20130704-20,KY038470,yes,4,NR_158924 Polyporus orientivarius SFC:20130704-20 South Korea,https://www.ncbi.nlm.nih.gov/nuccore/NR_158924
NR_159576,Amanita elliptica,holotype,high,GenBank /type_material qualifier,holotype of Amanita elliptica,HKAS:79602,MH508335,yes,4,NR_159576 Amanita elliptica HKAS:79602 Guangdong CN,https://www.ncbi.nlm.nih.gov/nuccore/NR_159576
NR_159832,Gerronema keralense,holotype,high,GenBank /type_material qualifier,holotype of Gerronema keralense,CAL:1666,MH156555,yes,4,NR_159832 Gerronema keralense CAL:1666 India,https://www.ncbi.nlm.nih.gov/nuccore/NR_159832
NR_159849,Eleutherascus lectardii,type,high,GenBank /type_material qualifier,type material of Arachniotus lectardii,CBS:626.71,MH860289,yes,4,NR_159849 Fungi  France,https://www.ncbi.nlm.nih.gov/nuccore/NR_159849
NR_160068,Mytilinidion resinicola,type,high,GenBank /type_material qualifier,type material of Mytilinidion resinicola,CBS:304.34,MH855535,yes,4,NR_160068.1 Mytilinidion resinicola culture_collection CBS:304.34 USA: Michigan type material,https://www.ncbi.nlm.nih.gov/nuccore/NR_160068
NR_160069,Mytilinidion scolecosporum,type,high,GenBank /type_material qualifier,type material of Mytilinidion scolecosporum,CBS:305.34,MH855536,yes,4,NR_160069.1 Mytilinidion scolecosporum culture_collection CBS:305.34 USA: Wisconsin type material,https://www.ncbi.nlm.nih.gov/nuccore/NR_160069
NR_160450,Leucoagaricus pakistaniensis,type,high,GenBank /type_material qualifier,type material of Leucoagaricus pakistaniensis,LAH:SJF13,KU647727,yes,4,NR_160450 Leucoagaricus pakistaniensis LAH:SJF13 Pakistan,https://www.ncbi.nlm.nih.gov/nuccore/NR_160450
NR_160452,Leucoagaricus sultanii,holotype,high,GenBank /type_material qualifier,holotype of Leucoagaricus sultanii,LAH:SH115,KU647733,yes,4,NR_160452 Leucoagaricus sultanii LAH:SH115 Pakistan,https://www.ncbi.nlm.nih.gov/nuccore/NR_160452
NR_160459,Maireina filipendula,type,high,GenBank /type_material qualifier,type material of Maireina filipendula,C:TL14226,KX772745,yes,4,NR_160459 Maireina filipendula C:TL14226 Sweden,https://www.ncbi.nlm.nih.gov/nuccore/NR_160459
NR_160467,Inocybe gracilior,isotype,high,GenBank /type_material qualifier,isotype of Inocybe gracilior,PDD:98239,KY827278,yes,4,NR_160467 Fungi,https://www.ncbi.nlm.nih.gov/nuccore/NR_160467
NR_160483,Mutinus verrucosus,holotype,high,GenBank /type_material qualifier,holotype of Mutinus verrucosus,UFRN:Fungos:2026,MF447811,yes,4,NR_160483 Mutinus verrucosus UFRN:Fungos:2026,https://www.ncbi.nlm.nih.gov/nuccore/NR_160483
NR_160503,Lactarius sulphosmus,holotype,high,GenBank /type_material qualifier,holotype of Lactarius sulphosmus,HMAS:276808,MG719937,yes,4,NR_160503 Lactarius sulphosmus HMAS:276808,https://www.ncbi.nlm.nih.gov/nuccore/NR_160503
NR_160507,Psathyrella conica,holotype,high,GenBank /type_material qualifier,holotype of Psathyrella conica,HMJAU:37846,MG734739,yes,4,NR_160507 Psathyrella conica HMJAU:37846 China,https://www.ncbi.nlm.nih.gov/nuccore/NR_160507
NR_160567,Cortinarius tacitus,holotype,high,GenBank /type_material qualifier,holotype of Cortinarius tacitus,PC:A. Bidaud 05-09-72,KX964583,yes,4,NR_160567 Cortinarius tacitus PC:A. Bidaud 05-09-72 France,https://www.ncbi.nlm.nih.gov/nuccore/NR_160567
NR_160588,Tricholoma olivaceum,holotype,high,GenBank /type_material qualifier,holotype of Tricholoma olivaceum,HKAS:93513,MF034209,yes,4,NR_160588 Tricholoma olivaceum HKAS:93513 Yunnan CN,https://www.ncbi.nlm.nih.gov/nuccore/NR_160588
NR_160589,Tricholoma melleum,holotype,high,GenBank /type_material qualifier,holotype of Tricholoma melleum,HKAS:93514,MF034210,yes,4,NR_160589 Tricholoma melleum HKAS:93514 Yunnan CN,https://www.ncbi.nlm.nih.gov/nuccore/NR_160589
NR_160609,Pseudosperma yunnanense,holotype,high,GenBank /type_material qualifier,holotype of Inocybe yunnanensis,HMJAU:25840,MH047250,yes,4,NR_160609 Inocybe yunnanensis HMJAU:25840 Yunnan CN,https://www.ncbi.nlm.nih.gov/nuccore/NR_160609
NR_160610,Inosperma changbaiense,holotype,high,GenBank /type_material qualifier,holotype of Inocybe changbaiensis,HMJAU:25861,MH047251,yes,4,NR_160610 Inocybe changbaiensis HMJAU:25861 Jilin CN,https://www.ncbi.nlm.nih.gov/nuccore/NR_160610
NR_163300,Mycena fulgoris,type,high,GenBank /type_material qualifier,type material of Mycena fulgoris,XAL:A. Cortes-Perez 1690,MG926694,yes,4,NR_163300 Mycena fulgoris XAL:A. Cortes-Perez 1690 Mexico,https://www.ncbi.nlm.nih.gov/nuccore/NR_163300
NR_164030,Hydnum subconnatum,holotype,high,GenBank /type_material qualifier,holotype of Hydnum subconnatum,TENN:073064,MH379930,yes,4,NR_164030 Hydnum subconnatum TENN:073064 North Carolina US,https://www.ncbi.nlm.nih.gov/nuccore/NR_164030
NR_164093,Dacrymyces parastenosporus,holotype,high,GenBank /type_material qualifier,holotype of Dacrymyces parastenosporus,PDD:104963,LC131432,no,4,NR_164093 Dacrymyces parastenosporus PDD:104963 New Zealand,https://www.ncbi.nlm.nih.gov/nuccore/NR_164093
NR_164558,Calonarius kristiniae,holotype,high,GenBank /type_material qualifier,holotype of Cortinarius kristiniae,O:TEB441-04,KY315418,yes,4,NR_164558 Cortinarius kristinae O:TEB441-04 Norway,https://www.ncbi.nlm.nih.gov/nuccore/NR_164558
NR_165957,Blastobotrys illinoisensis,ex-holotype,high,GenBank /type_material qualifier,culture from holotype of Blastobotrys illinoisensis,CBS:10339,KY101751,yes,4,NR_165957 Blastobotrys illinoisensis United States,https://www.ncbi.nlm.nih.gov/nuccore/NR_165957
NR_165958,Blastobotrys malaysiensis,ex-holotype,high,GenBank /type_material qualifier,culture from holotype of Blastobotrys malaysiensis,CBS:10336,KY101753,yes,4,NR_165958 Blastobotrys malaysiensis Malaysia,https://www.ncbi.nlm.nih.gov/nuccore/NR_165958
NR_166215,Xylophallus clavatus,holotype,high,GenBank /type_material qualifier,holotype of Xylophallus clavatus,INPA:264901,KU871795,yes,4,NR_166215 Xylophallus clavatus INPA:264901,https://www.ncbi.nlm.nih.gov/nuccore/NR_166215
NR_166232,Cortinarius atropileatus,holotype,high,GenBank /type_material qualifier,holotype of Cortinarius atropileatus,OTA:70424,MG367632,yes,4,NR_166232 Cortinarius atropileatus OTA:70424 New Zealand,https://www.ncbi.nlm.nih.gov/nuccore/NR_166232
NR_166255,Lactarius pohangensis,holotype,high,GenBank /type_material qualifier,holotype of Lactarius pohangensis,SFC:20160930-04,MH985003,yes,4,NR_166255 Lactarius pohangensis SFC:20160930-04 South Korea,https://www.ncbi.nlm.nih.gov/nuccore/NR_166255
NR_166385,Asterostroma bambusicola,type,high,GenBank /type_material qualifier,type material of Asterostroma bambusicola,BJFC:He4128,KY263864,yes,4,NR_166385.1 Asterostroma bambusicola BJFC He4128 ITS region; from TYPE material,https://www.ncbi.nlm.nih.gov/nuccore/NR_166385
NR_166389,Multifurca albovelutina,type,high,GenBank /type_material qualifier,type material of Multifurca albovelutina,SFC:TPML150820-024,MH465235,yes,4,NR_166389 Multifurca albovelutina SFC:TPML150820-024 South Korea,https://www.ncbi.nlm.nih.gov/nuccore/NR_166389
NR_168170,Blastobotrys vanleenenianus,holotype,high,GenBank /type_material qualifier,holotype of Trichomonascus vanleenenianus,CBS:14902,MG986487,yes,4,NR_168170 Trichomonascus vanleenenianus Netherlands,https://www.ncbi.nlm.nih.gov/nuccore/NR_168170
NR_168780,Fomitiporia lagerstroemiae,holotype,high,GenBank /type_material qualifier,holotype of Fomitiporia lagerstroemiae,BJFC:025858,MH930813,yes,4,NR_168780 Fomitiporia lagerstroemiae BJFC 025858 from TYPE material BJFC:025858 Viet Nam,https://www.ncbi.nlm.nih.gov/nuccore/NR_168780
NR_169671,Blumenavia crucis-hellenicae,paratype,high,GenBank /type_material qualifier,paratype of Blumenavia crucis-hellenicae,ICN<BRA>:177269,MG817717,yes,4,NR_169671 Blumenavia crucis-hellenicae ICN:177269 Brazil,https://www.ncbi.nlm.nih.gov/nuccore/NR_169671
NR_169672,Blumenavia toribiotalpaensis,paratype,high,GenBank /type_material qualifier,paratype of Blumenavia toribiotalpaensis,IBUG:456,MG817723,yes,4,NR_169672 Blumenavia toribiotalpaensis IBUG:456 Mexico,https://www.ncbi.nlm.nih.gov/nuccore/NR_169672
NR_169966,Cortinarius subsaniosus,holotype,high,GenBank /type_material qualifier,holotype of Cortinarius subsaniosus,K:77587,MK795698,yes,4,NR_169966 Cortinarius subsaniosus K:77587 England GB,https://www.ncbi.nlm.nih.gov/nuccore/NR_169966
NR_169991,Cortinarius pisciodorus,holotype,high,GenBank /type_material qualifier,holotype of Thaxterogaster pisciodorus,PDD:27062,MN492664,yes,4,NR_169991 Cortinarius pisciodorus PDD:27062 New Zealand,https://www.ncbi.nlm.nih.gov/nuccore/NR_169991
NR_169993,Cortinarius porphyroideus,lectotype,high,GenBank /type_material qualifier,lectotype of Cortinarius porphyroideus,PDD:10142,MN492679,yes,4,NR_169993 Cortinarius porphyroideus PDD:10142 New Zealand,https://www.ncbi.nlm.nih.gov/nuccore/NR_169993
NR_169999,Russula byssina,holotype,high,GenBank /type_material qualifier,holotype of Russula byssina,HGAS:MF009907,MN648951,yes,4,NR_169999 Russula byssina HGAS:MF009907 Guizhou CN,https://www.ncbi.nlm.nih.gov/nuccore/NR_169999
NR_170738,Scytinostroma alutum,holotype,high,GenBank /type_material qualifier,holotype of Scytinostroma alutum,CBS:762.81,MH861482,yes,4,NR_170738 Verrucaria leptotera f. inconspicua France,https://www.ncbi.nlm.nih.gov/nuccore/NR_170738
NR_171133,Cortinarius laceratomarginatus,holotype,high,GenBank /type_material qualifier,holotype of Cortinarius laceratomarginatus,PC:2007-25,MT935180,yes,4,NR_171133 Cortinarius laceratomarginatus PC:2007-25 France,https://www.ncbi.nlm.nih.gov/nuccore/NR_171133
NR_171159,Cortinarius substemmatus,holotype,high,GenBank /type_material qualifier,holotype of Cortinarius substemmatus,PC:2716,MT935528,yes,4,NR_171159 Cortinarius hirtus PC:2716 France,https://www.ncbi.nlm.nih.gov/nuccore/NR_171159
NR_171318,Cortinarius chevassutii,holotype,high,GenBank /type_material qualifier,holotype of Cortinarius chevassuti,PC:R. Henry 70955,MT934956,yes,4,NR_171318 Cortinarius chevassutii PC:R. Henry 70955 France,https://www.ncbi.nlm.nih.gov/nuccore/NR_171318
NR_171329,Cortinarius flavoperonatus,holotype,high,GenBank /type_material qualifier,holotype of Cortinarius flavoperonatus,PC:A. Bidaud 97-10-384,MT935057,yes,4,NR_171329 Cortinarius flavoperonatus PC:A. Bidaud 97-10-384 France,https://www.ncbi.nlm.nih.gov/nuccore/NR_171329
NR_171340,Cortinarius ignotissimus,holotype,high,GenBank /type_material qualifier,holotype of Cortinarius ignotissimus,PC:A. Bidaud 96-10-96,MT935147,yes,4,NR_171340 Cortinarius atroalbus PC:A. Bidaud 96-10-96 France,https://www.ncbi.nlm.nih.gov/nuccore/NR_171340
NR_171349,Cortinarius panellus,holotype,high,GenBank /type_material qualifier,holotype of Cortinarius panellus,S:F129865,MT935276,yes,4,NR_171349 Cortinarius panellus S:F129865 Sweden,https://www.ncbi.nlm.nih.gov/nuccore/NR_171349
NR_171360,Cortinarius sordescens,holotype,high,GenBank /type_material qualifier,holotype of Cortinarius sordescens,PC:R. Henry 1687,MT935439,yes,4,NR_171360 Cortinarius sordescens PC:R. Henry 1687 France,https://www.ncbi.nlm.nih.gov/nuccore/NR_171360
NR_171373,Cortinarius triangulus,holotype,high,GenBank /type_material qualifier,holotype of Cortinarius triangulus,PC:R. Henry 80869,MT935560,yes,4,NR_171373 Cortinarius triangulus PC:R. Henry 80869 France,https://www.ncbi.nlm.nih.gov/nuccore/NR_171373
NR_171821,Phylloporia rattanicola,holotype,high,GenBank /type_material qualifier,holotype of Phylloporia rattanicola,BJFC:Dai18235,MH151172,yes,4,NR_171821 Phylloporia rattanicola BJFC:Dai18235 China,https://www.ncbi.nlm.nih.gov/nuccore/NR_171821
NR_172002,Cortinarius nivalis,holotype,high,GenBank /type_material qualifier,holotype of Thaxterogaster nivalis,PDD:27060,MW187055,yes,4,NR_172002 Cortinarius nivalis PDD:27060 New Zealand,https://www.ncbi.nlm.nih.gov/nuccore/NR_172002
NR_172327,Cortinarius comptulus,holotype,high,GenBank /type_material qualifier,holotype of Cortinarius comptulus,IB:M. Moser 1965-0250,MT934981,yes,4,NR_172327 Cortinarius comptulus IB:M. Moser 1965-0250 Switzerland,https://www.ncbi.nlm.nih.gov/nuccore/NR_172327
NR_172348,Cortinarius subbalaustinus,holotype,high,GenBank /type_material qualifier,holotype of Cortinarius subbalaustinus,S:H. Lindstrom CFP926,MT935464,yes,4,NR_172348 Cortinarius subbalaustinus S:H. Lindstrom CFP926 Sweden,https://www.ncbi.nlm.nih.gov/nuccore/NR_172348
NR_172427,Candolleomyces eurysporus,ex-holotype,high,GenBank /type_material qualifier,culture from holotype of Candolleomyces eurysporus,VTCC:930004,MT651560,yes,4,NR_172427 Candolleomyces eurysporus Ninh Bình VN,https://www.ncbi.nlm.nih.gov/nuccore/NR_172427
NR_172528,Chlorociboria novae-zelandiae,ex-holotype,high,GenBank /type_material qualifier,culture from holotype of Chlorociboria novae-zelandiae,ICMP:18766,JN943456,yes,4,NR_172528 Chlorociboria novae-zelandiae New Zealand,https://www.ncbi.nlm.nih.gov/nuccore/NR_172528
NR_172550,Chlorociboria metrosideri,holotype,high,GenBank /type_material qualifier,holotype of Chlorociboria metrosideri,PDD:116740,MW364558,yes,4,NR_172550 Chlorociboria metrosideri PDD:116740 New Zealand,https://www.ncbi.nlm.nih.gov/nuccore/NR_172550
NR_172556,Glutinoglossum persoonii,holotype,high,GenBank /type_material qualifier,holotype of Glutinoglossum persoonii,MCVE:31360,MW901454,yes,4,NR_172556 Glutinoglossum persoonii MCVE:31360 Messina IT,https://www.ncbi.nlm.nih.gov/nuccore/NR_172556
NR_172764,Tricholoma sulphureum var. inolens,holotype,high,GenBank /type_material qualifier,holotype of Tricholoma sulphureum var. inolens,AMB:18198,MH087424,yes,4,NR_172764 Tricholoma sulphureum var. inolens AMB:18198,https://www.ncbi.nlm.nih.gov/nuccore/NR_172764
NR_172972,Xylaria ellisii,holotype,high,GenBank /type_material qualifier,holotype of Xylaria ellisii,DAOM:628556,MN218820,yes,4,NR_172972.1 Xylaria ellisii TYPE NB,https://www.ncbi.nlm.nih.gov/nuccore/NR_172972
NR_172985,Cortinarius borealis,holotype,high,GenBank /type_material qualifier,holotype of Cortinarius borealis,PC:A. Bidaud 5412,MW009187,yes,4,NR_172985 Cortinarius borealis PC:A. Bidaud 5412 France,https://www.ncbi.nlm.nih.gov/nuccore/NR_172985
NR_173158,Amanita lividopallescens,epitype,high,GenBank /type_material qualifier,epitype of Amanita vaginata var. lividopallescens,TO:MC121009,KX834245,yes,4,NR_173158 Amanita lividopallescens TO:MC121009 France,https://www.ncbi.nlm.nih.gov/nuccore/NR_173158
NR_173278,Psathyrella squarrosa,holotype,high,GenBank /type_material qualifier,holotype of Psathyrella squarrosa,HMJAU:37827,MH155964,yes,4,NR_173278 Psathyrella squarrosa HMJAU:37827 Guangdong CN,https://www.ncbi.nlm.nih.gov/nuccore/NR_173278
NR_173304,Aureoboletus erythraeus,holotype,high,GenBank /type_material qualifier,holotype of Aureoboletus erythraeus,FHMU:3144,MT650100,yes,4,NR_173304 Aureoboletus erythraeus FHMU:3144 Hainan CN,https://www.ncbi.nlm.nih.gov/nuccore/NR_173304
NR_173319,Heteropsathyrella macrocystidia,holotype,high,GenBank /type_material qualifier,holotype of Heteropsathyrella macrocystidia,HMJAU:37802,MW405102,yes,4,NR_173319 Heteropsathyrella macrocystidia HMJAU:37802,https://www.ncbi.nlm.nih.gov/nuccore/NR_173319
NR_173411,Inocybe pseudodestricta,holotype,high,GenBank /type_material qualifier,holotype of Inocybe pseudodestricta,PRM:PRM716231,MG012468,yes,4,NR_173411 Inocybe pseudodestricta PRM:PRM716231 Germany,https://www.ncbi.nlm.nih.gov/nuccore/NR_173411
NR_173442,Inocybe crocifolia,holotype,high,GenBank /type_material qualifier,holotype of Inocybe crocifolia,PRM:PRM-756500,MW845867,yes,4,NR_173442 Inocybe crocifolia PRM:PRM-756500 Czech Republic,https://www.ncbi.nlm.nih.gov/nuccore/NR_173442
NR_173444,Inocybe virgatula,lectotype,high,GenBank /type_material qualifier,lectotype of Inocybe virgatula,G:G00058741,MW845923,yes,4,NR_173444 Inocybe virgatula G:G00058741 France,https://www.ncbi.nlm.nih.gov/nuccore/NR_173444
NR_173455,Thaxterogaster australis,isotype,high,GenBank /type_material qualifier,isotype of Cortinarius australis,MEL:2351202,OK159875,yes,4,NR_173455 Thaxterogaster australis MEL:2351202 Tasmania AU,https://www.ncbi.nlm.nih.gov/nuccore/NR_173455
NR_173476,Hygrocybe hypospoda,holotype,high,GenBank /type_material qualifier,holotype of Hygrocybe hypospoda,MEL:2056603,OK159906,yes,4,NR_173476 Hygrocybe hypospoda MEL:2056603 Victoria AU,https://www.ncbi.nlm.nih.gov/nuccore/NR_173476
NR_173484,Asterophora mirabilis,holotype,high,GenBank /type_material qualifier,holotype of Nyctalis mirabilis,MEL:228691,OK159917,yes,4,NR_173484 Asterophora mirabilis MEL:228691 Victoria AU,https://www.ncbi.nlm.nih.gov/nuccore/NR_173484
NR_173776,Amanita rhacopus,holotype,high,GenBank /type_material qualifier,holotype of Amanita rhacopus,CMMF:002171,MG734660,yes,4,NR_173776 Amanita rhacopus CMMF:002171 Quebec CA,https://www.ncbi.nlm.nih.gov/nuccore/NR_173776
NR_173779,Hygrophorus boyeri,type,high,GenBank /type_material qualifier,type material of Hygrophorus boyeri,QFB:29507,MG882094,yes,4,NR_173779 Hygrophorus boyeri QFB:29507 Quebec CA,https://www.ncbi.nlm.nih.gov/nuccore/NR_173779
NR_173782,Hygrophorus hypothejus,epitype,high,GenBank /type_material qualifier,epitype of Agaricus hypothejus,GB:0184813,MH087014,yes,4,NR_173782 Hygrophorus hypothejus GB:0184813 Sweden,https://www.ncbi.nlm.nih.gov/nuccore/NR_173782
NR_173859,Inocybe heidelbergensis,holotype,high,GenBank /type_material qualifier,holotype of Inocybe heidelbergensis,FR:0246020,MN086891,yes,4,NR_173859 Inocybe heidelbergensis FR:0246020 Germany,https://www.ncbi.nlm.nih.gov/nuccore/NR_173859
NR_173887,Liangia sinensis,ex-holotype,high,GenBank /type_material qualifier,culture from holotype of Liangia sinensis,YFCC:3103,MN576831,yes,4,NR_173887 Fungi China,https://www.ncbi.nlm.nih.gov/nuccore/NR_173887
NR_173893,Agaricus jilinensis,holotype,high,GenBank /type_material qualifier,holotype of Agaricus jilinensis,HMAS:278419,MN604410,yes,4,NR_173893 Agaricus jilinensis HMAS:278419 Jilin CN,https://www.ncbi.nlm.nih.gov/nuccore/NR_173893
NR_173968,Inocybe audens,holotype,high,GenBank /type_material qualifier,holotype of Inocybe audens,STU:SMNS-STU-F-0901251,MW647616,yes,4,NR_173968 Inocybe audens STU:SMNS-STU-F-0901251 Germany,https://www.ncbi.nlm.nih.gov/nuccore/NR_173968
NR_173974,Pseudosperma huginii,holotype,high,GenBank /type_material qualifier,holotype of Pseudosperma huginii,STU:SMNS-STU-F-0901564,MW647628,yes,4,NR_173974 Pseudosperma huginii STU:SMNS-STU-F-0901564 Austria,https://www.ncbi.nlm.nih.gov/nuccore/NR_173974
NR_173977,Inosperma monastichum,holotype,high,GenBank /type_material qualifier,holotype of Inosperma monastichum,STU:SMNS-STU-F-0901533,MW647631,yes,4,NR_173977 Inosperma monastichum STU:SMNS-STU-F-0901533 Germany,https://www.ncbi.nlm.nih.gov/nuccore/NR_173977
NR_174066,Hydnellum atrorubrum,holotype,high,GenBank /type_material qualifier,holotype of Hydnellum atrorubrum,IFP:019377,MW579936,yes,4,NR_174066 Hydnellum atrorubrum IFP:019377,https://www.ncbi.nlm.nih.gov/nuccore/NR_174066
NR_174820,Ramaria ichnusensis,holotype,high,GenBank /type_material qualifier,holotype of Ramaria ichnusensis,AMB:18582 Holotype,MT055961,yes,4,NR_174820 Ramaria ichnusensis AMB:18582 Holotype Nuoro IT,https://www.ncbi.nlm.nih.gov/nuccore/NR_174820
NR_175040,Hebeloma ammophilum,holotype,high,GenBank /type_material qualifier,holotype of Hebeloma ammophilum,BP:56934,KT217571,yes,4,NR_175040 Hebeloma ammophilum BP:56934 Hungary,https://www.ncbi.nlm.nih.gov/nuccore/NR_175040
NR_175048,Russula purpureomaculata,holotype,high,GenBank /type_material qualifier,holotype of Russula purpureomaculata,MICH:012249,KY509483,yes,4,NR_175048 Russula purpureomaculata MICH:012249 Michigan US,https://www.ncbi.nlm.nih.gov/nuccore/NR_175048
NR_175071,Inocybe derbschii,holotype,high,GenBank /type_material qualifier,holotype of Inocybe derbschii,KR:KR-M-0005011,MG012466,yes,4,NR_175071 Inocybe derbschii KR:KR-M-0005011 Germany,https://www.ncbi.nlm.nih.gov/nuccore/NR_175071
NR_175078,Pholiota fulvozonata,holotype,high,GenBank /type_material qualifier,holotype of Pholiota fulvozonata,MICH:5316,MG735290,yes,4,NR_175078 Pholiota fulvozonata MICH:5316 Idaho US,https://www.ncbi.nlm.nih.gov/nuccore/NR_175078
NR_175097,Akenomyces costatus,holotype,high,GenBank /type_material qualifier,holotype of Akenomyces costatus,CBS:513.83,MH861635,yes,4,NR_175097 Fungi United Kingdom,https://www.ncbi.nlm.nih.gov/nuccore/NR_175097
NR_175707,Amanita compacta,holotype,high,GenBank /type_material qualifier,holotype of Amanita compacta,PERTH:08700524,MW775276,yes,4,NR_175707 Amanita compacta PERTH:08700524 Australia,https://www.ncbi.nlm.nih.gov/nuccore/NR_175707
NR_175708,Amanita compacta,holotype,high,GenBank /type_material qualifier,holotype of Amanita compacta,PERTH:08700524,MW775277,yes,4,NR_175708 Amanita compacta PERTH:08700524 Australia,https://www.ncbi.nlm.nih.gov/nuccore/NR_175708
NR_175721,Amanita pseudoarenaria,holotype,high,GenBank /type_material qualifier,holotype of Amanita pseudoarenaria,PERTH:08606765,MW775313,yes,4,NR_175721 Amanita pseudoarenaria PERTH:08606765 Australia,https://www.ncbi.nlm.nih.gov/nuccore/NR_175721
NR_175727,Hydnum flavidocanum,holotype,high,GenBank /type_material qualifier,holotype of Hydnum flavidocanum,IFP:019460,MW980559,yes,4,NR_175727 Hydnum flavidocanum IFP:019460 China,https://www.ncbi.nlm.nih.gov/nuccore/NR_175727
NR_176114,Cortinarius mysoides,holotype,high,GenBank /type_material qualifier,holotype of Cortinarius mysoides,PDD:94027,KJ635232,yes,4,NR_176114 Cortinarius mysoides PDD:94027 New Zealand,https://www.ncbi.nlm.nih.gov/nuccore/NR_176114
NR_176153,Entoloma cyaneobasale,holotype,high,GenBank /type_material qualifier,holotype of Entoloma cyaneobasale,BBF:GC02083008,MW934560,yes,4,NR_176153 Entoloma cyaneobasale BBF:GC02083008 France,https://www.ncbi.nlm.nih.gov/nuccore/NR_176153
NR_176193,Thaxterogaster variegatus,epitype,high,GenBank /type_material qualifier,epitype of Cortinarius variegatus,H:6031519,OL985940,yes,4,NR_176193 Thaxterogaster variegatus H:6031519 Northern Ostrobothnia FI,https://www.ncbi.nlm.nih.gov/nuccore/NR_176193
NR_176686,Rhodofomes incarnatus,holotype,high,GenBank /type_material qualifier,holotype of Fomitopsis incarnatus,SNU:m-05072501,DQ491409,yes,4,NR_176686 Rhodofomes incarnatus SNU:m-05072501,https://www.ncbi.nlm.nih.gov/nuccore/NR_176686
NR_176697,Hydnum pinicola,holotype,high,GenBank /type_material qualifier,holotype of Hydnum pinicola,TUMH:64004,LC621813,no,4,NR_176697 Hydnum pinicola TUMH:64004 Tottori JP,https://www.ncbi.nlm.nih.gov/nuccore/NR_176697
NR_177138,Laccaria populina,holotype,high,GenBank /type_material qualifier,holotype of Laccaria populina,GDOR:411,MN871894,yes,4,NR_177138 Laccaria populina GDOR:411 Italy,https://www.ncbi.nlm.nih.gov/nuccore/NR_177138
NR_177464,Antrodia serpens,epitype,high,GenBank /type_material qualifier,epitype of Polyporus serpens,H:7020245,KC543137,yes,4,NR_177464.1 Antrodia serpens H 7020245 ITS region; from TYPE material,https://www.ncbi.nlm.nih.gov/nuccore/NR_177464
NR_177481,Boletus brunneopanoides,holotype,high,GenBank /type_material qualifier,holotype of Boletus brunneopanoides,CFMR:Ortiz-Santana 389,MK388293,yes,4,NR_177481 Boletus brunneopanoides CFMR:Ortiz-Santana 389,https://www.ncbi.nlm.nih.gov/nuccore/NR_177481
NR_177505,Hygrocybe boertmannii,holotype,high,GenBank /type_material qualifier,holotype of Hygrocybe boertmannii,CAL:1802,MT127548,yes,4,NR_177505 Hygrocybe boertmannii CAL:1802 India,https://www.ncbi.nlm.nih.gov/nuccore/NR_177505
NR_177524,Scytinostroma yunnanense,holotype,high,GenBank /type_material qualifier,holotype of Scytinostroma yunnanense,SWFC:Zhao 11010,MT611447,yes,4,NR_177524 Scytinostroma yunnanense SWFC:Zhao 11010 China,https://www.ncbi.nlm.nih.gov/nuccore/NR_177524
NR_177609,Entoloma nubilosilvae,holotype,high,GenBank /type_material qualifier,holotype of Entoloma nubilosilvae,UCH:11733,MZ611645,yes,4,NR_177609 Entoloma nubilosilvae UCH:11733 Panama,https://www.ncbi.nlm.nih.gov/nuccore/NR_177609
NR_178098,Cortinarius beeverorum,holotype,high,GenBank /type_material qualifier,holotype of Cortinarius beeverorum,OTA:60155,KC520546,yes,4,NR_178098 Cortinarius beeverorum OTA:60155 New Zealand,https://www.ncbi.nlm.nih.gov/nuccore/NR_178098
NR_182373,Tolypocladium cucullae,holotype,high,GenBank /type_material qualifier,holotype of Tolypocladium cucullae,HKAS:55588,MW798788,yes,4,NR_182373 Tolypocladium cucullae HKAS:55588 China,https://www.ncbi.nlm.nih.gov/nuccore/NR_182373
NR_182386,Hygrophorus atrofuscus,holotype,high,GenBank /type_material qualifier,holotype of Hygrophorus atrofuscus,HKAS:54818,MZ605836,yes,4,NR_182386 Hygrophorus atrofuscus HKAS:54818 Yunnan CN,https://www.ncbi.nlm.nih.gov/nuccore/NR_182386
NR_182420,Gyroporus pallidus,holotype,high,GenBank /type_material qualifier,holotype of Gyroporus pallidus,GDGM:46387,ON502919,yes,4,NR_182420 Gyroporus pallidus GDGM:46387 China,https://www.ncbi.nlm.nih.gov/nuccore/NR_182420
NR_182488,Entoloma praecipuum,holotype,high,GenBank /type_material qualifier,holotype of Entoloma praecipuum,O:F-76643,ON008489,yes,4,NR_182488 Entoloma praecipuum O:F-76643 Norway,https://www.ncbi.nlm.nih.gov/nuccore/NR_182488
NR_182558,Gymnopus macrosporus,holotype,high,GenBank /type_material qualifier,holotype of Gymnopus macrosporus,HMJAU:60294,OM030266,yes,4,NR_182558 Gymnopus macrosporus HMJAU:60294 China,https://www.ncbi.nlm.nih.gov/nuccore/NR_182558
NR_182584,Gymnopus sinopolyphyllus,holotype,high,GenBank /type_material qualifier,holotype of Gymnopus sinopolyphyllus,HMJAU:60386,OM970872,yes,4,NR_182584 Gymnopus sinopolyphyllus HMJAU:60386 Jilin CN,https://www.ncbi.nlm.nih.gov/nuccore/NR_182584
NR_182675,Entoloma gregarium,holotype,high,GenBank /type_material qualifier,holotype of Entoloma gregarium,SAAS:1220,KU312122,yes,4,NR_182675 Entoloma gregarium SAAS:1220 China,https://www.ncbi.nlm.nih.gov/nuccore/NR_182675
NR_182693,Lactifluus koreanus,holotype,high,GenBank /type_material qualifier,holotype of Lactifluus koreanus,SFC:20120807-03,MN215377,yes,4,NR_182693 Lactifluus koreanus SFC:20120807-03 South Korea,https://www.ncbi.nlm.nih.gov/nuccore/NR_182693
NR_182841,Hygrophorus mesotephrus,epitype,high,GenBank /type_material qualifier,epitype of Hygrophorus mesotephrus,K(M):227410,MT981695,yes,4,NR_182841 Hygrophorus mesotephrus K(M):227410 England GB,https://www.ncbi.nlm.nih.gov/nuccore/NR_182841
NR_182867,Phaeolus fragilis,holotype,high,GenBank /type_material qualifier,holotype of Phaeolus fragilis,BJFC:Cui16579,MW377314,yes,4,NR_182867 Phaeolus fragilis BJFC:Cui16579 Australia,https://www.ncbi.nlm.nih.gov/nuccore/NR_182867
NR_182958,Entoloma subelegans,holotype,high,GenBank /type_material qualifier,holotype of Entoloma subelegans,WU:32901,OL338447,yes,4,NR_182958 Entoloma subelegans WU:32901 Mauritius,https://www.ncbi.nlm.nih.gov/nuccore/NR_182958
NR_182997,Pseudohydnum himalayanum,holotype,high,GenBank /type_material qualifier,holotype of Pseudohydnum himalayanum,BJFC:030344,ON243829,yes,4,NR_182997 Pseudohydnum himalayanum BJFC:030344 China,https://www.ncbi.nlm.nih.gov/nuccore/NR_182997
NR_184514,Mallocybe nuptialis,holotype,high,GenBank /type_material qualifier,holotype of Mallocybe nuptialis,STU:SMNS-STU-F-0901661,ON003444,yes,4,NR_184514.1 Mallocybe nuptialis STU SMNS-STU-F-0901661 from TYPE material,https://www.ncbi.nlm.nih.gov/nuccore/NR_184514
NR_184872,Lactifluus oedematopus,neotype,high,GenBank /type_material qualifier,neotype of Agaricus oedematopus,GENT:KVP R 2012-001,KJ210065,yes,4,NR_184872 Lactifluus oedematopus GENT:KVP R 2012-001 Germany,https://www.ncbi.nlm.nih.gov/nuccore/NR_184872
NR_184934,Amanita submelleialba,holotype,high,GenBank /type_material qualifier,holotype of Amanita submelleialba,CMUB:S1,MZ045688,yes,4,NR_184934 Amanita submelleialba CMUB:S1 Thailand,https://www.ncbi.nlm.nih.gov/nuccore/NR_184934
NR_184935,Ascodesmis rosicola,holotype,high,GenBank /type_material qualifier,holotype of Ascodesmis rosicola,GACP:GUCC 190035.1,MZ221601,yes,4,NR_184935 Ascodesmis rosicola GACP:GUCC 190035.1 China,https://www.ncbi.nlm.nih.gov/nuccore/NR_184935
NR_184954,Entoloma rhombiibericum,holotype,high,GenBank /type_material qualifier,holotype of Entoloma rhombiibericum,L:0607540,OL853779,yes,4,NR_184954 Entoloma rhombiibericum L:0607540,https://www.ncbi.nlm.nih.gov/nuccore/NR_184954
NR_185418,Cortinarius castaneus,neotype,high,GenBank /type_material qualifier,neotype of Agaricus castaneus,PC:PML275,MT934954,yes,4,NR_185418 Cortinarius castaneus PC:PML275,https://www.ncbi.nlm.nih.gov/nuccore/NR_185418
NR_185442,Inocybe alcis,isotype,high,GenBank /type_material qualifier,isotype of Inocybe alcis,STU:SMNS-STU-F-0901712,OP164083,yes,4,NR_185442 Inocybe alcis STU:SMNS-STU-F-0901712 Finland,https://www.ncbi.nlm.nih.gov/nuccore/NR_185442
NR_185443,Inocybe subcarpta,epitype,high,GenBank /type_material qualifier,epitype of Inocybe subcarpta,STU:SMNS-STU-F-0901736,OP164086,yes,4,NR_185443 Inocybe subcarpta STU:SMNS-STU-F-0901736 Germany,https://www.ncbi.nlm.nih.gov/nuccore/NR_185443
NR_185808,Pseudohydnum candidissimum,holotype,high,GenBank /type_material qualifier,holotype of Pseudohydnum candidissimum,BJFC:Dai 23740,OP965345,yes,4,NR_185808 Pseudohydnum candidissimum BJFC:Dai 23740 China,https://www.ncbi.nlm.nih.gov/nuccore/NR_185808
NR_186927,Cyanosporus caesius,neotype,high,GenBank /type_material qualifier,neotype of Postia caesia,LY:BR6776,MG137045,yes,4,NR_186927 Cyanosporus caesius LY:BR6776 Lower Saxony DE,https://www.ncbi.nlm.nih.gov/nuccore/NR_186927
NR_187002,Gymnopus cystidiosus,holotype,high,GenBank /type_material qualifier,holotype of Gymnopus cystidiosus,HMJAU:60992,ON259024,yes,4,NR_187002 Gymnopus cystidiosus HMJAU:60992 China,https://www.ncbi.nlm.nih.gov/nuccore/NR_187002
NR_187004,Gymnopus subdensilamellatus,holotype,high,GenBank /type_material qualifier,holotype of Gymnopus subdensilamellatus,HMJAU:60997,ON259032,yes,4,NR_187004 Gymnopus subdensilamellatus HMJAU:60997 China,https://www.ncbi.nlm.nih.gov/nuccore/NR_187004
NR_187005,Phaeolus asiae-orientalis,holotype,high,GenBank /type_material qualifier,holotype of Phaeolus asiae-orientalis,BJFC:032536,ON310980,yes,4,NR_187005 Phaeolus asiae-orientalis BJFC:032536 Jilin CN,https://www.ncbi.nlm.nih.gov/nuccore/NR_187005
NR_187006,Phaeolus yunnanensis,holotype,high,GenBank /type_material qualifier,holotype of Phaeolus yunnanensis,BJFC:032094,ON310995,yes,4,NR_187006 Phaeolus yunnanensis BJFC:032094 Yunnan CN,https://www.ncbi.nlm.nih.gov/nuccore/NR_187006
NR_187088,Cystoderma lignicola,holotype,high,GenBank /type_material qualifier,holotype of Cystoderma lignicola,HKAS:125915,OP881487,yes,4,NR_187088 Cystoderma lignicola HKAS:125915,https://www.ncbi.nlm.nih.gov/nuccore/NR_187088
NR_189369,Nigrohirschioporus confertus,holotype,high,GenBank /type_material qualifier,holotype of Trichaptum confertum,PRM:945506,MF380988,yes,4,NR_189369 Nigrohirschioporus confertus PRM:945506 Costa Rica,https://www.ncbi.nlm.nih.gov/nuccore/NR_189369
NR_189370,Perennihirschioporus agricola,holotype,high,GenBank /type_material qualifier,holotype of Trichaptum agricola,PRM:945505,MF380995,yes,4,NR_189370 Perennihirschioporus agricola PRM:945505 Costa Rica,https://www.ncbi.nlm.nih.gov/nuccore/NR_189370
NR_189412,Pseudosperma minervae,holotype,high,GenBank /type_material qualifier,holotype of Pseudosperma minervae,STU:SMNS-STU-F-0901772,OQ324785,yes,4,NR_189412 Pseudosperma minervae STU:SMNS-STU-F-0901772 Germany,https://www.ncbi.nlm.nih.gov/nuccore/NR_189412
NR_189417,Inocybe vidarii,holotype,high,GenBank /type_material qualifier,holotype of Inocybe vidarii,STU:SMNS-STU-F-0901780,OQ324794,yes,4,NR_189417.1 Inocybe vidarii HOLOTYPE EU,https://www.ncbi.nlm.nih.gov/nuccore/NR_189417
NR_189418,Inocybe ardua,holotype,high,GenBank /type_material qualifier,holotype of Inocybe ardua,STU:SMNS-STU-F-0901781,OQ324795,yes,4,NR_189418 Inocybe ardua STU:SMNS-STU-F-0901781 Germany,https://www.ncbi.nlm.nih.gov/nuccore/NR_189418
NR_189905,Cyathus bonsai,holotype,high,GenBank /type_material qualifier,holotype of Cyathus bonsai,UFRN:Fungos:3452,OP718804,yes,4,NR_189905 Cyathus bonsai UFRN:Fungos:3452 Brazil,https://www.ncbi.nlm.nih.gov/nuccore/NR_189905
NR_189933,Nigrohirschioporus submurinus,holotype,high,GenBank /type_material qualifier,holotype of Nigrohirschioporus submurinus,BJFC:025913,OQ453305,yes,4,NR_189933 Nigrohirschioporus submurinus BJFC:025913 Vietnam,https://www.ncbi.nlm.nih.gov/nuccore/NR_189933
NR_190940,Calonarius pulcher,holotype,high,GenBank /type_material qualifier,holotype of Calonarius pulcher,K:M 001434092,ON843396,yes,4,NR_190940 Calonarius pulcher K M 001434092 from TYPE material K:M 001434092,https://www.ncbi.nlm.nih.gov/nuccore/NR_190940
NR_191216,Scutellinia verruculosa,holotype,high,GenBank /type_material qualifier,holotype of Scutellinia verruculosa,HKAS:104667,OQ024065,yes,4,NR_191216 Melanoleuca sp. 'BC01' HKAS:104667,https://www.ncbi.nlm.nih.gov/nuccore/NR_191216
NR_191283,Helvella nigrorava,holotype,high,GenBank /type_material qualifier,holotype of Helvella nigrorava,BJTC:ZH67,OR355105,yes,4,NR_191283 Type Helvella nigrorava BJTC ZH67,https://www.ncbi.nlm.nih.gov/nuccore/NR_191283
NR_191284,Helvella alborava,holotype,high,GenBank /type_material qualifier,holotype of Helvella alborava,BJTC:C316-A,OR355106,yes,4,NR_191284 Type Helvella alborava BJTC C316-A,https://www.ncbi.nlm.nih.gov/nuccore/NR_191284
NR_191309,Xerocomus galbanus,holotype,high,GenBank /type_material qualifier,holotype of Xerocomus galbanus,BJTC:FM1790,OR655171,yes,4,NR_191309 Xerocomus galbanus BJTC:FM1790 China,https://www.ncbi.nlm.nih.gov/nuccore/NR_191309
NR_197525,Inocybe bonii,holotype,high,GenBank /type_material qualifier,holotype of Inocybe bonii,STU:SMNS-STU-F-0901743,OR102473,yes,4,NR_197525 Inocybe bonii STU:SMNS-STU-F-0901743 Germany,https://www.ncbi.nlm.nih.gov/nuccore/NR_197525
NR_198057,Melanoleuca melaleuca var. caespitosa,isotype,high,GenBank /type_material qualifier,isotype of Melanoleuca melaleuca var. caespitosa,MICH:11445,MK169366,yes,4,NR_198057.1 Melanoleuca melaleuca var. caespitosa specimen_voucher MICH 11445 USA Florida isotype Melanoleuca melaleuca var. caespitosa,https://www.ncbi.nlm.nih.gov/nuccore/NR_198057
NR_198058,Hemimycena albicolor,holotype,high,GenBank /type_material qualifier,holotype of Mycena albicolor,MICH:11456,MK169368,yes,4,NR_198058.1 Hemimycena albicolor specimen_voucher MICH 11456 USA Oregon holotype Hemimycena albicolor,https://www.ncbi.nlm.nih.gov/nuccore/NR_198058
NR_198151,Hygrophorus occidentalis,holotype,high,GenBank /type_material qualifier,holotype of Hygrophorus occidentalis,MICH:10917,MZ576439,yes,4,NR_198151 Hygrophorus occidentalis MICH:10917 United States,https://www.ncbi.nlm.nih.gov/nuccore/NR_198151
NR_198157,Squamanita cameroonensis,isotype,high,GenBank /type_material qualifier,isotype of Squamanita cameroonensis,YA:Henkel 10972,MZ983518,yes,4,NR_198157 Squamanita cameroonensis YA:Henkel 10972 Cameroon,https://www.ncbi.nlm.nih.gov/nuccore/NR_198157
NR_198181,Entoloma argillaceum,holotype,high,GenBank /type_material qualifier,holotype of Entoloma argillaceum,LE<RUS>:311861,OL338264,yes,4,NR_198181 Entoloma argillaceum LE:311861 Altai Krai RU,https://www.ncbi.nlm.nih.gov/nuccore/NR_198181
NR_198249,Poronia nagaraholensis,holotype,high,GenBank /type_material qualifier,holotype of Poronia nagaraholensis,AMH:10454,ON427756,yes,4,NR_198249 Poronia nagaraholensis AMH:10454,https://www.ncbi.nlm.nih.gov/nuccore/NR_198249
NR_198475,Russula pseudograveolens,holotype,high,GenBank /type_material qualifier,holotype of Russula pseudograveolens,HMAS:287384,OQ871496,yes,4,NR_198475 Russula pseudograveolens HMAS:287384 CN,https://www.ncbi.nlm.nih.gov/nuccore/NR_198475
NR_198682,Pholiotina bambusicola,holotype,high,GenBank /type_material qualifier,holotype of Pholiotina bambusicola,HMJAU:65054,OR995681,yes,4,NR_198682 Pholiotina bambusicola HMJAU:65054,https://www.ncbi.nlm.nih.gov/nuccore/NR_198682
NR_198691,Pholiotina longicystidiata,holotype,high,GenBank /type_material qualifier,holotype of Pholiotina longicystidiata,HMJAU:65060,OR995702,yes,4,NR_198691 Pholiotina longicystidiata HMJAU:65060,https://www.ncbi.nlm.nih.gov/nuccore/NR_198691
NR_198694,Pholiotina sulciceps,holotype,high,GenBank /type_material qualifier,holotype of Pholiotina sulciceps,HMJAU:65100,OR995710,yes,4,NR_198694 Pholiotina sulciceps HMJAU:65100,https://www.ncbi.nlm.nih.gov/nuccore/NR_198694
NR_198763,Gymnopus viridiscus,holotype,high,GenBank /type_material qualifier,holotype of Gymnopus viridiscus,HMJAU:61202,PP646159,yes,4,NR_198763 Gymnopus viridiscus HMJAU:61202 China,https://www.ncbi.nlm.nih.gov/nuccore/NR_198763
NR_198827,Mycena olivaceoflava,holotype,high,GenBank /type_material qualifier,holotype of Mycena olivaceoflava,AH:22264,PP868151,yes,4,NR_198827 Mycena olivaceoflava AH:22264 Spain,https://www.ncbi.nlm.nih.gov/nuccore/NR_198827
NR_198856,Spodocybe jilongensis,holotype,high,GenBank /type_material qualifier,holotype of Spodocybe jilongensis,HMAS:300564,PQ099867,yes,4,NR_198856 Spodocybe jilongensis HMAS:300564 CN,https://www.ncbi.nlm.nih.gov/nuccore/NR_198856
NR_200594,Hydnellum luteocaesia,holotype,high,GenBank /type_material qualifier,holotype of Hydnellum luteocaesia,BJFC:Cui23033,OR813996,yes,4,NR_200594 Hydnellum luteocaesia BJFC:Cui23033,https://www.ncbi.nlm.nih.gov/nuccore/NR_200594
NR_200954,Naematelia nodulosa,holotype,high,GenBank /type_material qualifier,holotype of Naematelia nodulosa,HKAS:141719,PQ650958,yes,4,NR_200954 Naematelia nodulosa HKAS:141719 China,https://www.ncbi.nlm.nih.gov/nuccore/NR_200954
NR_200955,Naematelia pedicellata,holotype,high,GenBank /type_material qualifier,holotype of Naematelia pedicellata,HKAS:112730,PQ650960,no,4,NR_200955 Naematelia pedicellata HKAS:112730 China,https://www.ncbi.nlm.nih.gov/nuccore/NR_200955
NR_202544,Clavulinopsis aurantiocinnabarina,epitype,high,GenBank /type_material qualifier,epitype of Clavulinopsis aurantiocinnabarina,TENN:F-062778,PQ453602,yes,4,NR_202544 Clavulinopsis aurantiocinnabarina TENN:F-062778 West Virginia US,https://www.ncbi.nlm.nih.gov/nuccore/NR_202544
NR_202547,Clavulinopsis pasimenana,holotype,high,GenBank /type_material qualifier,holotype of Clavulinopsis pasimenana,TENN:F-067586,PQ453607,yes,4,NR_202547 Clavulinopsis pasimenana TENN:F-067586 Tennessee US,https://www.ncbi.nlm.nih.gov/nuccore/NR_202547
NR_202573,Collybiopsis pini,holotype,high,GenBank /type_material qualifier,holotype of Collybiopsis pini,NIBR:FG0000518400,PQ619325,yes,4,NR_202573 Collybiopsis pini NIBR:FG0000518400 South Korea,https://www.ncbi.nlm.nih.gov/nuccore/NR_202573
NR_202878,Geoglossum lepidum,holotype,high,GenBank /type_material qualifier,holotype of Geoglossum lepidum,SAV:F-11676,PX620115,yes,4,NR_202878 Geoglossum lepidum SAV:F-11676 Cluj RO,https://www.ncbi.nlm.nih.gov/nuccore/NR_202878
NR_202894,Craterellus sinocornucopioides,holotype,high,GenBank /type_material qualifier,holotype of Craterellus sinocornucopioides,HMAS:254856,PX648042,yes,4,NR_202894 Craterellus sinocornucopioides HMAS:254856 China,https://www.ncbi.nlm.nih.gov/nuccore/NR_202894
FR748148,Pisolithus orientalis,holotype,high,GenBank /type_material qualifier,holotype of Pisolithus orientalis,"BBH:28597, holotype",,,3,FR748148.1 Pisolithus orientalis HOLOTYPE Thai,https://www.ncbi.nlm.nih.gov/nuccore/FR748148
LN850462,Entoloma myrmecophilum,holotype,high,GenBank /type_material qualifier,holotype of Rhodophyllus myrmecophilus,holotype PC,,,3,LN850462 Entoloma myrmecophilum holotype PC France,https://www.ncbi.nlm.nih.gov/nuccore/LN850462
LN850467,Entoloma bipelle,holotype,high,GenBank /type_material qualifier,holotype of Entoloma bipelle,holotype TB83.006 C6307,,,3,LN850467 Entoloma bipelle holotype TB83.006 C6307 Greenland,https://www.ncbi.nlm.nih.gov/nuccore/LN850467
LN850470,Entoloma subarcticum,holotype,high,GenBank /type_material qualifier,holotype of Entoloma subarcticum,holotype JHP-392 C6230,,,3,LN850470 Entoloma subarcticum holotype JHP-392 C6230 Greenland,https://www.ncbi.nlm.nih.gov/nuccore/LN850470
LN850490,Rhodophyllus subsepiaceus,holotype,high,GenBank /type_material qualifier,holotype of Rhodophyllus subsepiaceus,holotype K72-167 G262074,,,3,LN850490 Rhodophyllus subsepiaceus holotype K72-167 G262074 Sweden,https://www.ncbi.nlm.nih.gov/nuccore/LN850490
NR_073348,Blastobotrys mokoenaii,ex-type,high,GenBank /type_material qualifier,culture from type material of Candida mokoenaii,NRRL:YEAST:Y-27120,DQ898171,yes,3,NR_073348 Blastobotrys mokoenaii,https://www.ncbi.nlm.nih.gov/nuccore/NR_073348
NR_111426,Cladobotryum asterophorum,type,high,GenBank /type_material qualifier,type material of Cladobotryum asterophorum,CBS:676.77,FN859395,no,3,NR_111426 Cladobotryum asterophorum,https://www.ncbi.nlm.nih.gov/nuccore/NR_111426
NR_111428,Cladobotryum heterosporum,type,high,GenBank /type_material qualifier,type material of Cladobotryum heterosporum,CBS:719.88,FN859398,no,3,NR_111428 Cladobotryum heterosporum,https://www.ncbi.nlm.nih.gov/nuccore/NR_111428
NR_119389,Amanita sinensis,holotype,high,GenBank /type_material qualifier,holotype of Amanita sinensis,HKAS:25761,AB096059,no,3,NR_119389 Amanita sinensis HKAS:25761 China,https://www.ncbi.nlm.nih.gov/nuccore/NR_119389
NR_119415,Entoloma prismaticum,holotype,high,GenBank /type_material qualifier,holotype of Entoloma prismaticum,TNS:F-46866,AB691998,no,3,NR_119415 Fungi TNS:F-46866,https://www.ncbi.nlm.nih.gov/nuccore/NR_119415
NR_119454,Tremella brasiliensis,ex-type,high,GenBank /type_material qualifier,culture from type material of Tremella lutescens var. brasiliensis,CBS:6966,AF444429,yes,3,NR_119454 Tremella brasiliensis,https://www.ncbi.nlm.nih.gov/nuccore/NR_119454
NR_119473,Lysurus cruciatus var. nanus,holotype,high,GenBank /type_material qualifier,holotype of Aserophallus cruciatus,MA:Fungi:26792,AJ878738,no,3,NR_119473 Fungi MA:Fungi:26792 Salamanca ES,https://www.ncbi.nlm.nih.gov/nuccore/NR_119473
NR_119475,Cystoderma andinum,isotype,high,GenBank /type_material qualifier,isotype of Cystoderma andinum,C:57998,AM946481,no,3,NR_119475 Cystoderma andinum C:57998 Ecuador,https://www.ncbi.nlm.nih.gov/nuccore/NR_119475
NR_119505,Lentinellus sublineolatus,holotype,high,GenBank /type_material qualifier,holotype of Lentinellus sublineolatus,TENN:059307,AY513231,no,3,NR_119505 Lentinellus sublineolatus TENN:059307 Lower Austria AT,https://www.ncbi.nlm.nih.gov/nuccore/NR_119505
NR_119585,Cyathus jiayuguanensis,holotype,high,GenBank /type_material qualifier,holotype of Cyathus jiayuguanensis,SWFC:20846,DQ463341,yes,3,NR_119585 Cyathus jiayuguanensis SWFC:20846,https://www.ncbi.nlm.nih.gov/nuccore/NR_119585
NR_119587,Cyathus crassimurus,holotype,high,GenBank /type_material qualifier,holotype of Cyathus crassimurus,DAOM:200372,DQ463350,yes,3,NR_119587 Cyathus crassimurus DAOM:200372,https://www.ncbi.nlm.nih.gov/nuccore/NR_119587
NR_119627,Lactarius alboscrobiculatus,holotype,high,GenBank /type_material qualifier,holotype of Lactarius alboscrobiculatus,CMU:H.T. Le 257,EF141539,no,3,NR_119627 Lactarius alboscrobiculatus CMU:H.T. Le 257 Thailand,https://www.ncbi.nlm.nih.gov/nuccore/NR_119627
NR_119669,Hymenoscyphus ginkgonis,holotype,high,GenBank /type_material qualifier,holotype of Hymenoscyphus ginkgonis,KUS:F51352,EU096525,yes,3,NR_119669 Hymenoscyphus ginkgonis KUS:F51352,https://www.ncbi.nlm.nih.gov/nuccore/NR_119669
NR_119671,Boletus nobilissimus,holotype,high,GenBank /type_material qualifier,holotype of Boletus nobilissimus,BUF:Both4244,EU231954,yes,3,NR_119671 Boletus variipes BUF:Both4244 New York US,https://www.ncbi.nlm.nih.gov/nuccore/NR_119671
NR_119705,Crinipellis brunnescens,holotype,high,GenBank /type_material qualifier,holotype of Crinipellis brunnescens,BO:DED6791,FJ167627,no,3,NR_119705 Crinipellis brunnescens BO:DED6791,https://www.ncbi.nlm.nih.gov/nuccore/NR_119705
NR_119777,Cortinarius alienatus,holotype,high,GenBank /type_material qualifier,holotype of Dermocybe alienata,PDD:27180,GU233323,yes,3,NR_119777 Dermocybe alienata PDD:27180 New Zealand,https://www.ncbi.nlm.nih.gov/nuccore/NR_119777
NR_119782,Cuphophyllus griseorufescens,holotype,high,GenBank /type_material qualifier,holotype of Camarophyllus griseorufescens,PDD:27230,GU233328,yes,3,NR_119782 Camarophyllus griseorufescens PDD:27230 New Zealand,https://www.ncbi.nlm.nih.gov/nuccore/NR_119782
NR_119825,Australovuilleminia coccinea,holotype,high,GenBank /type_material qualifier,holotype of Australovuilleminia coccinea,PDD:94158,HM046875,yes,3,NR_119825 Tylocinum brevisporum PDD:94158 New Zealand,https://www.ncbi.nlm.nih.gov/nuccore/NR_119825
NR_119827,Punctulariopsis subglobispora,holotype,high,GenBank /type_material qualifier,holotype of Vuilleminia subglobispora,GB:Hallenberg 12761,HM046917,yes,3,NR_119827 Crepidotus innuopurpureus GB:Hallenberg 12761 Argentina,https://www.ncbi.nlm.nih.gov/nuccore/NR_119827
NR_119831,Craterellus indicus,holotype,high,GenBank /type_material qualifier,holotype of Craterellus indicus,PUN:3884,HM113530,yes,3,NR_119831 Craterellus indicus PUN:3884 Himachal Pradesh IN,https://www.ncbi.nlm.nih.gov/nuccore/NR_119831
NR_119874,Pluteus mammillatus,epitype,high,GenBank /type_material qualifier,epitype of Annularia mammillata,EIU:ASM 7916,HM562119,no,3,NR_119874 Pluteus mammillatus EIU:ASM 7916 Missouri US,https://www.ncbi.nlm.nih.gov/nuccore/NR_119874
NR_119900,Inocybe chalcodoxantha,isotype,high,GenBank /type_material qualifier,isotype of Inocybe chalcodoxantha,WTU:F-043333,HQ201341,yes,3,NR_119900.1 Inocybe chalcodoxantha ISOTYPE NS,https://www.ncbi.nlm.nih.gov/nuccore/NR_119900
NR_119963,Shivasia solida,epitype,high,GenBank /type_material qualifier,epitype of Ustilago solida,personal:Kalman Vanky:H.U.V. 17649,JF966731,yes,3,NR_119963 Shivasia solida personal:Kalman Vanky:H.U.V. 17649 Australia,https://www.ncbi.nlm.nih.gov/nuccore/NR_119963
NR_119979,Vuilleminia erastii,holotype,high,GenBank /type_material qualifier,holotype of Vuilleminia erastii,DAOM:199025,JN387998,no,3,NR_119979 Vuilleminia erastii DAOM:199025 Yukon CA,https://www.ncbi.nlm.nih.gov/nuccore/NR_119979
NR_120079,Octaviania yaeyamaensis,holotype,high,GenBank /type_material qualifier,holotype of Octaviania yaeyamaensis,KPM:NC-0017819,JQ619180,yes,3,NR_120079 Octaviania yaeyamaensis KPM:NC-0017819 Okinawa JP,https://www.ncbi.nlm.nih.gov/nuccore/NR_120079
NR_120097,Cortinarius brunneotinctus,holotype,high,GenBank /type_material qualifier,holotype of Cortinarius brunneotinctus,H:TN10-018,JQ746604,yes,3,NR_120097 Cortinarius brunneotinctus,https://www.ncbi.nlm.nih.gov/nuccore/NR_120097
NR_120145,Cortinarius idahoensis,holotype,high,GenBank /type_material qualifier,holotype of Cortinarius idahoensis,MICH:5524,JX045669,yes,3,NR_120145 Fungi,https://www.ncbi.nlm.nih.gov/nuccore/NR_120145
NR_120163,Cortinarius cinnabarinus,epitype,high,GenBank /type_material qualifier,epitype of Cortinarius cinnabarinus,S:F248436,JX114944,yes,3,NR_120163 Cortinarius cinnabarinus S:F248436 Sweden,https://www.ncbi.nlm.nih.gov/nuccore/NR_120163
NR_120175,Multifurca stenophylla,epitype,high,GenBank /type_material qualifier,epitype of Lactarius stenophyllus,MEL:2352529,JX266632,yes,3,NR_120175 Fungi,https://www.ncbi.nlm.nih.gov/nuccore/NR_120175
NR_120219,Donadinia helvelloides,isotype,high,GenBank /type_material qualifier,isotype of Donadinia helvelloides,LY:PB 940,JX669834,yes,3,NR_120219 Fungi LY:PB 940,https://www.ncbi.nlm.nih.gov/nuccore/NR_120219
NR_120275,Gliophorus europerplexus,holotype,high,GenBank /type_material qualifier,holotype of Gliophorus europerplexus,K:181246,KF218267,yes,3,NR_120275.2 Gliophorus europerplexus specimen_voucher K 181246 United Kingdom Wales Pembrokeshire holotype Gliophorus europerplexus,https://www.ncbi.nlm.nih.gov/nuccore/NR_120275
NR_121337,Cortinarius caesiobrunneus,holotype,high,GenBank /type_material qualifier,holotype of Cortinarius caesiobrunneus,H:TN05-127,EU266653,yes,3,NR_121337 Cortinarius caesiobrunneus H:TN05-127 Finland,https://www.ncbi.nlm.nih.gov/nuccore/NR_121337
NR_121428,Hypomyces australasiaticus,type,high,GenBank /type_material qualifier,type material of Hypomyces australasiaticus,TFC<EST>:03-8,FN859428,no,3,NR_121428 Hypomyces australasiaticus,https://www.ncbi.nlm.nih.gov/nuccore/NR_121428
NR_130180,Phlegmacium largum,neotype,high,GenBank /type_material qualifier,neotype of Cortinarius largus,H:6001957,AB859985,no,3,NR_130180 Phlegmacium largum H:6001957 Finland Proper FI,https://www.ncbi.nlm.nih.gov/nuccore/NR_130180
NR_130191,Calonarius arenicola,holotype,high,GenBank /type_material qualifier,holotype of Cortinarius arenicola,MICH:10317,KF732252,yes,3,NR_130191 Calonarius arenicola MICH:10317 United States,https://www.ncbi.nlm.nih.gov/nuccore/NR_130191
NR_130217,Calonarius flavobulbus,holotype,high,GenBank /type_material qualifier,holotype of Cortinarius flavobulbus,IB:19950629,KF732305,yes,3,NR_130217 Calonarius flavobulbus IB:19950629 United States,https://www.ncbi.nlm.nih.gov/nuccore/NR_130217
NR_130226,Phlegmacium kuehneri,holotype,high,GenBank /type_material qualifier,holotype of Cortinarius kuehneri,IB:19650042,KF732330,yes,3,NR_130226 Cortinarius kuehneri IB:19650042 Austria,https://www.ncbi.nlm.nih.gov/nuccore/NR_130226
NR_130285,Calonarius viridirubescens,holotype,high,GenBank /type_material qualifier,holotype of Cortinarius viridirubescens,IB:19950688,KF732476,yes,3,NR_130285 Cortinarius viridirubescens IB:19950688 United States,https://www.ncbi.nlm.nih.gov/nuccore/NR_130285
NR_130289,Phlegmacium boreidionysae,holotype,high,GenBank /type_material qualifier,holotype of Cortinarius boreidionysae,H:I. Kytovuori 97-1220,KF732488,yes,3,NR_130289.1 Phlegmacium boreidionysae HOLOTYPE EU,https://www.ncbi.nlm.nih.gov/nuccore/NR_130289
NR_131826,Cortinarius brunneovernus,holotype,high,GenBank /type_material qualifier,holotype of Cortinarius brunneovernus,WTU:J.F. Ammirati 13331,KC608578,no,3,NR_131826 Cortinarius brunneovernus WTU:J.F. Ammirati 13331 Maine US,https://www.ncbi.nlm.nih.gov/nuccore/NR_131826
NR_131837,Cortinarius uraceus,neotype,high,GenBank /type_material qualifier,neotype of Cortinarius uraceus,H:T. Niskanen 04-872,KJ206522,no,3,NR_131837 Cortinarius uraceus H:T. Niskanen 04-872 Finland,https://www.ncbi.nlm.nih.gov/nuccore/NR_131837
NR_131853,Cortinarius subrufulus,holotype,high,GenBank /type_material qualifier,holotype of Cortinarius subrufulus,H:T. Niskanen 09-207,KP087977,yes,3,NR_131853 Cortinarius subrufulus H:T. Niskanen 09-207 Florida US,https://www.ncbi.nlm.nih.gov/nuccore/NR_131853
NR_131859,Cortinarius algonquinensis,holotype,high,GenBank /type_material qualifier,holotype of Cortinarius algonquinensis,WTU:F-040291,KP087983,yes,3,NR_131859 Cortinarius algonquinensis WTU:F-040291 Ontario CA,https://www.ncbi.nlm.nih.gov/nuccore/NR_131859
NR_131871,Cortinarius subargyronotus,holotype,high,GenBank /type_material qualifier,holotype of Cortinarius subargyronotus,personal:T. Niskanen:03-1317,KP137494,yes,3,NR_131871 Cortinarius subargyronotus personal:T. Niskanen:03-1317 Sweden,https://www.ncbi.nlm.nih.gov/nuccore/NR_131871
NR_131887,Cortinarius subexitiosus,holotype,high,GenBank /type_material qualifier,holotype of Cortinarius subexitiosus,H:T. Niskanen 09-116,KP165574,yes,3,NR_131887 Cortinarius subexitiosus H:T. Niskanen 09-116 Florida US,https://www.ncbi.nlm.nih.gov/nuccore/NR_131887
NR_132814,Hymenoscyphus microserotinus,holotype,high,GenBank /type_material qualifier,holotype of Hymenoscyphus microserotinus,HMAS:68520,DQ986481,yes,3,NR_132814 Hymenoscyphus microserotinus,https://www.ncbi.nlm.nih.gov/nuccore/NR_132814
NR_132871,Scleroderma suthepense,holotype,high,GenBank /type_material qualifier,holotype of Scleroderma suthepense,CMU:55-SC2,JX205215,yes,3,NR_132871 Scleroderma suthepense CMU:55-SC2 Thailand,https://www.ncbi.nlm.nih.gov/nuccore/NR_132871
NR_132897,Geastrum kuharii,holotype,high,GenBank /type_material qualifier,holotype of Geastrum kuharii,MA:Fungi:83795,KF988463,yes,3,NR_132897 Geastrum kuharii MA:Fungi:83795 Argentina,https://www.ncbi.nlm.nih.gov/nuccore/NR_132897
NR_137086,Entoloma azureosquamulosum,holotype,high,GenBank /type_material qualifier,holotype of Entoloma azureosquamulosum,GDGM:27355,JQ410333,yes,3,NR_137086 Entoloma azureosquamulosum GDGM:27355,https://www.ncbi.nlm.nih.gov/nuccore/NR_137086
NR_137600,Butyriboletus primiregius,holotype,high,GenBank /type_material qualifier,holotype of Butyriboletus primiregius,SFSU:J.L. Frank 2030,KC184455,yes,3,NR_137600 Butyriboletus primiregius SFSU:J.L. Frank 2030 California US,https://www.ncbi.nlm.nih.gov/nuccore/NR_137600
NR_137794,Butyriboletus persolidus,holotype,high,GenBank /type_material qualifier,holotype of Butyriboletus persolidus,SFSU:Arora11103,KC184442,yes,3,NR_137794 Butyriboletus persolidus SFSU:Arora11103 California US,https://www.ncbi.nlm.nih.gov/nuccore/NR_137794
NR_137796,Butyriboletus yicibus,holotype,high,GenBank /type_material qualifier,holotype of Butyriboletus yicibus,SFSU:Arora9727,KC184474,yes,3,NR_137796 Butyriboletus yicibus SFSU:Arora9727 Yunnan CN,https://www.ncbi.nlm.nih.gov/nuccore/NR_137796
NR_137806,Boletus rubriceps,holotype,high,GenBank /type_material qualifier,holotype of Boletus rubriceps,SFSU:Arora11340,KC900413,yes,3,NR_137806 Boletus rubriceps SFSU:Arora11340 New Mexico US,https://www.ncbi.nlm.nih.gov/nuccore/NR_137806
NR_137856,Galerina indica,holotype,high,GenBank /type_material qualifier,holotype of Galerina indica,K:190552,KJ187768,yes,3,NR_137856 Galerina indica K:190552 India,https://www.ncbi.nlm.nih.gov/nuccore/NR_137856
NR_137962,Perenniporia vanhullii,holotype,high,GenBank /type_material qualifier,holotype of Perenniporia vanhullii,MUCL:38450,KP217811,yes,3,NR_137962 Perenniporia vanhullii Zimbabwe,https://www.ncbi.nlm.nih.gov/nuccore/NR_137962
NR_138020,Entoloma cettoi,holotype,high,GenBank /type_material qualifier,holotype of Entoloma cettoi,WU:11500,LN850560,no,3,NR_138020 Entoloma cettoi WU:11500 Italy,https://www.ncbi.nlm.nih.gov/nuccore/NR_138020
NR_138022,Cystodermella lactea,holotype,high,GenBank /type_material qualifier,holotype of Cystodermella lactea,LUG:9395,LN878144,no,3,NR_138022 Cystodermella cinnabarina LUG:9395 Switzerland,https://www.ncbi.nlm.nih.gov/nuccore/NR_138022
NR_138397,Stephanospora cribbae,holotype,high,GenBank /type_material qualifier,holotype of Stephanospora cribbae,MEL:2135826,KM086873,yes,3,NR_138397 Stephanospora cribbae MEL:2135826 New South Wales AU,https://www.ncbi.nlm.nih.gov/nuccore/NR_138397
NR_144841,Dimennazyma cisti-albidi,type,high,GenBank /type_material qualifier,type material of Cryptococcus cisti-albidi,CBS:10049,KF036589,yes,3,NR_144841 Dimennazyma cisti-albidi,https://www.ncbi.nlm.nih.gov/nuccore/NR_144841
NR_145313,[Chalara] clidemiae,ex-holotype,high,GenBank /type_material qualifier,culture from holotype of Chalara clidemiae,CBS:141319,KX228270,yes,3,NR_145313 [Chalara] clidemiae Lot-et-Garonne FR,https://www.ncbi.nlm.nih.gov/nuccore/NR_145313
NR_147422,Tricladium varicosporioides,type,high,GenBank /type_material qualifier,type material of Hymenoscyphus varicosporioides,CBS:651.66,DQ202514,yes,3,NR_147422 Hymenoscyphus varicosporioides,https://www.ncbi.nlm.nih.gov/nuccore/NR_147422
NR_147632,Amanita subfuliginea,holotype,high,GenBank /type_material qualifier,holotype of Amanita subfuliginea,HKAS:77326,KJ466404,yes,3,NR_147632.1 Amanita subfuliginea specimen_voucher HKAS 77326 China holotype,https://www.ncbi.nlm.nih.gov/nuccore/NR_147632
NR_147634,Amanita griseorosea,holotype,high,GenBank /type_material qualifier,holotype of Amanita griseorosea,HKAS:77332,KJ466411,yes,3,NR_147634.1 Amanita griseorosea specimen_voucher HKAS 77332 China holotype,https://www.ncbi.nlm.nih.gov/nuccore/NR_147634
NR_152368,Inocybe pyrrhopoda,holotype,high,GenBank /type_material qualifier,holotype of Inocybe pyrrhopoda,TENN:066987,KP308813,yes,3,NR_152368.1 Inocybe pyrrhopoda TENN 0669,https://www.ncbi.nlm.nih.gov/nuccore/NR_152368
NR_152372,Mallocybe sabulosa,holotype,high,GenBank /type_material qualifier,holotype of Inocybe sabulosa,PERTH:08320322,KP308821,yes,3,NR_152372.1 Inocybe sabulosa PERTH 08320,https://www.ncbi.nlm.nih.gov/nuccore/NR_152372
NR_152903,Entoloma holmvassdalenense,holotype,high,GenBank /type_material qualifier,holotype of Entoloma holmvassdalenense,O:F75311,KM610321,yes,3,NR_152903 Entoloma holmvassdalenense O:F75311,https://www.ncbi.nlm.nih.gov/nuccore/NR_152903
NR_152906,Hebeloma pseudofragilipes,holotype,high,GenBank /type_material qualifier,holotype of Hebeloma pseudofragilipes,BR<BEL>:MYCO 174911-20,KT217397,yes,3,NR_152906 Hebeloma pseudofragilipes BR:MYCO 174911-20 United Kingdom,https://www.ncbi.nlm.nih.gov/nuccore/NR_152906
NR_152910,Hebeloma sinapizans,epitype,high,GenBank /type_material qualifier,epitype of Hypophyllum sinapizans,BR<BEL>:BR5020184118648,KT218440,yes,3,NR_152910 Hebeloma sinapizans BR:BR5020184118648 France,https://www.ncbi.nlm.nih.gov/nuccore/NR_152910
NR_152933,Entoloma cremeoalbum,holotype,high,GenBank /type_material qualifier,holotype of Entoloma cremeoalbum,O:300037,LN850559,no,3,NR_152933 Entoloma cremeoalbum O:300037 Norway,https://www.ncbi.nlm.nih.gov/nuccore/NR_152933
NR_153036,Cortinarius rubrophyllus,holotype,high,GenBank /type_material qualifier,holotype of Cortinarius rubrophyllus,G:R. Baubet No. 234,KP087970,yes,3,NR_153036 Cortinarius rubrophyllus G:R. Baubet No. 234 France,https://www.ncbi.nlm.nih.gov/nuccore/NR_153036
NR_153076,Cortinarius tabularis,epitype,high,GenBank /type_material qualifier,epitype of Agaricus anomalus ? tabularis,S:T.E. Brandrud CFP949,KX302275,yes,3,NR_153076 Cortinarius tabularis S:T.E. Brandrud CFP949 Sweden,https://www.ncbi.nlm.nih.gov/nuccore/NR_153076
NR_153081,Cortinarius biriensis,holotype,high,GenBank /type_material qualifier,holotype of Cortinarius biriensis,O:T.E. Brandrud TEB638-15,KX831118,yes,3,NR_153081 Cortinarius biriensis O:T.E. Brandrud TEB 638-15 Norway,https://www.ncbi.nlm.nih.gov/nuccore/NR_153081
NR_153162,Inocybe subpulverulenta,holotype,high,GenBank /type_material qualifier,holotype of Inocybe subpulverulenta,CANB:574535,KP641624,yes,3,NR_153162 Inocybe subpulverulenta CANB:574535 Australian Capital Territory AU,https://www.ncbi.nlm.nih.gov/nuccore/NR_153162
NR_153248,Russula pseudopectinatoides,holotype,high,GenBank /type_material qualifier,holotype of Russula pseudopectinatoides,HMAS:251523,KM269077,yes,3,NR_153248 Russula pseudopectinatoides HMAS:251523,https://www.ncbi.nlm.nih.gov/nuccore/NR_153248
NR_153254,Russula hookeri,holotype,high,GenBank /type_material qualifier,holotype of Russula hookeri,CUH:AM275,KP713777,yes,3,NR_153254 Russula hookeri CUH:AM275 India,https://www.ncbi.nlm.nih.gov/nuccore/NR_153254
NR_153262,Tricholoma virgatum var. fulvoumbonatum,holotype,high,GenBank /type_material qualifier,holotype of Tricholoma virgatum var. fulvoumbonatum,KATO:Fungi 3350,KT271752,yes,3,NR_153262 Tricholoma virgatum var. fulvoumbonatum KATO:Fungi 3350 Turkey,https://www.ncbi.nlm.nih.gov/nuccore/NR_153262
NR_153299,Tricholoma highlandense,holotype,high,GenBank /type_material qualifier,holotype of Tricholoma highlandense,HKAS:70192,KY488549,yes,3,NR_153299 Tricholoma highlandense HKAS:70192 Yunnan CN,https://www.ncbi.nlm.nih.gov/nuccore/NR_153299
NR_153603,Boletus viscidiceps,holotype,high,GenBank /type_material qualifier,holotype of Boletus viscidiceps,HKAS:57435,JN563921,yes,3,NR_153603 Boletus viscidiceps HKAS:57435,https://www.ncbi.nlm.nih.gov/nuccore/NR_153603
NR_153604,Boletus umbrinipileus,holotype,high,GenBank /type_material qualifier,holotype of Boletus umbrinipileus,HKAS:50496,JN563923,yes,3,NR_153604 Boletus umbrinipileus HKAS:50496,https://www.ncbi.nlm.nih.gov/nuccore/NR_153604
NR_153608,Bothia fujianensis,holotype,high,GenBank /type_material qualifier,holotype of Bothia fujianensis,HKAS:82693,KM269196,yes,3,NR_153608 Bothia fujianensis HKAS:82693 Lima Province PE,https://www.ncbi.nlm.nih.gov/nuccore/NR_153608
NR_153640,Blastobotrys peoriensis,ex-type,high,GenBank /type_material qualifier,culture from type material of Blastobotrys peoriensis,CBS:10340,KY101758,yes,3,NR_153640 Blastobotrys peoriensis,https://www.ncbi.nlm.nih.gov/nuccore/NR_153640
NR_153900,Chalciporus radiatus,holotype,high,GenBank /type_material qualifier,holotype of Chalciporus radiatus,GDGM:43285,KP871804,yes,3,NR_153900 Chalciporus radiatus GDGM:43285,https://www.ncbi.nlm.nih.gov/nuccore/NR_153900
NR_153911,Calocybella lohitha,holotype,high,GenBank /type_material qualifier,holotype of Calocybella lohitha,CAL:1288,KU366465,yes,3,NR_153911 Calocybella lohitha CAL:1288 India,https://www.ncbi.nlm.nih.gov/nuccore/NR_153911
NR_153916,Coprinus littoralis,holotype,high,GenBank /type_material qualifier,holotype of Coprinus littoralis,AH:45819,KU686920,yes,3,NR_153916 Coprinus littoralis AH:45819 Huelva ES,https://www.ncbi.nlm.nih.gov/nuccore/NR_153916
NR_153926,Ceraceomyces atlanticus,holotype,high,GenBank /type_material qualifier,holotype of Ceraceomyces atlanticus,URM<BRA>:85888,KX685875,yes,3,NR_153926 Ceraceomyces atlanticus URM:85888 Pernambuco BR,https://www.ncbi.nlm.nih.gov/nuccore/NR_153926
NR_153970,Farysia itapuensis,type,high,GenBank /type_material qualifier,type material of Farysia itapuensis,CBS:10428,DQ767831,yes,3,NR_153970 Farysia itapuensis,https://www.ncbi.nlm.nih.gov/nuccore/NR_153970
NR_153980,Fibroporia albicans,holotype,high,GenBank /type_material qualifier,holotype of Fibroporia albicans,BJFC:Dai 10595,KC456249,yes,3,NR_153980 Fibroporia albicans BJFC:Dai 10595 China,https://www.ncbi.nlm.nih.gov/nuccore/NR_153980
NR_154003,Fulvifomes imbricatus,holotype,high,GenBank /type_material qualifier,holotype of Fulvifomes imbricatus,IFP:LWZ 20140728-16,KR905677,yes,3,NR_154003 Fulvifomes imbricatus IFP:LWZ 20140728-16 Thailand,https://www.ncbi.nlm.nih.gov/nuccore/NR_154003
NR_154024,Farysia taiwaniana,type,high,GenBank /type_material qualifier,type material of Farysia taiwaniana,CBS:9927,KY103401,yes,3,NR_154024 Farysia taiwaniana Taiwan,https://www.ncbi.nlm.nih.gov/nuccore/NR_154024
NR_154100,Ijuhya vitellina,ex-holotype,high,GenBank /type_material qualifier,culture from holotype of Ijuhya vitellina,DSM:104494,KY607535,yes,3,NR_154100 Ijuhya vitellina Turkey,https://www.ncbi.nlm.nih.gov/nuccore/NR_154100
NR_154159,Marasmius conchiformis var. dispar,type,high,GenBank /type_material qualifier,type material of Marasmius conchiformis var. dispar,SP:417466,JX424039,yes,3,NR_154159 Marasmius conchiformis var. dispar SP:417466,https://www.ncbi.nlm.nih.gov/nuccore/NR_154159
NR_154173,Melanoleuca juliannae var. juliannae,holotype,high,GenBank /type_material qualifier,holotype of Melanoleuca juliannae,BP:104371,KJ425539,yes,3,NR_154173 Melanoleuca juliannae var. juliannae BP:104371,https://www.ncbi.nlm.nih.gov/nuccore/NR_154173
NR_154303,Porpoloma terreum,isotype,high,GenBank /type_material qualifier,isotype of Porpoloma terreum,MICH:00011746,KJ417307,yes,3,NR_154303 Porpoloma terreum MICH:00011746 Tierra del Fuego AR,https://www.ncbi.nlm.nih.gov/nuccore/NR_154303
NR_154330,Pulveroboletus sinensis,holotype,high,GenBank /type_material qualifier,holotype of Pulveroboletus sinensis,HKAS:75767,KT824248,yes,3,NR_154330 Pulveroboletus sinensis HKAS:75767,https://www.ncbi.nlm.nih.gov/nuccore/NR_154330
NR_154332,Phylloporia flabelliformis,type,high,GenBank /type_material qualifier,type material of Phylloporia flabelliformis,MUCL:55570,KU198358,yes,3,NR_154332 Phylloporia flabelliforma Gabon,https://www.ncbi.nlm.nih.gov/nuccore/NR_154332
NR_154395,Strobilomyces echinocephalus,type,high,GenBank /type_material qualifier,type material of Strobilomyces echinocephalus,TO:MG001,JX870649,yes,3,NR_154395 Strobilomyces echinocephalus TO:MG001 Yunnan CN,https://www.ncbi.nlm.nih.gov/nuccore/NR_154395
NR_154401,Sticta lumbschiana,type,high,GenBank /type_material qualifier,type material of Sticta lumbschiana,DNA:5436,KC732575,yes,3,NR_154401 Sticta lumbschiana DNA:5436,https://www.ncbi.nlm.nih.gov/nuccore/NR_154401
NR_154403,Sticta macrocyphellata,type,high,GenBank /type_material qualifier,type material of Sticta macrocyphellata,DNA:5569,KC732662,yes,3,NR_154403 Sticta macrocyphellata DNA:5569,https://www.ncbi.nlm.nih.gov/nuccore/NR_154403
NR_154419,Sticta fuliginoides,type,high,GenBank /type_material qualifier,type material of Sticta fuliginoides,LG:3012,KT281722,yes,3,NR_154419 Sticta fuliginoides LG:3012 Canary Islands ES,https://www.ncbi.nlm.nih.gov/nuccore/NR_154419
NR_154442,Rhodocybe asanii,holotype,high,GenBank /type_material qualifier,holotype of Rhodocybe asanii,KATO:Fungi:3659,KX834263,yes,3,NR_154442 Rhodocybe asanii KATO:Fungi:3659 Turkey,https://www.ncbi.nlm.nih.gov/nuccore/NR_154442
NR_154612,Stephanospora aorangi,holotype,high,GenBank /type_material qualifier,holotype of Stephanospora aorangi,PDD:100896,KM086837,yes,3,NR_154612 Stephanospora aorangi PDD:100896 Auckland NZ,https://www.ncbi.nlm.nih.gov/nuccore/NR_154612
NR_154613,Stephanospora pounamu,holotype,high,GenBank /type_material qualifier,holotype of Stephanospora pounamu,PDD:100216,KM086840,yes,3,NR_154613 Stephanospora pounamu PDD:100216 Nelson NZ,https://www.ncbi.nlm.nih.gov/nuccore/NR_154613
NR_154614,Stephanospora kanuka,holotype,high,GenBank /type_material qualifier,holotype of Stephanospora kanuka,PDD:100957,KM086844,yes,3,NR_154614 Stephanospora kanuka PDD:100957 Waikato NZ,https://www.ncbi.nlm.nih.gov/nuccore/NR_154614
NR_154616,Stephanospora sheoak,holotype,high,GenBank /type_material qualifier,holotype of Stephanospora sheoak,MEL:2305133,KM086897,yes,3,NR_154616 Stephanospora sheoak MEL:2305133 Queensland AU,https://www.ncbi.nlm.nih.gov/nuccore/NR_154616
NR_154617,Stephanospora hystrispora,holotype,high,GenBank /type_material qualifier,holotype of Stephanospora hystrispora,MEL:2135830,KM086901,yes,3,NR_154617 Stephanospora hystrispora MEL:2135830 Victoria AU,https://www.ncbi.nlm.nih.gov/nuccore/NR_154617
NR_154623,Xeromphalina campanella,neotype,high,GenBank /type_material qualifier,neotype of Agaricus campanella,TENN:F-069178,KP835678,yes,3,NR_154623 Xeromphalina campanella TENN:F-069178 Czech Republic,https://www.ncbi.nlm.nih.gov/nuccore/NR_154623
NR_154661,Psychronectria hyperantarctica,ex-epitype,high,GenBank /type_material qualifier,culture from epitype of Psychronectria hyperantarctica,WA:52045,MF193500,yes,3,NR_154661 Psychronectria hyperantarctica WA:52045 Antarctica,https://www.ncbi.nlm.nih.gov/nuccore/NR_154661
NR_154805,Coleophoma ericicola,ex-holotype,high,GenBank /type_material qualifier,culture from holotype of Coleophoma ericicola,CBS:301.72,KU728488,yes,3,NR_154805 Coleophoma ericicola England GB,https://www.ncbi.nlm.nih.gov/nuccore/NR_154805
NR_154826,Cyathus ibericus,holotype,high,GenBank /type_material qualifier,holotype of Cyathus ibericus,AH:48137,KX858597,yes,3,NR_154826 Cyathus ibericus AH:48137,https://www.ncbi.nlm.nih.gov/nuccore/NR_154826
NR_154876,Butyriboletus autumniregius,holotype,high,GenBank /type_material qualifier,holotype of Butyriboletus autumniregius,SFSU:Arora11112,KC184425,yes,3,NR_154876 Butyriboletus autumniregius SFSU:Arora11112 California US,https://www.ncbi.nlm.nih.gov/nuccore/NR_154876
NR_155130,Glutinoglossum exiguum,holotype,high,GenBank /type_material qualifier,holotype of Glutinoglossum exiguum,PDD:103574,KP690089,yes,3,NR_155130 Glutinoglossum exiguum PDD:103574 New Zealand,https://www.ncbi.nlm.nih.gov/nuccore/NR_155130
NR_155167,Hygrocybe rubroalba,holotype,high,GenBank /type_material qualifier,holotype of Hygrocybe rubroalba,MCVE:28634,KT305967,yes,3,NR_155167.1 Hygrocybe rubroalba MCVE 28634 ITS region; from TYPE material,https://www.ncbi.nlm.nih.gov/nuccore/NR_155167
NR_155169,Hypomyces subglobosus,ex-holotype,high,GenBank /type_material qualifier,culture from holotype of Hypomyces subglobosus,CBS:543.86,KU382160,yes,3,NR_155169 Hypomyces subglobosus Germany,https://www.ncbi.nlm.nih.gov/nuccore/NR_155169
NR_155185,Hypoxylon petriniae,ex-holotype,high,GenBank /type_material qualifier,culture from holotype of Hypoxylon petriniae,CBS:114746,KY610405,yes,3,NR_155185 Hypoxylon petriniae France,https://www.ncbi.nlm.nih.gov/nuccore/NR_155185
NR_155319,Leucoagaricus truncatus,holotype,high,GenBank /type_material qualifier,holotype of Leucoagaricus truncatus,HKAS:49288,KP096235,yes,3,NR_155319 Leucoagaricus truncatus HKAS:49288 Sichuan CN,https://www.ncbi.nlm.nih.gov/nuccore/NR_155319
NR_155605,Otidea stipitata,type,high,GenBank /type_material qualifier,type material of Otidea stipitata,HKAS:87865,KY498603,yes,3,NR_155605 Otidea stipitata HKAS:87865,https://www.ncbi.nlm.nih.gov/nuccore/NR_155605
NR_155736,Russula brevipileocystidiata,holotype,high,GenBank /type_material qualifier,holotype of Russula brevipileocystidiata,BJTC:FAN455,KY270487,yes,3,NR_155736 Russula brevipileocystidiata BJTC:FAN455 China,https://www.ncbi.nlm.nih.gov/nuccore/NR_155736
NR_156252,Hypomyces sinicus,holotype,high,GenBank /type_material qualifier,holotype of Hypomyces sinicus,HMAS:251317,JQ814696,yes,3,NR_156252 Hypomyces sinicus,https://www.ncbi.nlm.nih.gov/nuccore/NR_156252
NR_156268,Hydnophlebia meloi,holotype,high,GenBank /type_material qualifier,holotype of Hydnophlebia meloi,MA:Fungi:86654,KF483044,yes,3,NR_156268 Hydnophlebia meloi MA:Fungi:86654 Cape Verde,https://www.ncbi.nlm.nih.gov/nuccore/NR_156268
NR_156269,Hydnophlebia gorgonea,holotype,high,GenBank /type_material qualifier,holotype of Hydnophlebia gorgonea,MA:Fungi:86659,KF483049,yes,3,NR_156269 Hydnophlebia gorgonea MA:Fungi:86659 Cape Verde,https://www.ncbi.nlm.nih.gov/nuccore/NR_156269
NR_156341,Lactarius dilutisalmoneus,holotype,high,GenBank /type_material qualifier,holotype of Lactarius dilutisalmoneus,HMJAU:42465,MF152847,yes,3,NR_156341 Lactarius dilutisalmoneus HMJAU:42465 Jilin CN,https://www.ncbi.nlm.nih.gov/nuccore/NR_156341
NR_157860,Cortinarius sordidemaculatus,holotype,high,GenBank /type_material qualifier,holotype of Cortinarius sordidemaculatus,PC:0088382,DQ139984,yes,3,NR_157860 Cortinarius sordidemaculatus PC:0088382 Doubs FR,https://www.ncbi.nlm.nih.gov/nuccore/NR_157860
NR_157871,Thaxterogaster chalybeus,holotype,high,GenBank /type_material qualifier,holotype of Cortinarius chalybeus,PDD:73146,JQ287671,yes,3,NR_157871 Cortinarius chalybeus PDD:73146 Southland NZ,https://www.ncbi.nlm.nih.gov/nuccore/NR_157871
NR_157880,Cortinarius calaisopus,holotype,high,GenBank /type_material qualifier,holotype of Cortinarius calaisopus,PDD:94050,JQ287696,yes,3,NR_157880 Cortinarius calaisopus PDD:94050 Otago NZ,https://www.ncbi.nlm.nih.gov/nuccore/NR_157880
NR_157928,Phlegmacium clarum,holotype,high,GenBank /type_material qualifier,holotype of Cortinarius clarus,G:286394_1,KF732285,yes,3,NR_157928 Phlegmacium largum G:286394_1 France,https://www.ncbi.nlm.nih.gov/nuccore/NR_157928
NR_157943,Cortinarius lintrisporus,holotype,high,GenBank /type_material qualifier,holotype of Cortinarius lintrisporus,G:288825_1,KF732339,yes,3,NR_157943 Phlegmacium largum G:288825_1 France,https://www.ncbi.nlm.nih.gov/nuccore/NR_157943
NR_157948,Cortinarius occultus,holotype,high,GenBank /type_material qualifier,holotype of Cortinarius occultus,G:292926_1,KF732358,yes,3,NR_157948 Phlegmacium largum G:292926_1 France,https://www.ncbi.nlm.nih.gov/nuccore/NR_157948
NR_157955,Thaxterogaster caesiolamellatus,holotype,high,GenBank /type_material qualifier,holotype of Cortinarius rufoallutus var. caesiolamellatus,PC:P. Moenne-Loccoz 4905,KF732414,yes,3,NR_157955 Cortinarius rufoallutus var. caesiolamellatus PC:P. Moenne-Loccoz 4905 France,https://www.ncbi.nlm.nih.gov/nuccore/NR_157955
NR_158339,Coprinopsis aesontiensis,holotype,high,GenBank /type_material qualifier,holotype of Coprinopsis aesontiensis,LZ:P-7614,KY554753,yes,3,NR_158339 Coprinopsis aesontiensis LZ:P-7614 Italy,https://www.ncbi.nlm.nih.gov/nuccore/NR_158339
NR_158425,Entoloma bulakhae,holotype,high,GenBank /type_material qualifier,holotype of Entoloma bulakhae,LE<RUS>:253787,MF476908,yes,3,NR_158425 Entoloma bulakhae LE:253787 Khabarovsk Krai RU,https://www.ncbi.nlm.nih.gov/nuccore/NR_158425
NR_158505,Hodophilus albofloccipes,holotype,high,GenBank /type_material qualifier,holotype of Camarophyllopsis albofloccipes,LE<RUS>:214946,KX870009,yes,3,NR_158505 Hodophilus albofloccipes LE:214946 Trabzon TR,https://www.ncbi.nlm.nih.gov/nuccore/NR_158505
NR_158881,Schizonella caricis-atratae,type,high,GenBank /type_material qualifier,type material of Schizonella caricis-atratae,CBS:123477,FM212665,no,3,NR_158881 Schizonella caricis-atratae Austria,https://www.ncbi.nlm.nih.gov/nuccore/NR_158881
NR_158883,Podosordaria muli,holotype,high,GenBank /type_material qualifier,holotype of Podosordaria muli,WSP:167,GU324761,yes,3,NR_158883 Podosordaria muli WSP:167 Tamaulipas MX,https://www.ncbi.nlm.nih.gov/nuccore/NR_158883
NR_158949,Cyanosporus caesiosimulans,epitype,high,GenBank /type_material qualifier,epitype of Tyromyces caesiosimulans,H:7008645,MG137054,yes,3,NR_158949 Postia caesiosimulans H:7008645 New York US,https://www.ncbi.nlm.nih.gov/nuccore/NR_158949
NR_158952,Cyanosporus glauca,holotype,high,GenBank /type_material qualifier,holotype of Postia glauca,H:7008648,MG137078,yes,3,NR_158952 Postia glauca H:7008648 Khabarovsk Krai RU,https://www.ncbi.nlm.nih.gov/nuccore/NR_158952
NR_159010,Stephanospora papua,type,high,GenBank /type_material qualifier,type material of Stephanospora papua,OSC:H5575,KM086859,yes,3,NR_159010 Stephanospora papua OSC:H5575 Papua New Guinea,https://www.ncbi.nlm.nih.gov/nuccore/NR_159010
NR_159014,Xerocomus doodhcha,holotype,high,GenBank /type_material qualifier,holotype of Xerocomus doodhcha,CAL:KD-13-082,KR611867,yes,3,NR_159014 Xerocomus doodhcha CAL:KD-13-082 India,https://www.ncbi.nlm.nih.gov/nuccore/NR_159014
NR_159051,Tricholoma ilkkae,holotype,high,GenBank /type_material qualifier,holotype of Tricholoma ilkkae,UPS:F-513823,LT222029,no,3,NR_159051 Tricholoma ilkkae UPS:F-513823 Gotland SE,https://www.ncbi.nlm.nih.gov/nuccore/NR_159051
NR_159588,Amanita pseudoprinceps,holotype,high,GenBank /type_material qualifier,holotype of Amanita pseudoprinceps,HKAS:97523,MH508527,yes,3,NR_159588 Amanita pseudoprinceps HKAS:97523 Guangdong CN,https://www.ncbi.nlm.nih.gov/nuccore/NR_159588
NR_159826,Cyathus isometricus,holotype,high,GenBank /type_material qualifier,holotype of Cyathus isometricus,UFRN:Fungos:2869,MF595985,yes,3,NR_159826 Cyathus isometricus UFRN:Fungos:2869 Brazil,https://www.ncbi.nlm.nih.gov/nuccore/NR_159826
NR_159863,Flammulina stratosa,type,high,GenBank /type_material qualifier,type material of Flammulina stratosa,CBS:101408,MH862735,yes,3,NR_159863 Flammulina stratosa New Zealand,https://www.ncbi.nlm.nih.gov/nuccore/NR_159863
NR_160330,Rubroboletus esculentus,holotype,high,GenBank /type_material qualifier,holotype of Rubroboletus esculentus,HKAS:96782,KY272125,yes,3,NR_160330 Rubroboletus esculentus HKAS:96782 China,https://www.ncbi.nlm.nih.gov/nuccore/NR_160330
NR_160355,Porodiplodia livistonae,ex-holotype,high,GenBank /type_material qualifier,culture from holotype of Porodiplodia livistonae,CPC:32154,MH327809,yes,3,NR_160355 Porodiplodia livistonae New South Wales AU,https://www.ncbi.nlm.nih.gov/nuccore/NR_160355
NR_160486,Russula aureorubra,holotype,high,GenBank /type_material qualifier,holotype of Russula aureorubra,CAL:1605,MF667557,yes,3,NR_160486.1 Russula aureorubra specimen_voucher CAL 1605 India Sikkim South District Maenam Wild Life Sanctuary holotype,https://www.ncbi.nlm.nih.gov/nuccore/NR_160486
NR_160639,Thaxterogaster pallidoriederi,holotype,high,GenBank /type_material qualifier,holotype of Cortinarius pallidoriederi,BOZ:Bellu 30-09-2011,MH923049,yes,3,NR_160639 Thaxterogaster pallidoriederi BOZ:Bellu 30-09-2011 Italy,https://www.ncbi.nlm.nih.gov/nuccore/NR_160639
NR_160640,Thaxterogaster dovrensis,holotype,high,GenBank /type_material qualifier,"holotype of Cortinarius argenteolilacinus var. dovrensis Brandrud, 2018",O:TEB112-80,MH923071,yes,3,NR_160640 Cortinarius argenteolilacinus var. dovrensis O:TEB112-80 Norway,https://www.ncbi.nlm.nih.gov/nuccore/NR_160640
NR_163281,Fomitiporia norbulingka,type,high,GenBank /type_material qualifier,type material of Fomitiporia norbulingka,BJFC:008706,KU364420,yes,3,NR_163281 Fomitiporia norbulingka BJFC:008706 China,https://www.ncbi.nlm.nih.gov/nuccore/NR_163281
NR_163319,Hodophilus praecox,holotype,high,GenBank /type_material qualifier,holotype of Hodophilus praecox,AH:49170,MK139802,yes,3,NR_163319 Hodophilus praecox AH:49170 Spain,https://www.ncbi.nlm.nih.gov/nuccore/NR_163319
NR_163376,Porodiplodia vitis,ex-holotype,high,GenBank /type_material qualifier,culture from holotype of Porodiplodia vitis,CPC:31642,MK442616,yes,3,NR_163376 Porodiplodia vitis New York US,https://www.ncbi.nlm.nih.gov/nuccore/NR_163376
NR_164013,Fomitiporia subhippophaeicola,type,high,GenBank /type_material qualifier,type material of Fomitiporia subhippophaeicola,BJFC:008271,KU364422,yes,3,NR_164013 Fomitiporia subhippophaeicola BJFC:008271 China,https://www.ncbi.nlm.nih.gov/nuccore/NR_164013
NR_164070,Pseudosperma notodryinum,holotype,high,GenBank /type_material qualifier,holotype of Inocybe notodryina,F:B12446,MK607030,yes,3,NR_164070 Pseudosperma notodryinum F:B12446 Guanacaste CR,https://www.ncbi.nlm.nih.gov/nuccore/NR_164070
NR_164250,Gloeopycnis protuberans,holotype,high,GenBank /type_material qualifier,holotype of Gloeopycnis protuberans,DAOM:745762,KY633514,yes,3,NR_164250 Gloeopycnis protuberans DAOM:745762 New Brunswick CA,https://www.ncbi.nlm.nih.gov/nuccore/NR_164250
NR_164496,Pluteus ludwigii,holotype,high,GenBank /type_material qualifier,holotype of Pluteus ludwigii,MCVE:30136,MK834525,yes,3,NR_164496 Pluteus ludwigii MCVE:30136,https://www.ncbi.nlm.nih.gov/nuccore/NR_164496
NR_164580,Cyanosporus livens,holotype,high,GenBank /type_material qualifier,holotype of Postia livens,H:7008642,MG137082,yes,3,NR_164580 Cyanosporus livens H:7008642 New York US,https://www.ncbi.nlm.nih.gov/nuccore/NR_164580
NR_164609,Parasola psathyrelloides,holotype,high,GenBank /type_material qualifier,holotype of Parasola psathyrelloides,CAL:1753,MK682756,yes,3,NR_164609 Parasola psathyrelloides CAL:1753 India,https://www.ncbi.nlm.nih.gov/nuccore/NR_164609
NR_164611,Tryblidiopsis magnesii,ex-holotype,high,GenBank /type_material qualifier,culture from holotype of Tryblidiopsis magnesii,DAOMC:252096,MK748209,yes,3,NR_164611 Tryblidiopsis magnesii Ontario CA,https://www.ncbi.nlm.nih.gov/nuccore/NR_164611
NR_164612,Volvariella ptilotricha,holotype,high,GenBank /type_material qualifier,holotype of Volvariella ptilotricha,LE<RUS>:313324,MK882997,yes,3,NR_164612 Volvariella ptilotricha LE:313324 Vietnam,https://www.ncbi.nlm.nih.gov/nuccore/NR_164612
NR_165882,Inocybe dulciolens,holotype,high,GenBank /type_material qualifier,holotype of Inocybe dulciolens,TENN:062477,MH216088,yes,3,NR_165882 Inocybe dulciolens TENN:062477 Tennessee US,https://www.ncbi.nlm.nih.gov/nuccore/NR_165882
NR_165959,Blastobotrys raffinosifermentans,ex-isotype,high,GenBank /type_material qualifier,culture from isotype of Blastobotrys raffinosifermentans,CBS:6800,KY101759,yes,3,NR_165959 Blastobotrys raffinosifermentans CBS 6800 from TYPE material,https://www.ncbi.nlm.nih.gov/nuccore/NR_165959
NR_166248,Hygrocybe pseudoacutoconica,holotype,high,GenBank /type_material qualifier,holotype of Hygrocybe pseudoacutoconica,GDGM:57214,MH844889,yes,3,NR_166248 Hygrocybe pseudoacutoconica GDGM:57214 Guangdong CN,https://www.ncbi.nlm.nih.gov/nuccore/NR_166248
NR_166368,Caloboletus marshii,type,high,GenBank /type_material qualifier,type material of Caloboletus marshii,SFSU:Arora11118,KC812286,yes,3,NR_166368 Caloboletus marshii SFSU:Arora11118 California US,https://www.ncbi.nlm.nih.gov/nuccore/NR_166368
NR_166790,Dacrymyces flabelliformis,holotype,high,GenBank /type_material qualifier,holotype of Dacrymyces flabelliformis,PDD:76696,AB712455,no,3,NR_166790 Dacrymyces flabelliformis PDD:76696,https://www.ncbi.nlm.nih.gov/nuccore/NR_166790
NR_166798,Hygrocybe sangayensis,holotype,high,GenBank /type_material qualifier,holotype of Hygrocybe sangayensis,QCAM:4254,KY582489,yes,3,NR_166798 Hygrocybe sangayensis QCAM:4254 Ecuador,https://www.ncbi.nlm.nih.gov/nuccore/NR_166798
NR_167949,Psathyrella lilliputana,holotype,high,GenBank /type_material qualifier,holotype of Psathyrella lilliputana,GB:LO130-09,KC992850,yes,3,NR_167949 Psathyrella lilliputana GB:LO130-09 Sweden,https://www.ncbi.nlm.nih.gov/nuccore/NR_167949
NR_167950,Psathyrella sublatispora,holotype,high,GenBank /type_material qualifier,"holotype of Psathyrella sublatispora Orstadius, S.-A. Hanson & E. Larss.",GB:LO190-97,KC992854,yes,3,NR_167950 Psathyrella sublatispora GB:LO190-97 Sweden,https://www.ncbi.nlm.nih.gov/nuccore/NR_167950
NR_167958,Psathyrella ichnusae,type,high,GenBank /type_material qualifier,type material of Psathyrella ichnusae,GB:Contu 080106,KC992911,yes,3,NR_167958 Psathyrella ichnusae GB:Contu 080106 Italy,https://www.ncbi.nlm.nih.gov/nuccore/NR_167958
NR_167962,Psathyrella stridvallii,type,high,GenBank /type_material qualifier,type material of Psathyrella stridvallii,GB:LO104-98,KC992926,yes,3,NR_167962 Psathyrella stridvallii GB:LO104-98 Sweden,https://www.ncbi.nlm.nih.gov/nuccore/NR_167962
NR_168218,Inonotus vitis,holotype,high,GenBank /type_material qualifier,holotype of Inonotus vitis,CBS:145355,MN108118,yes,3,NR_168218 Inonotus vitis,https://www.ncbi.nlm.nih.gov/nuccore/NR_168218
NR_169920,Austroboletus viscidoviridis,type,high,GenBank /type_material qualifier,type material of Austroboletus viscidoviridis,BRI:Halling 9993,KY872649,yes,3,NR_169920 Austroboletus viscidoviridis BRI:Halling 9993,https://www.ncbi.nlm.nih.gov/nuccore/NR_169920
NR_169927,Pseudosperma flavorimosum,holotype,high,GenBank /type_material qualifier,holotype of Pseudosperma flavorimosum,LAH:35042,MG495391,yes,3,NR_169927 Pseudosperma flavorimosum LAH:35042 Pakistan,https://www.ncbi.nlm.nih.gov/nuccore/NR_169927
NR_169946,Lactarius aurantiacopallens,holotype,high,GenBank /type_material qualifier,holotype of Lactarius aurantiacopallens,SFC:20150828-26,MH984927,yes,3,NR_169946 Lactarius aurantiacopallens SFC:20150828-26 South Korea,https://www.ncbi.nlm.nih.gov/nuccore/NR_169946
NR_169951,Lactarius pectinatus,holotype,high,GenBank /type_material qualifier,holotype of Lactarius pectinatus,SFC:20150701-64,MH985002,yes,3,NR_169951 Lactarius pectinatus SFC:20150701-64 South Korea,https://www.ncbi.nlm.nih.gov/nuccore/NR_169951
NR_169968,Cortinarius aurae,holotype,high,GenBank /type_material qualifier,holotype of Cortinarius aurae,K:200315,MK795701,yes,3,NR_169968 / MK795701 Cortinarius aurae K:200315 Scotland GB,https://www.ncbi.nlm.nih.gov/nuccore/NR_169968
NR_169974,Chlorophyllum levantinum,holotype,high,GenBank /type_material qualifier,holotype of Chlorophyllum levantinum,ACAM<GRC>:2012-320,MN161878,yes,3,NR_169974 Chlorophyllum levantinum Gers FR,https://www.ncbi.nlm.nih.gov/nuccore/NR_169974
NR_170856,Cortinarius subrimosus,holotype,high,GenBank /type_material qualifier,holotype of Cortinarius subrimosus,MICH:10424,MT935525,yes,3,NR_170856 Cortinarius subrimosus MICH:10424 Tennessee US,https://www.ncbi.nlm.nih.gov/nuccore/NR_170856
NR_171117,Cortinarius cistopulchripes,holotype,high,GenBank /type_material qualifier,holotype of Cortinarius cistopulchripes,PC:00.10.226,MT934972,yes,3,NR_171117 Cortinarius cistopulchripes PC:00.10.226 France,https://www.ncbi.nlm.nih.gov/nuccore/NR_171117
NR_171121,Cortinarius decipiens f. saliceticola,holotype,high,GenBank /type_material qualifier,holotype of Cortinarius decipiens f. saliceticola,PC:97112412,MT935001,yes,3,NR_171121 Cortinarius decipiens PC:97112412,https://www.ncbi.nlm.nih.gov/nuccore/NR_171121
NR_171122,Cortinarius diffamatus,holotype,high,GenBank /type_material qualifier,holotype of Cortinarius diffamatus,PC:99.10.13.03,MT935011,yes,3,NR_171122 Cortinarius diffamatus PC:99.10.13.03 France,https://www.ncbi.nlm.nih.gov/nuccore/NR_171122
NR_171123,Cortinarius elaphinicolor,holotype,high,GenBank /type_material qualifier,holotype of Cortinarius elaphinicolor,PC:2001-136,MT935028,yes,3,NR_171123 Cortinarius elaphinicolor PC:2001-136 France,https://www.ncbi.nlm.nih.gov/nuccore/NR_171123
NR_171125,Cortinarius fulminans,holotype,high,GenBank /type_material qualifier,holotype of Cortinarius fulminans,PC:2993,MT935069,yes,3,NR_171125 Cortinarius fulminans PC:2993 France,https://www.ncbi.nlm.nih.gov/nuccore/NR_171125
NR_171139,Cortinarius parhonestus,holotype,high,GenBank /type_material qualifier,holotype of Cortinarius parhonestus,PC:3657,MT935284,yes,3,NR_171139 Cortinarius parhonestus PC:3657 France,https://www.ncbi.nlm.nih.gov/nuccore/NR_171139
NR_171263,Stilbohypoxylon elaeidis,ex-holotype,high,GenBank /type_material qualifier,culture from holotype of Stilbohypoxylon elaeidis,MFLUCC:15-0295a,MT496745,yes,3,NR_171263 Stilbohypoxylon elaeidis Thailand,https://www.ncbi.nlm.nih.gov/nuccore/NR_171263
NR_171367,Cortinarius subradicans,holotype,high,GenBank /type_material qualifier,holotype of Cortinarius subradicans,PC:99103009,MT935519,yes,3,NR_171367 Cortinarius subradicans PC:99103009 France,https://www.ncbi.nlm.nih.gov/nuccore/NR_171367
NR_171837,Gomphidius pseudoglutinosus,holotype,high,GenBank /type_material qualifier,holotype of Gomphidius pseudoglutinosus,CAL:1762,MK602650,yes,3,NR_171837 Gomphidius pseudoglutinosus CAL:1762 Sikkim IN,https://www.ncbi.nlm.nih.gov/nuccore/NR_171837
NR_171869,Ramaria pallidissima,holotype,high,GenBank /type_material qualifier,holotype of Ramaria pallidissima,ZT:Myc 55616,MT055967,yes,3,NR_171869 Ramaria pallidissima ZT:Myc 55616 Nuoro IT,https://www.ncbi.nlm.nih.gov/nuccore/NR_171869
NR_171928,Orbilia tremulae,ex-epitype,high,GenBank /type_material qualifier,culture from epitype of Orbilia tremulae,CBS:116232,KT215283,yes,3,NR_171928 Orbilia tremulae Bavaria DE,https://www.ncbi.nlm.nih.gov/nuccore/NR_171928
NR_172221,Otidea concinna,epitype,high,GenBank /type_material qualifier,epitype of Peziza concinna,S:KH.09.183,JN942774,yes,3,NR_172221 Otidea concinna S:KH.09.183 Sweden,https://www.ncbi.nlm.nih.gov/nuccore/NR_172221
NR_172321,Cortinarius ammophilus,holotype,high,GenBank /type_material qualifier,holotype of Cortinarius ammophilus,K:109694,MT934867,yes,3,NR_172321 Cortinarius impolitus K:109694 United Kingdom,https://www.ncbi.nlm.nih.gov/nuccore/NR_172321
NR_172339,Cortinarius privignatus,holotype,high,GenBank /type_material qualifier,holotype of Cortinarius privignatus,S:F148849,MT935315,yes,3,NR_172339 Cortinarius privignatus S:F148849 Sweden,https://www.ncbi.nlm.nih.gov/nuccore/NR_172339
NR_172345,Cortinarius scaurotraganoides,holotype,high,GenBank /type_material qualifier,holotype of Cortinarius scaurotraganoides,PC:R. Henry 70538,MT935417,yes,3,NR_172345 Cortinarius scaurotraganoides PC:R. Henry 70538 France,https://www.ncbi.nlm.nih.gov/nuccore/NR_172345
NR_172347,Cortinarius subanthracinus,neotype,high,GenBank /type_material qualifier,neotype of Cortinarius subanthracinus,G:3037/2991,MT935461,yes,3,NR_172347 Cortinarius subanthracinus G:3037/2991 France,https://www.ncbi.nlm.nih.gov/nuccore/NR_172347
NR_172542,Agaricus furfuripes,holotype,high,GenBank /type_material qualifier,holotype of Agaricus furfuripes,JBSD:127435,MT436343,yes,3,NR_172542 Agaricus furfuripes JBSD:127435 Dominican Republic,https://www.ncbi.nlm.nih.gov/nuccore/NR_172542
NR_172543,Agaricus microincrustatus,holotype,high,GenBank /type_material qualifier,holotype of Agaricus microincrustatus,CFMR:PR6877,MT436349,yes,3,NR_172543 Agaricus microincrustatus CFMR:PR6877 Puerto Rico,https://www.ncbi.nlm.nih.gov/nuccore/NR_172543
NR_172544,Agaricus parvisporus,holotype,high,GenBank /type_material qualifier,holotype of Agaricus parvisporus,CFMR:PR6173,MT436351,yes,3,NR_172544 Agaricus parvisporus CFMR:PR6173 Puerto Rico,https://www.ncbi.nlm.nih.gov/nuccore/NR_172544
NR_172545,Agaricus baronii,holotype,high,GenBank /type_material qualifier,holotype of Agaricus baronii,CFMR:DR2523,MT436352,yes,3,NR_172545 Agaricus baronii CFMR:DR2523 Dominican Republic,https://www.ncbi.nlm.nih.gov/nuccore/NR_172545
NR_172727,Hypomyces aconidialis,ex-holotype,high,GenBank /type_material qualifier,culture from holotype of Hypomyces aconidialis,TFC<EST>:201334,FN859457,no,3,NR_172727 Hypomyces aconidialis,https://www.ncbi.nlm.nih.gov/nuccore/NR_172727
NR_172747,Crinipellis wandoensis,type,high,GenBank /type_material qualifier,type material of Crinipellis wandoensis,BRNM:751594,KF380832,yes,3,NR_172747 Crinipellis wandoensis BRNM:751594,https://www.ncbi.nlm.nih.gov/nuccore/NR_172747
NR_172790,Pseudosperma conviviale,holotype,high,GenBank /type_material qualifier,holotype of Pseudosperma conviviale,AMB:18243,MT095091,yes,3,NR_172790 Pseudosperma conviviale AMB:18243 South Sardinia IT,https://www.ncbi.nlm.nih.gov/nuccore/NR_172790
NR_172802,Amanita vladimirii,holotype,high,GenBank /type_material qualifier,holotype of Amanita vladimirii,BRNM:825828,MW208927,yes,3,NR_172802 Amanita vladimirii BRNM:825828 South Moravian CZ,https://www.ncbi.nlm.nih.gov/nuccore/NR_172802
NR_172810,Melanoleuca galbuserae,holotype,high,GenBank /type_material qualifier,holotype of Melanoleuca galbuserae,BRNM:825709,MW491332,yes,3,NR_172810 Melanoleuca galbuserae BRNM:825709 Italy,https://www.ncbi.nlm.nih.gov/nuccore/NR_172810
NR_172811,Fulvifomes dracaenicola,holotype,high,GenBank /type_material qualifier,holotype of Fulvifomes dracaenicola,BJFC:035989,MW559800,yes,3,NR_172811 Fulvifomes dracaenicola BJFC:035989 China,https://www.ncbi.nlm.nih.gov/nuccore/NR_172811
NR_172974,Chrysomycena perplexa,holotype,high,GenBank /type_material qualifier,holotype of Chrysomycena perplexa,MCVE:30184,MN496427,yes,3,NR_172974 Chrysomycena perplexa MCVE:30184,https://www.ncbi.nlm.nih.gov/nuccore/NR_172974
NR_173027,Tympanis pini,ex-holotype,high,GenBank /type_material qualifier,culture from holotype of Tympanis pini,CBS:146809,MW883456,yes,3,NR_173027 Fungi Spain,https://www.ncbi.nlm.nih.gov/nuccore/NR_173027
NR_173074,Cortinarius magispilomeus,holotype,high,GenBank /type_material qualifier,holotype of Cortinarius magispilomeus,H:7000817,MZ568643,yes,3,NR_173074 Cortinarius magispilomeus H:7000817 Ontario CA,https://www.ncbi.nlm.nih.gov/nuccore/NR_173074
NR_173075,Cortinarius americanospilomeus,holotype,high,GenBank /type_material qualifier,holotype of Cortinarius americanospilomeus,H:7068036,MZ568644,yes,3,NR_173075 Cortinarius americanospilomeus H:7068036 Quebec CA,https://www.ncbi.nlm.nih.gov/nuccore/NR_173075
NR_173160,Lactifluus gerardiellus,holotype,high,GenBank /type_material qualifier,holotype of Lactifluus gerardiellus,GENT:KW 386,KX889845,yes,3,NR_173160 Lactifluus gerardiellus GENT:KW 386 Thailand,https://www.ncbi.nlm.nih.gov/nuccore/NR_173160
NR_173164,Ephemerocybe pseudodisseminata,holotype,high,GenBank /type_material qualifier,holotype of Coprinellus pseudodisseminatus,HMJAU:46301,MH379149,yes,3,NR_173164 Coprinellus pseudodisseminatus HMJAU:46301 Jilin CN,https://www.ncbi.nlm.nih.gov/nuccore/NR_173164
NR_173171,Russula echidna,holotype,high,GenBank /type_material qualifier,holotype of Russula echidna,HO:593336,MN130079,yes,3,NR_173171 Crepidotus innuopurpureus HO:593336 Tasmania AU,https://www.ncbi.nlm.nih.gov/nuccore/NR_173171
NR_173192,Rhodophana griseobrunnea,holotype,high,GenBank /type_material qualifier,holotype of Rhodophana griseobrunnea,LUG:19799,MT580804,yes,3,NR_173192 Rhodophana griseobrunnea LUG:19799 Haut-Rhin FR,https://www.ncbi.nlm.nih.gov/nuccore/NR_173192
NR_173201,Hebeloma pinetorum,holotype,high,GenBank /type_material qualifier,holotype of Hebeloma pinetorum,MICH:10787,MW412386,yes,3,NR_173201 Hebeloma pinetorum MICH:10787 Oregon US,https://www.ncbi.nlm.nih.gov/nuccore/NR_173201
NR_173205,Lactarius fallax var. concolor,holotype,high,GenBank /type_material qualifier,holotype of Lactarius fallax var. concolor,MICH:11138,MW412392,yes,3,NR_173205 Lactarius fallax var. concolor MICH:11138 Oregon US,https://www.ncbi.nlm.nih.gov/nuccore/NR_173205
NR_173275,Cortinarius atkinsiae,holotype,high,GenBank /type_material qualifier,holotype of Cortinarius atkinsiae,TENN:F-071879,MG663233,yes,3,NR_173275 Cortinarius atkinsiae TENN:F-071879 Tennessee US,https://www.ncbi.nlm.nih.gov/nuccore/NR_173275
NR_173297,Cortinarius pseudotorvus,holotype,high,GenBank /type_material qualifier,holotype of Cortinarius pseudotorvus,LAH:35257,MN864285,yes,3,NR_173297 Cortinarius pseudotorvus LAH:35257 Pakistan,https://www.ncbi.nlm.nih.gov/nuccore/NR_173297
NR_173307,Hygrophorus adiaphorus,holotype,high,GenBank /type_material qualifier,holotype of Hygrophorus adiaphorus,MICH:10867,MT981606,yes,3,NR_173307 Hygrophorus adiaphorus MICH:10867 United States,https://www.ncbi.nlm.nih.gov/nuccore/NR_173307
NR_173323,Gyroporus flavocyanescens,holotype,high,GenBank /type_material qualifier,holotype of Gyroporus flavocyanescens,HKAS:76966,MW440550,yes,3,NR_173323 Gyroporus flavocyanescens HKAS:76966 China,https://www.ncbi.nlm.nih.gov/nuccore/NR_173323
NR_173425,Inocybe metrodii,holotype,high,GenBank /type_material qualifier,holotype of Inocybe metrodii,PRM:PRM756354,MN319692,yes,3,NR_173425 Inocybe metrodii PRM:PRM756354 Germany,https://www.ncbi.nlm.nih.gov/nuccore/NR_173425
NR_173426,Inocybe involuta,holotype,high,GenBank /type_material qualifier,holotype of Inocybe involuta,L:0017086,MN319696,yes,3,NR_173426.1 Inocybe involuta specimen_voucher L:0017086 Netherlands holotype,https://www.ncbi.nlm.nih.gov/nuccore/NR_173426
NR_173466,Thaxterogaster submagellanicus,isoparatype,high,GenBank /type_material qualifier,isoparatype of Cortinarius submagellanicus,MEL:2305432,OK159892,yes,3,NR_173466 Cortinarius submagellanicus MEL:2305432 Tasmania AU,https://www.ncbi.nlm.nih.gov/nuccore/NR_173466
NR_173475,Hygrocybe fuhreri,holotype,high,GenBank /type_material qualifier,holotype of Hygrocybe fuhreri,MEL:2063199,OK159905,yes,3,NR_173475 Hygrocybe fuhreri MEL:2063199 Victoria AU,https://www.ncbi.nlm.nih.gov/nuccore/NR_173475
NR_173726,Cortinarius violaceus,neotype,high,GenBank /type_material qualifier,neotype of Agaricus violaceus,S:Moser 74/208,KM253741,yes,3,NR_173726 Cortinarius violaceus S:Moser 74/208 Sweden,https://www.ncbi.nlm.nih.gov/nuccore/NR_173726
NR_173787,Xylodon attenuatus,holotype,high,GenBank /type_material qualifier,holotype of Xylodon attenuatus,H:Spirin 8775,MH324476,yes,3,NR_173787 Fungi H:Spirin 8775,https://www.ncbi.nlm.nih.gov/nuccore/NR_173787
NR_173795,Maublancomyces gigas,epitype,high,GenBank /type_material qualifier,epitype of Helvella gigas,TUR:A 208088,MH938663,yes,3,NR_173795 Maublancomyces gigas TYPE EU,https://www.ncbi.nlm.nih.gov/nuccore/NR_173795
NR_173820,Orbilia plurivacuolata,holotype,high,GenBank /type_material qualifier,holotype of Orbilia plurivacuolata,AH:52848,MK493139,yes,3,NR_173820 Orbilia plurivacuolata AH:52848 Asturias ES,https://www.ncbi.nlm.nih.gov/nuccore/NR_173820
NR_173825,Agaricus megacarpus,holotype,high,GenBank /type_material qualifier,holotype of Agaricus megacarpus,HMAS:255459,MK617861,yes,3,NR_173825 Agaricus megacarpus HMAS:255459 Gansu CN,https://www.ncbi.nlm.nih.gov/nuccore/NR_173825
NR_173828,Agaricus albiceps,holotype,high,GenBank /type_material qualifier,holotype of Agaricus albiceps,HMAS:279924,MK617917,yes,3,NR_173828 Agaricus albiceps HMAS:279924 Inner Mongolia CN,https://www.ncbi.nlm.nih.gov/nuccore/NR_173828
NR_173862,Cintractia kyllingae,holotype,high,GenBank /type_material qualifier,holotype of Cintractia kyllingae,BRIP:67667,MN121112,yes,3,NR_173862 Cintractia kyllingae BRIP:67667 Tanzania,https://www.ncbi.nlm.nih.gov/nuccore/NR_173862
NR_173865,Calocybe badiofloccosa,holotype,high,GenBank /type_material qualifier,holotype of Calocybe badiofloccosa,HMJU:00098,MN172332,yes,3,NR_173865 Calocybe badiofloccosa HMJU:00098,https://www.ncbi.nlm.nih.gov/nuccore/NR_173865
NR_173895,Stephanospora xibalba,holotype,high,GenBank /type_material qualifier,holotype of Stephanospora xibalba,UADY:J. de la Fuente 405,MN617854,yes,3,NR_173895 Stephanospora xibalba UADY:J. de la Fuente 405 Yucatán MX,https://www.ncbi.nlm.nih.gov/nuccore/NR_173895
NR_173954,Hygrophorus korhonenii,holotype,high,GenBank /type_material qualifier,holotype of Hygrophorus korhonenii,H:6035782,MT981641,yes,3,NR_173954 Hygrophorus korhonenii H:6035782 Finland,https://www.ncbi.nlm.nih.gov/nuccore/NR_173954
NR_173982,Orbilia xanthoflexa,holotype,high,GenBank /type_material qualifier,holotype of Orbilia xanthoflexa,M:0276608,U72597,yes,3,NR_173982 Orbilia xanthoflexa M:0276608,https://www.ncbi.nlm.nih.gov/nuccore/NR_173982
NR_174072,Hydnellum squamulosum,holotype,high,GenBank /type_material qualifier,holotype of Hydnellum squamulosum,IFP:019418,MW579954,yes,3,NR_174072 Hydnellum squamulosum IFP:019418,https://www.ncbi.nlm.nih.gov/nuccore/NR_174072
NR_174073,Hydnellum fibulatum,holotype,high,GenBank /type_material qualifier,holotype of Hydnellum fibulatum,IFP:019398,MW579958,yes,3,NR_174073 Hydnellum fibulatum IFP:019398,https://www.ncbi.nlm.nih.gov/nuccore/NR_174073
NR_174894,Crepidotus tobolensis,holotype,high,GenBank /type_material qualifier,holotype of Crepidotus tobolensis,LE<RUS>:287655,MK522393,yes,3,NR_174894 Crepidotus tobolensis LE:287655 Tyumen RU,https://www.ncbi.nlm.nih.gov/nuccore/NR_174894
NR_174913,Meruliopsis faginea,holotype,high,GenBank /type_material qualifier,holotype of Meruliopsis faginea,LE<RUS>:F-334408,MW673659,yes,3,NR_174913 Meruliopsis faginea LE:F-334408 Dagestan RU,https://www.ncbi.nlm.nih.gov/nuccore/NR_174913
NR_175077,Pholiota luteobadia,holotype,high,GenBank /type_material qualifier,holotype of Pholiota luteobadia,MICH:11688,MG735289,yes,3,NR_175077 Pholiota luteobadia MICH:11688 Michigan US,https://www.ncbi.nlm.nih.gov/nuccore/NR_175077
NR_175079,Pholiota brunnescens,holotype,high,GenBank /type_material qualifier,holotype of Pholiota brunnescens,MICH:11657,MG735292,yes,3,NR_175079 Pholiota brunnescens MICH:11657 Oregon US,https://www.ncbi.nlm.nih.gov/nuccore/NR_175079
NR_175177,Alboefibula bambusicola,holotype,high,GenBank /type_material qualifier,holotype of Alboefibula bambusicola,TNM:F28107,MZ636926,yes,3,NR_175177 Alboefibula bambusicola TNM:F28107 Taiwan,https://www.ncbi.nlm.nih.gov/nuccore/NR_175177
NR_175195,Roseograndinia jilinensis,holotype,high,GenBank /type_material qualifier,holotype of Roseograndinia jilinensis,TNM:F27602,MZ637077,yes,3,NR_175195 Roseograndinia jilinensis TNM:F27602 Jilin CN,https://www.ncbi.nlm.nih.gov/nuccore/NR_175195
NR_175216,Colpoma junipericola,ex-holotype,high,GenBank /type_material qualifier,culture from holotype of Colpoma junipericola,CBS:148247,OK664714,yes,3,NR_175216 Colpoma junipericola Russia,https://www.ncbi.nlm.nih.gov/nuccore/NR_175216
NR_175602,Cercopemyces crocodilinus,holotype,high,GenBank /type_material qualifier,holotype of Cercopemyces crocodilinus,UTC:258260,JX409899,yes,3,NR_175602 Cercopemyces crocodilinus UTC:258260 United States,https://www.ncbi.nlm.nih.gov/nuccore/NR_175602
NR_175609,Odontoefibula orientalis,holotype,high,GenBank /type_material qualifier,holotype of Odontoefibula orientalis,TNM:Wu 0910-57,LC363490,no,3,NR_175609 Odontoefibula orientalis TNM:Wu 0910-57 CN,https://www.ncbi.nlm.nih.gov/nuccore/NR_175609
NR_175610,Gelatinofungus brunneus,holotype,high,GenBank /type_material qualifier,holotype of Gelatinofungus brunneus,TNM:GC 1703-31,LC387339,no,3,NR_175610 - Gelatinofungus brunneus - TNM:GC 1703-31 - Nantou TW,https://www.ncbi.nlm.nih.gov/nuccore/NR_175610
NR_175631,Clitopilus lampangensis,holotype,high,GenBank /type_material qualifier,holotype of Clitopilus lampangensis,CMU:JK0147,MK764933,yes,3,NR_175631 Clitopilus lampangensis CMU:JK0147 Thailand,https://www.ncbi.nlm.nih.gov/nuccore/NR_175631
NR_175638,Clitopaxillus dabazi,holotype,high,GenBank /type_material qualifier,holotype of Clitopaxillus dabazi,BJTC:FM085,MN334167,yes,3,NR_175638 Clitopaxillus dabazi BJTC:FM085 China,https://www.ncbi.nlm.nih.gov/nuccore/NR_175638
NR_175642,Geastrum gorgonicum,holotype,high,GenBank /type_material qualifier,holotype of Geastrum gorgonicum,MA:Fungi:92118,MN754045,yes,3,NR_175642 Geastrum gorgonicum MA:Fungi:92118 Cape Verde,https://www.ncbi.nlm.nih.gov/nuccore/NR_175642
NR_175720,Amanita pseudoarenaria,holotype,high,GenBank /type_material qualifier,holotype of Amanita pseudoarenaria,PERTH:08606765,MW775312,yes,3,NR_175720 Amanita pseudoarenaria PERTH:08606765 Australia,https://www.ncbi.nlm.nih.gov/nuccore/NR_175720
NR_175722,Amanita pseudoarenaria,holotype,high,GenBank /type_material qualifier,holotype of Amanita pseudoarenaria,PERTH:08606765,MW775314,yes,3,NR_175722 Amanita pseudoarenaria PERTH:08606765 Australia,https://www.ncbi.nlm.nih.gov/nuccore/NR_175722
NR_175723,Amanita pseudoarenaria,holotype,high,GenBank /type_material qualifier,holotype of Amanita pseudoarenaria,PERTH:08606765,MW775315,yes,3,NR_175723 Amanita pseudoarenaria PERTH:08606765 Australia,https://www.ncbi.nlm.nih.gov/nuccore/NR_175723
NR_175731,Hydnum pallidocroceum,holotype,high,GenBank /type_material qualifier,holotype of Hydnum pallidocroceum,IFP:019466,MW980568,yes,3,NR_175731 Hydnum pallidocroceum IFP:019466 China,https://www.ncbi.nlm.nih.gov/nuccore/NR_175731
NR_176130,Lactarius pallidozonarius,holotype,high,GenBank /type_material qualifier,holotype of Lactarius pallidozonarius,HBAU:15004,MN658520,yes,3,NR_176130 Lactarius pallidozonarius HBAU:15004 Zhejiang CN,https://www.ncbi.nlm.nih.gov/nuccore/NR_176130
NR_176165,Inocybe morganae,holotype,high,GenBank /type_material qualifier,holotype of Inocybe morganae,STU:SMNS-STU-F-0901459,OK057143,yes,3,NR_176165 Inocybe morganae STU:SMNS-STU-F-0901459 Austria,https://www.ncbi.nlm.nih.gov/nuccore/NR_176165
NR_176175,Bonomyces squamulosus,holotype,high,GenBank /type_material qualifier,holotype of Bonomyces squamulosus,HKAS:115917,OK104074,yes,3,NR_176175.1 Bonomyces squamulosus specimen_voucher HKAS 115917 China Xinjiang holotype Bonomyces squamulosus,https://www.ncbi.nlm.nih.gov/nuccore/NR_176175
NR_176179,Inocybe floccipes,holotype,high,GenBank /type_material qualifier,holotype of Inocybe pusio var. floccipes,AH:30626,OK414030,yes,3,NR_176179 Inocybe floccipes AH:30626 Tarragona ES,https://www.ncbi.nlm.nih.gov/nuccore/NR_176179
NR_176185,Inocybe ianthinopes,holotype,high,GenBank /type_material qualifier,holotype of Inocybe ianthinopes,AH:40370,OL352086,yes,3,NR_176185 Inocybe ianthinopes AH:40370,https://www.ncbi.nlm.nih.gov/nuccore/NR_176185
NR_176712,Mallocybe crassivelata,holotype,high,GenBank /type_material qualifier,holotype of Mallocybe crassivelata,MCVE:29561,MN536812,yes,3,NR_176712 Mallocybe crassivelata MCVE:29561,https://www.ncbi.nlm.nih.gov/nuccore/NR_176712
NR_176719,Phaeoclavulina carovinacea,holotype,high,GenBank /type_material qualifier,holotype of Phaeoclavulina carovinacea,AMB:18533,MT055917,yes,3,NR_176719 Phaeoclavulina carovinacea AMB:18533 Pisa IT,https://www.ncbi.nlm.nih.gov/nuccore/NR_176719
NR_176721,Phaeoclavulina minutispora,holotype,high,GenBank /type_material qualifier,holotype of Phaeoclavulina minutispora,AMB:18586,MT055965,yes,3,NR_176721 Phaeoclavulina minutispora AMB:18586 Brindisi IT,https://www.ncbi.nlm.nih.gov/nuccore/NR_176721
NR_176722,Phaeoclavulina alboapiculata,holotype,high,GenBank /type_material qualifier,holotype of Phaeoclavulina alboapiculata,AMB:18590,MT055971,yes,3,NR_176722 Phaeoclavulina alboapiculata AMB:18590 Monza and Brianza IT,https://www.ncbi.nlm.nih.gov/nuccore/NR_176722
NR_176725,Scleroderma guzmanii,holotype,high,GenBank /type_material qualifier,holotype of Scleroderma guzmanii,OSC:41254,MT270648,yes,3,NR_176725 Scleroderma guzmanii OSC:41254 United States,https://www.ncbi.nlm.nih.gov/nuccore/NR_176725
NR_177458,Hydnum melleopallidum,holotype,high,GenBank /type_material qualifier,holotype of Hydnum melleopallidum,UBC:F17492,FJ845406,yes,3,NR_177458 Hydnum melleopallidum UBC:F17492,https://www.ncbi.nlm.nih.gov/nuccore/NR_177458
NR_177459,Hymenochaete asetosa,holotype,high,GenBank /type_material qualifier,holotype of Hydnochaete asetosa,BJFC:Dai 10756,JQ279559,yes,3,NR_177459 Hymenochaete asetosa BJFC:Dai 10756,https://www.ncbi.nlm.nih.gov/nuccore/NR_177459
NR_177523,Geastrum dolomiticum,holotype,high,GenBank /type_material qualifier,holotype of Geastrum dolomiticum,BP:111140,MT569463,yes,3,NR_177523 Geastrum dolomiticum BP:111140 Hungary: Fejer,https://www.ncbi.nlm.nih.gov/nuccore/NR_177523
NR_177567,Phellodon atroardesiacus,holotype,high,GenBank /type_material qualifier,holotype of Phellodon atroardesiacus,BJFC:035310,MZ221189,yes,3,NR_177567 Phellodon atroardesiacus BJFC:035310,https://www.ncbi.nlm.nih.gov/nuccore/NR_177567
NR_177607,Entoloma melleosquamulosum,holotype,high,GenBank /type_material qualifier,holotype of Entoloma melleosquamulosum,M:CME16,MZ611626,yes,3,NR_177607 Entoloma melleosquamulosum M:CME16 Panama,https://www.ncbi.nlm.nih.gov/nuccore/NR_177607
NR_177611,Entoloma pruinosum,holotype,high,GenBank /type_material qualifier,holotype of Entoloma pruinosum,UCH:9184,MZ611656,yes,3,NR_177611 Entoloma pruinosum UCH:9184 Panama,https://www.ncbi.nlm.nih.gov/nuccore/NR_177611
NR_177636,Phellodon perchocolatus,holotype,high,GenBank /type_material qualifier,holotype of Phellodon perchocolatus,BJFC:035397,OL449260,yes,3,NR_177636 Phellodon perchocolatus BJFC:035397,https://www.ncbi.nlm.nih.gov/nuccore/NR_177636
NR_178146,Fomitiporia ovoidospora,holotype,high,GenBank /type_material qualifier,holotype of Fomitiporia ovoidospora,BJFC:Dai 18283,MH971167,yes,3,NR_178146 Fomitiporia ovoidospora BJFC:Dai 18283 Vietnam,https://www.ncbi.nlm.nih.gov/nuccore/NR_178146
NR_182339,Suillus weaverae,holotype,high,GenBank /type_material qualifier,holotype of Fuscoboletinus weaverae,MICH:10563,MH818407,yes,3,NR_182339 Suillus weaverae MICH:10563 Minnesota US,https://www.ncbi.nlm.nih.gov/nuccore/NR_182339
NR_182385,Russula ferruginea subsp. ferruginea,holotype,high,GenBank /type_material qualifier,holotype of Russula ferruginea,HUA:Corrales 944,MZ604288,yes,3,NR_182385 Russula ferruginea subsp. ferruginea HUA:Corrales 944 Colombia,https://www.ncbi.nlm.nih.gov/nuccore/NR_182385
NR_182490,Entoloma perchalybeum,holotype,high,GenBank /type_material qualifier,holotype of Entoloma perchalybeum,GB:0209474,ON008494,yes,3,NR_182490 Entoloma perchalybeum GB:0209474 Sweden,https://www.ncbi.nlm.nih.gov/nuccore/NR_182490
NR_182518,Thaxterogaster reginae,holotype,high,GenBank /type_material qualifier,holotype of Thaxterogaster reginae,H:7017991,OP295480,yes,3,"NR_182518.1 Thaxterogaster reginae specimen_voucher H:7017991 Sweden: Bohoslan, Sotenas, Tossene, E of Bovallstrand, Hogsams bokskog holotype",https://www.ncbi.nlm.nih.gov/nuccore/NR_182518
NR_182519,Thaxterogaster ultimus,holotype,high,GenBank /type_material qualifier,holotype of Thaxterogaster ultimus,K(M):001434219,OP295481,no,3,NR_182519 Thaxterogaster ultimus K(M):001434219 Scotland GB,https://www.ncbi.nlm.nih.gov/nuccore/NR_182519
NR_182672,Entoloma conchatum,holotype,high,GenBank /type_material qualifier,holotype of Entoloma conchatum,SAAS:1712,KU312111,yes,3,NR_182672 Entoloma conchatum SAAS:1712 China,https://www.ncbi.nlm.nih.gov/nuccore/NR_182672
NR_182673,Entoloma pleurotoides,holotype,high,GenBank /type_material qualifier,holotype of Entoloma pleurotoides,SAAS:1252,KU312113,yes,3,NR_182673 Entoloma pleurotoides SAAS:1252 China,https://www.ncbi.nlm.nih.gov/nuccore/NR_182673
NR_182719,Phaeotephrocybe leucophylla,holotype,high,GenBank /type_material qualifier,holotype of Phaeotephrocybe leucophylla,CORT:014602,OM905945,yes,3,NR_182719 Phaeotephrocybe leucophylla CORT:014602 Belize,https://www.ncbi.nlm.nih.gov/nuccore/NR_182719
NR_182727,Leucoagaricus virens,holotype,high,GenBank /type_material qualifier,holotype of Leucoagaricus virens,CFSZ:19869,OM976881,yes,3,NR_182727 Leucoagaricus virens CFSZ:19869 China,https://www.ncbi.nlm.nih.gov/nuccore/NR_182727
NR_184491,Inocybe boreogodeyi,holotype,high,GenBank /type_material qualifier,holotype of Inocybe boreogodeyi,TUR:A204256,OM859009,yes,3,NR_184491 Inocybe boreogodeyi TUR:A204256 Sweden,https://www.ncbi.nlm.nih.gov/nuccore/NR_184491
NR_184879,Otidea korfii,holotype,high,GenBank /type_material qualifier,holotype of Otidea korfii,FH:Ge 1913,KU987017,yes,3,NR_184879 Otidea korfii FH:Ge 1913 Sichuan CN,https://www.ncbi.nlm.nih.gov/nuccore/NR_184879
NR_184907,Hemiaustroboletus vinaceus,holotype,high,GenBank /type_material qualifier,holotype of Hemiaustroboletus vinaceus,IBUG:AES334,MN178800,yes,3,NR_184907 Hemiaustroboletus vinaceus IBUG:AES334 Jalisco MX,https://www.ncbi.nlm.nih.gov/nuccore/NR_184907
NR_185376,Hebeloma catalaunicum,holotype,high,GenBank /type_material qualifier,holotype of Hebeloma catalaunicum,BR<BEL>:BR5020184132484,KX765794,yes,3,NR_185376 Hebeloma catalaunicum BR:BR5020184132484 Spain,https://www.ncbi.nlm.nih.gov/nuccore/NR_185376
NR_185377,Hebeloma islandicum,holotype,high,GenBank /type_material qualifier,holotype of Hebeloma islandicum,BR<BEL>:BR5020184116583,KX765799,yes,3,NR_185377 Hebeloma islandicum BR:BR5020184116583 Iceland,https://www.ncbi.nlm.nih.gov/nuccore/NR_185377
NR_185381,Phillipsia gelatinosa,type,high,GenBank /type_material qualifier,type material of Phillipsia gelatinosa,MFLU:15-2360,KY498595,yes,3,NR_185381 Phillipsia gelatinosa MFLU:15-2360,https://www.ncbi.nlm.nih.gov/nuccore/NR_185381
NR_185412,Inocybe brevispora,holotype,high,GenBank /type_material qualifier,holotype of Inocybe brevispora,L:L-0054122,MN319698,yes,3,NR_185412 Inocybe brevispora L:L-0054122 Netherlands,https://www.ncbi.nlm.nih.gov/nuccore/NR_185412
NR_185415,Inocybe neorufula,isotype,high,GenBank /type_material qualifier,isotype of Inocybe neorufula,STU:SMNS-STU-F-0901287,MT101890,yes,3,NR_185415 Inocybe neorufula STU:SMNS-STU-F-0901287 Spain,https://www.ncbi.nlm.nih.gov/nuccore/NR_185415
NR_185427,Marasmius brunneolorobustus,holotype,high,GenBank /type_material qualifier,holotype of Marasmius brunneolorobustus,BRI:AQ1018016,OK044757,yes,3,NR_185427 Marasmius brunneolorobustus BRI:AQ1018016 Queensland AU,https://www.ncbi.nlm.nih.gov/nuccore/NR_185427
NR_185546,Fistulina americana,holotype,high,GenBank /type_material qualifier,holotype of Fistulina americana,SWFC:CLZhao 147,MG231510,yes,3,NR_185546 Fistulina americana SWFC:CLZhao 147,https://www.ncbi.nlm.nih.gov/nuccore/NR_185546
NR_185628,Punctularia bambusicola,holotype,high,GenBank /type_material qualifier,holotype of Punctularia bambusicola,SWFC:CLZhao 9098,MW559983,yes,3,NR_185628 Punctularia bambusicola SWFC:CLZhao 9098 China,https://www.ncbi.nlm.nih.gov/nuccore/NR_185628
NR_185773,Volvariella variicystidiosa,holotype,high,GenBank /type_material qualifier,holotype of Volvariella variicystidiosa,LAH:37568,OP549026,yes,3,NR_185773 Volvariella variicystidiosa LAH:37568 Pakistan,https://www.ncbi.nlm.nih.gov/nuccore/NR_185773
NR_185775,Fistulina orientalis,holotype,high,GenBank /type_material qualifier,holotype of Fistulina orientalis,BJFC:038584,OP595750,yes,3,NR_185775 Fistulina orientalis BJFC:038584,https://www.ncbi.nlm.nih.gov/nuccore/NR_185775
NR_185778,Phellodon subgriseofuscus,holotype,high,GenBank /type_material qualifier,holotype of Phellodon subgriseofuscus,BJFC:027462,OP751001,yes,3,NR_185778 Phellodon subgriseofuscus BJFC:027462,https://www.ncbi.nlm.nih.gov/nuccore/NR_185778
NR_185779,Phellodon henanensis,holotype,high,GenBank /type_material qualifier,holotype of Phellodon henanensis,BJFC:045003,OP751002,yes,3,NR_185779 Phellodon henanensis BJFC:045003,https://www.ncbi.nlm.nih.gov/nuccore/NR_185779
NR_185783,Marasmius margallensis,holotype,high,GenBank /type_material qualifier,holotype of Marasmius margallensis,LAH:37597,OP804130,yes,3,NR_185783 Marasmius margallensis LAH:37597 Pakistan,https://www.ncbi.nlm.nih.gov/nuccore/NR_185783
NR_186967,Melanogaster minobovatus,holotype,high,GenBank /type_material qualifier,holotype of Melanogaster minobovatus,BJTC:FAN911,MW598541,yes,3,NR_186967 Melanogaster minobovatus BJTC:FAN911 China,https://www.ncbi.nlm.nih.gov/nuccore/NR_186967
NR_186979,Calocybe vinacea,holotype,high,GenBank /type_material qualifier,holotype of Calocybe vinacea,HMJU:5135,OK649908,yes,3,NR_186979 Calocybe vinacea HMJU:5135,https://www.ncbi.nlm.nih.gov/nuccore/NR_186979
NR_187008,Mycena polycystidiata,holotype,high,GenBank /type_material qualifier,holotype of Mycena polycystidiata,FFAAS:0417,ON427731,yes,3,NR_187008 Mycena polycystidiata FFAAS:0417,https://www.ncbi.nlm.nih.gov/nuccore/NR_187008
NR_189780,Resupinatus niger,neotype,high,GenBank /type_material qualifier,neotype of Agaricus niger,AMB:18095,KU355371,yes,3,NR_189780 Resupinatus niger AMB:18095 Italy,https://www.ncbi.nlm.nih.gov/nuccore/NR_189780
NR_189827,Dendrocorticiopsis orientalis,holotype,high,GenBank /type_material qualifier,holotype of Dendrocorticiopsis orientalis,TNM:F34448,MW580922,no,3,NR_189827 Dendrocorticiopsis orientalis TNM:F34448,https://www.ncbi.nlm.nih.gov/nuccore/NR_189827
NR_189902,Trichoglossum ailaoense,holotype,high,GenBank /type_material qualifier,holotype of Trichoglossum ailaoense,HKAS:124482,OP538029,yes,3,NR_189902 Trichoglossum ailaoense HKAS:124482 Nantou TW,https://www.ncbi.nlm.nih.gov/nuccore/NR_189902
NR_189922,Geastrum albofibrosum,holotype,high,GenBank /type_material qualifier,holotype of Geastrum albofibrosum,UFRN:Fungos:3064,OP856849,yes,3,NR_189922 Geastrum albofibrosum UFRN:Fungos:3064 Brazil,https://www.ncbi.nlm.nih.gov/nuccore/NR_189922
NR_189932,Hirschioporus acontextus,holotype,high,GenBank /type_material qualifier,holotype of Hirschioporus acontextus,BJFC:039037,OQ449141,yes,3,NR_189932 Hirschioporus acontextus BJFC:039037 China,https://www.ncbi.nlm.nih.gov/nuccore/NR_189932
NR_189947,Scytinostroma boidinii,holotype,high,GenBank /type_material qualifier,holotype of Scytinostroma boidinii,BJFC:033860,OQ731934,yes,3,NR_189947 Scytinostroma boidinii BJFC:033860 China,https://www.ncbi.nlm.nih.gov/nuccore/NR_189947
NR_189951,Amanita albifragilis,holotype,high,GenBank /type_material qualifier,holotype of Amanita albifragilis,CMUB:39994,OQ780692,yes,3,NR_189951.1 Amanita albifragilis specimen_voucher CMUB 39994 Thailand Sakon Nakhon Province holotype,https://www.ncbi.nlm.nih.gov/nuccore/NR_189951
NR_190929,Inocybe athenana,holotype,high,GenBank /type_material qualifier,holotype of Inocybe athenana,STU:SMNS-STU-F-0901238,MN512320,yes,3,NR_190929 Inocybe athenana STU:SMNS-STU-F-0901238,https://www.ncbi.nlm.nih.gov/nuccore/NR_190929
NR_190941,Calonarius subcorrosus,holotype,high,GenBank /type_material qualifier,holotype of Calonarius subcorrosus,K:M 001434093,ON843397,yes,3,NR_190941 Calonarius subcorrosus K:M 001434093 Alaska US,https://www.ncbi.nlm.nih.gov/nuccore/NR_190941
NR_191051,Hohenbuehelia grisea,epitype,high,GenBank /type_material qualifier,epitype of Pleurotus atrocoeruleus var. griseus,WU:8422,KU355330,yes,3,NR_191051 Hohenbuehelia grisea WU 8422 from TYPE material WU:8422,https://www.ncbi.nlm.nih.gov/nuccore/NR_191051
NR_191107,Pluteus podospilloides,holotype,high,GenBank /type_material qualifier,holotype of Pluteus podospilloides,LE<RUS>:313230,MT611236,yes,3,NR_191107 Pluteus podospilloides LE:313230 Vietnam,https://www.ncbi.nlm.nih.gov/nuccore/NR_191107
NR_191192,Entoloma argus,holotype,high,GenBank /type_material qualifier,holotype of Entoloma argus,LE<RUS>:F-312694,OM987263,yes,3,NR_191192 Entoloma argus LE:F-312694 Vietnam,https://www.ncbi.nlm.nih.gov/nuccore/NR_191192
NR_191206,Wawelia amyloasca,holotype,high,GenBank /type_material qualifier,holotype of Wawelia amyloasca,LE<RUS>:F-334908,OP687954,yes,3,NR_191206 Wawelia amyloasca LE F-334908 from TYPE material LE:F-334908,https://www.ncbi.nlm.nih.gov/nuccore/NR_191206
NR_191228,Pluteus subroseus,holotype,high,GenBank /type_material qualifier,holotype of Pluteus subroseus,LE<RUS>:F-347429,OQ732739,yes,3,NR_191228 Pluteus subroseus LE:F-347429,https://www.ncbi.nlm.nih.gov/nuccore/NR_191228
NR_191231,Entoloma tadungense,holotype,high,GenBank /type_material qualifier,holotype of Entoloma tadungense,LE<RUS>:F-343680,OQ779470,yes,3,NR_191231 Entoloma tadungense LE:F-343680 Vietnam,https://www.ncbi.nlm.nih.gov/nuccore/NR_191231
NR_197517,Tatraea aseptata,holotype,high,GenBank /type_material qualifier,holotype of Tatraea aseptata,HKAS:124623,OP538030,yes,3,NR_197517 Tatraea aseptata HKAS:124623 Nantou TW,https://www.ncbi.nlm.nih.gov/nuccore/NR_197517
NR_197837,Gymnopus pleurocystidiatus,holotype,high,GenBank /type_material qualifier,holotype of Gymnopus pleurocystidiatus,SFSU:BAP 651,MF100977,yes,3,NR_197837 Gymnopus pleurocystidiatus SFSU:BAP 651,https://www.ncbi.nlm.nih.gov/nuccore/NR_197837
NR_197882,Hebeloma immutabile,holotype,high,GenBank /type_material qualifier,holotype of Hebeloma immutabile,MICH:10751,OQ100106,yes,3,NR_197882 Hebeloma immutabile MICH:10751 United States,https://www.ncbi.nlm.nih.gov/nuccore/NR_197882
NR_198014,Podaxis termitophilus,holotype,high,GenBank /type_material qualifier,holotype of Podaxis termitophilus,PREM:27280,KT844863,yes,3,NR_198014 Podaxis termitophilus PREM:27280,https://www.ncbi.nlm.nih.gov/nuccore/NR_198014
NR_198047,Hygrophorus speciosus var. kauffmanii,holotype,high,GenBank /type_material qualifier,holotype of Hygrophorus speciosus var. kauffmanii,MICH:10969,MG882104,yes,3,NR_198047 Hygrophorus speciosus var. kauffmanii MICH:10969 United States,https://www.ncbi.nlm.nih.gov/nuccore/NR_198047
NR_198133,Tricholoma lutescentifolium,holotype,high,GenBank /type_material qualifier,holotype of Tricholoma lutescentifolium,DAOM:985181,MW627945,yes,3,NR_198133 Tricholoma lutescentifolium DAOM:985181 Quebec CA,https://www.ncbi.nlm.nih.gov/nuccore/NR_198133
NR_198210,Pseudohydnum cystidiatum,holotype,high,GenBank /type_material qualifier,holotype of Pseudohydnum cystidiatum,LE<RUS>:313656,OM451503,yes,3,NR_198210 Pseudohydnum cystidiatum LE:313656 Vietnam,https://www.ncbi.nlm.nih.gov/nuccore/NR_198210
NR_198211,Pseudohydnum placibile,holotype,high,GenBank /type_material qualifier,holotype of Pseudohydnum placibile,LE<RUS>:313658,OM451505,yes,3,NR_198211 Pseudohydnum placibile LE:313658 Vietnam,https://www.ncbi.nlm.nih.gov/nuccore/NR_198211
NR_198268,Lyomyces denudatus,holotype,high,GenBank /type_material qualifier,holotype of Lyomyces denudatus,H:7006820,ON980760,yes,3,NR_198268 Lyomyces denudatus H:7006820 Tierra del Fuego AR,https://www.ncbi.nlm.nih.gov/nuccore/NR_198268
NR_198269,Clitopilus highlandensis,holotype,high,GenBank /type_material qualifier,holotype of Clitopilus highlandensis,KUN:HKAS117632,ON999061,yes,3,NR_198269 Clitopilus highlandensis KUN:HKAS117632 Yunnan CN,https://www.ncbi.nlm.nih.gov/nuccore/NR_198269
NR_198273,Hohenbuehelia flabelliformis,holotype,high,GenBank /type_material qualifier,holotype of Hohenbuehelia flabelliformis,MFLU:22-0008,OP236779,yes,3,NR_198273 Hohenbuehelia flabelliformis MFLU:22-0008 Thailand,https://www.ncbi.nlm.nih.gov/nuccore/NR_198273
NR_198304,Hygrophorus pallidoagathosmus,holotype,high,GenBank /type_material qualifier,holotype of Hygrophorus pallidoagathosmus,GDGM:84702,OP547728,yes,3,NR_198304 Hygrophorus pallidoagathosmus GDGM:84702 China,https://www.ncbi.nlm.nih.gov/nuccore/NR_198304
NR_198332,Resupinatus porrigens,holotype,high,GenBank /type_material qualifier,holotype of Resupinatus porrigens,HMJU:261,OP727724,yes,3,NR_198332 Resupinatus porrigens HMJU:261 China,https://www.ncbi.nlm.nih.gov/nuccore/NR_198332
NR_198400,Nigrohirschioporus trimiticus,holotype,high,GenBank /type_material qualifier,holotype of Nigrohirschioporus trimiticus,URM<BRA>:83880,OQ453308,yes,3,NR_198400 Nigrohirschioporus trimiticus URM:83880 Brazil,https://www.ncbi.nlm.nih.gov/nuccore/NR_198400
NR_198401,Perennihirschioporus daedaleus,holotype,high,GenBank /type_material qualifier,holotype of Perennihirschioporus daedaleus,BJFC:032797,OQ474939,yes,3,NR_198401 Perennihirschioporus daedaleus BJFC:032797 Australia,https://www.ncbi.nlm.nih.gov/nuccore/NR_198401
NR_198427,Clavulinopsis bispora,holotype,high,GenBank /type_material qualifier,holotype of Clavulinopsis bispora,MHHNU:11188,OQ703782,yes,3,NR_198427 Clavulinopsis bispora MHHNU:11188 Jilin CN,https://www.ncbi.nlm.nih.gov/nuccore/NR_198427
NR_198585,Cystolepiota luteosquamulosa,holotype,high,GenBank /type_material qualifier,holotype of Cystolepiota luteosquamulosa,HMJAU:67711,OR233619,yes,3,NR_198585 Cystolepiota luteosquamulosa HMJAU:67711 China,https://www.ncbi.nlm.nih.gov/nuccore/NR_198585
NR_198632,Inocybe cistophila,holotype,high,GenBank /type_material qualifier,holotype of Inocybe cistophila,AH:56407,OR644709,yes,3,NR_198632 Inocybe cistophila AH:56407 Ciudad Real ES,https://www.ncbi.nlm.nih.gov/nuccore/NR_198632
NR_198673,Hydnum microcarpum,holotype,high,GenBank /type_material qualifier,holotype of Hydnum microcarpum,GDGM:87902,OR947116,yes,3,NR_198673 Hydnum microcarpum GDGM:87902 China,https://www.ncbi.nlm.nih.gov/nuccore/NR_198673
NR_198689,Pholiotina horchinensis,holotype,high,GenBank /type_material qualifier,holotype of Pholiotina horchinensis,HMJAU:65097,OR995697,yes,3,NR_198689 Pholiotina horchinensis HMJAU:65097,https://www.ncbi.nlm.nih.gov/nuccore/NR_198689
NR_198704,Gymnopus chowii,holotype,high,GenBank /type_material qualifier,holotype of Gymnopus chowii,HMJAU:60415,PP151495,yes,3,NR_198704 Gymnopus chowii HMJAU:60415 Jilin CN,https://www.ncbi.nlm.nih.gov/nuccore/NR_198704
NR_198764,Gymnopus spadiceus,holotype,high,GenBank /type_material qualifier,holotype of Gymnopus spadiceus,HMJAU:61205,PP646160,yes,3,NR_198764 Gymnopus spadiceus HMJAU:61205 China,https://www.ncbi.nlm.nih.gov/nuccore/NR_198764
NR_198854,Pholiota alpina,holotype,high,GenBank /type_material qualifier,holotype of Pholiota alpina,HMAS:300558,PQ099859,yes,3,NR_198854 Pholiota alpina HMAS:300558 Tibet Autonomous Region CN,https://www.ncbi.nlm.nih.gov/nuccore/NR_198854
NR_200369,Calonarius caryae,holotype,high,GenBank /type_material qualifier,holotype of Cortinarius caryae,DAOM:984903,MT607407,yes,3,NR_200369 Calonarius caryae DAOM:984903 Quebec CA,https://www.ncbi.nlm.nih.gov/nuccore/NR_200369
NR_200411,Coprinopsis sinonivea,holotype,high,GenBank /type_material qualifier,holotype of Coprinopsis sinonivea,HMJAU:46372,MW822049,yes,3,NR_200411 - Coprinopsis sinonivea - HMJAU:46372 -,https://www.ncbi.nlm.nih.gov/nuccore/NR_200411
NR_200518,Hyalorbilia yunnanensis,holotype,high,GenBank /type_material qualifier,holotype of Hyalorbilia yunnanensis,HKAS:126582,OQ158979,yes,3,NR_200518 Hyalorbilia yunnanensis HKAS:126582 Yunnan CN,https://www.ncbi.nlm.nih.gov/nuccore/NR_200518
NR_200596,Hydnellum subcaeruleum,holotype,high,GenBank /type_material qualifier,holotype of Hydnellum subcaeruleum,BJFC:Dai18976,OR814003,yes,3,NR_200596 Hydnellum subcaeruleum BJFC:Dai18976,https://www.ncbi.nlm.nih.gov/nuccore/NR_200596
NR_200609,Albatrellus olivacellus,holotype,high,GenBank /type_material qualifier,holotype of Albatrellus olivacellus,BJFC:008838,OR920855,yes,3,NR_200609 Albatrellus olivacellus BJFC:008838 China,https://www.ncbi.nlm.nih.gov/nuccore/NR_200609
NR_200610,Albatrellus subcantharellus,holotype,high,GenBank /type_material qualifier,holotype of Albatrellus subcantharellus,BJFC:031900,OR920862,yes,3,NR_200610 Albatrellus subcantharellus BJFC:031900 China,https://www.ncbi.nlm.nih.gov/nuccore/NR_200610
NR_200611,Albatrellus zhuangii,holotype,high,GenBank /type_material qualifier,holotype of Albatrellus zhuangii,IFP:Dai 5864,OR920878,yes,3,NR_200611 Albatrellus zhuangii IFP:Dai 5864 China,https://www.ncbi.nlm.nih.gov/nuccore/NR_200611
NR_200624,Sarcosphaera columbiana,holotype,high,GenBank /type_material qualifier,holotype of Sarcosphaera columbiana,PRM:946481,PP151661,yes,3,NR_200624 Sarcosphaera columbiana PRM:946481 Florida US,https://www.ncbi.nlm.nih.gov/nuccore/NR_200624
NR_200887,Russula multiseptata,holotype,high,GenBank /type_material qualifier,holotype of Russula multiseptata,L:0608654,PQ314742,yes,3,NR_200887.1 Russula multiseptata specimen_voucher L 0608654 Netherlands holotype,https://www.ncbi.nlm.nih.gov/nuccore/NR_200887
NR_200953,Naematelia sinensis,holotype,high,GenBank /type_material qualifier,holotype of Naematelia sinensis,HKAS:144465,PQ650952,yes,3,NR_200953 Naematelia sinensis HKAS:144465 China,https://www.ncbi.nlm.nih.gov/nuccore/NR_200953
NR_200985,Coprinopsis variispora,holotype,high,GenBank /type_material qualifier,holotype of Coprinopsis variispora,JBSD:130798,PQ998504,yes,3,NR_200985 - Coprinopsis variispora - JBSD:130798 - Puerto Plata DO,https://www.ncbi.nlm.nih.gov/nuccore/NR_200985
NR_201087,Cosmospora nemaniae,holotype,high,GenBank /type_material qualifier,holotype of Cosmospora nemaniae,CBS:H-25702,PV664938,yes,3,NR_201087 Cosmospora nemaniae CBS:H-25702 France,https://www.ncbi.nlm.nih.gov/nuccore/NR_201087
NR_202272,Gymnopus iodes,holotype,high,GenBank /type_material qualifier,holotype of Gymnopus iodes,HGAS:MF01-10068,OM970869,yes,3,NR_202272 Gymnopus iodes HGAS:MF01-10068 Guizhou CN,https://www.ncbi.nlm.nih.gov/nuccore/NR_202272
NR_202346,Clitocybula fuscostriata,holotype,high,GenBank /type_material qualifier,holotype of Clitocybula fuscostriata,FFAAS:1030,OR238882,yes,3,NR_202346 Clitocybula fuscostriata FFAAS:1030 China,https://www.ncbi.nlm.nih.gov/nuccore/NR_202346
NR_202349,Marasmiellomycena tomentosa,holotype,high,GenBank /type_material qualifier,holotype of Marasmiellomycena tomentosa,FFAAS:1036,OR238888,yes,3,NR_202349 Marasmiellomycena tomentosa FFAAS:1036 China,https://www.ncbi.nlm.nih.gov/nuccore/NR_202349
NR_202494,Fluctus maritimus,ex-holotype,high,GenBank /type_material qualifier,culture from holotype of Fluctus maritimus,MUM:24.48,PP992249,yes,3,NR_202494 Fluctus maritimus Portugal,https://www.ncbi.nlm.nih.gov/nuccore/NR_202494
NR_202841,Entoloma bresadolae,holotype,high,GenBank /type_material qualifier,holotype of Entoloma bresadolae,LE<RUS>:F-343756,PX412026,yes,3,NR_202841 Entoloma bresadolae LE:F-343756 Sverdlovsk RU,https://www.ncbi.nlm.nih.gov/nuccore/NR_202841
NR_202877,Geoglossum squamulosum,holotype,high,GenBank /type_material qualifier,holotype of Geoglossum squamulosum,SAV:F-11677,PX620114,yes,3,NR_202877 Geoglossum squamulosum SAV:F-11677 Cluj RO,https://www.ncbi.nlm.nih.gov/nuccore/NR_202877
NR_202962,Tremella indecorata,type,high,GenBank /type_material qualifier,type material of Tremella indecorata,NRRL:Y-17383,PZ277486,yes,3,NR_202962 Tremella indecorata British Columbia CA,https://www.ncbi.nlm.nih.gov/nuccore/NR_202962
HE649943,Tricholomopsis osiliensis,isotype,high,GenBank /type_material qualifier,isotype of Tricholomopsis osiliensis,"PRM:899461 (isotype, part of the holotype kept in TUR-A as Vauras 26540F)",,,2,"HE649943 Tricholomopsis osiliensis PRM:899461 (isotype, part of the holotype kept in TUR-A as Vauras 26540F) Estonia",https://www.ncbi.nlm.nih.gov/nuccore/HE649943
LC777686,Mycena densilamellata,holotype,high,GenBank /type_material qualifier,holotype of Mycena densilamellata,SuR20190914-112,,,2,LC777686 Mycena densilamellata SuR20190914112 Holotype Japan,https://www.ncbi.nlm.nih.gov/nuccore/LC777686
LN850556,Entoloma griseopruinatum,isotype,high,GenBank /type_material qualifier,isotype of Entoloma griseopruinatum,isotype JLC030924-8,,,2,LN850556 Entoloma griseopruinatum isotype JLC030924-8 France,https://www.ncbi.nlm.nih.gov/nuccore/LN850556
LN850584,Entoloma eminens,holotype,high,GenBank /type_material qualifier,holotype of Entoloma eminens,holotype 417/12 TUR,,,2,LN850584 Entoloma eminens holotype 417/12 TUR Finland,https://www.ncbi.nlm.nih.gov/nuccore/LN850584
NG_057806,Mytilinidion australe,type,high,GenBank /type_material qualifier,type material of Mytilidion australe,CBS:301.34,FJ161183,no,2,"NG_057806.1 Mytilinidion australe CBS 301.34 28S rRNA gene, partial sequence; from TYPE material",https://www.ncbi.nlm.nih.gov/nuccore/NG_057806
NG_057807,Mytilinidion resinicola,type,high,GenBank /type_material qualifier,type material of Mytilinidion resinicola,CBS:304.34,FJ161185,no,2,"NG_057807.1 Mytilinidion resinicola CBS 304.34 28S rRNA gene, partial sequence; from TYPE material",https://www.ncbi.nlm.nih.gov/nuccore/NG_057807
NG_057808,Mytilinidion scolecosporum,type,high,GenBank /type_material qualifier,type material of Mytilinidion scolecosporum,CBS:305.34,FJ161186,no,2,"NG_057808.1 Mytilinidion scolecosporum CBS 305.34 28S rRNA gene, partial sequence; from TYPE material",https://www.ncbi.nlm.nih.gov/nuccore/NG_057808
NG_058211,Pseudocamaropycnis pini,ex-holotype,high,GenBank /type_material qualifier,culture from holotype of Pseudocamaropycnis pini,HKUCC:10098,KU728557,no,2,"NG_058211.1 Pseudocamaropycnis pini 28S rRNA gene, partial sequence; from TYPE material",https://www.ncbi.nlm.nih.gov/nuccore/NG_058211
NG_058807,Clavaria fragilis,epitype,high,GenBank /type_material qualifier,epitype of Clavaria fragilis,BRA:CR-9726,GU299500,no,2,"NG_058807.1 Clavaria fragilis BRA CR-9726 28S rRNA gene, partial sequence; from TYPE material",https://www.ncbi.nlm.nih.gov/nuccore/NG_058807
NG_058870,Cibaomyces glutinis,holotype,high,GenBank /type_material qualifier,holotype of Cibaomyces glutinis,HKAS:80855,KJ024106,no,2,"NG_058870.1 Cibaomyces glutinis HKAS 80855 28S rRNA gene, partial sequence; from TYPE material",https://www.ncbi.nlm.nih.gov/nuccore/NG_058870
NG_064094,Lophium arboricola,type,high,GenBank /type_material qualifier,type material of Lophium arboricola,CBS:758.71,MH872091,no,2,"NG_064094.1 Lophium arboricola CBS 758.71 28S rRNA gene, partial sequence; from TYPE material",https://www.ncbi.nlm.nih.gov/nuccore/NG_064094
NG_068269,Mytilinidion didymospora,holotype,high,GenBank /type_material qualifier,holotype of Mytilinidion didymospora,MFLU:15-3252,MH535902,no,2,"NG_068269.1 Mytilinidion didymospora MFLU 15-3252 28S rRNA gene, partial sequence; from TYPE material",https://www.ncbi.nlm.nih.gov/nuccore/NG_068269
NG_073595,Pachylepyrium fulvidula,isotype,high,GenBank /type_material qualifier,isotype of Phaeomarasmius fulvidulus,MICH:11636,KF830080,no,2,"NG_073595.1 Pachylepyrium fulvidula MICH 11636 28S rRNA gene, partial sequence; from TYPE material",https://www.ncbi.nlm.nih.gov/nuccore/NG_073595
NG_077394,Hymenogaster monosporus,paratype,high,GenBank /type_material qualifier,paratype of Hymenogaster monosporus,MEL:2320845,OK159930,no,2,"NG_077394.1 Hymenogaster monosporus MEL 2320845 28S rRNA gene, partial sequence; from TYPE material",https://www.ncbi.nlm.nih.gov/nuccore/NG_077394
NG_153982,Gummiglobus joyceae,isotype,high,GenBank /type_material qualifier,isotype of Gummiglobus joyceae,MEL:2057170,OK159928,no,2,"NG_153982.1 Gummiglobus joyceae MEL 2057170 28S rRNA gene, partial sequence; from TYPE material",https://www.ncbi.nlm.nih.gov/nuccore/NG_153982
NG_244010,Bullatosporium taxicola,holotype,high,GenBank /type_material qualifier,holotype of Bullatosporium taxicola,OF:270952,PP516534,no,2,"NG_244010.1 Bullatosporium taxicola CBS 151402 28S rRNA gene, partial sequence; from TYPE material",https://www.ncbi.nlm.nih.gov/nuccore/NG_244010
NR_073211,Phaeotremella skinneri,ex-type,high,GenBank /type_material qualifier,culture from type material of Cryptococcus skinneri,CBS:5029,AF444305,yes,2,NR_073211 Phaeotremella skinneri,https://www.ncbi.nlm.nih.gov/nuccore/NR_073211
NR_111097,Gamszarella antillana,ex-type,high,GenBank /type_material qualifier,culture from type material of Verticillium antillanum,CBS:350.85,AJ292392,yes,2,NR_111097.1 Gamszarella antillana culture_collection CBS:350.85 culture from type material of Verticillium antillanum,https://www.ncbi.nlm.nih.gov/nuccore/NR_111097
NR_111389,Kodamaea plutei,ex-type,high,GenBank /type_material qualifier,culture from type material of Candida plutei,ATCC:MYA-4329,FJ623606,yes,2,NR_111389 [Candida] plutei,https://www.ncbi.nlm.nih.gov/nuccore/NR_111389
NR_111611,[Candida] smagusa,ex-type,high,GenBank /type_material qualifier,culture from type material of Candida smagusa,ATCC:MYA-4755,HQ999979,yes,2,NR_111611 [Candida] smagusa,https://www.ncbi.nlm.nih.gov/nuccore/NR_111611
NR_119426,Phialocephala lagerbergii,ex-holotype,high,GenBank /type_material qualifier,culture from holotype of Cadophora lagerbergii,CBS:266.33,AF083197,yes,2,NR_119426 Fungi,https://www.ncbi.nlm.nih.gov/nuccore/NR_119426
NR_119449,Lepiota scaberula,holotype,high,GenBank /type_material qualifier,holotype of Lepiota scaberula,UC<USA-CA>:1860006,AF391030,no,2,NR_119449 Lepiota scaberula UC:1860006 California US,https://www.ncbi.nlm.nih.gov/nuccore/NR_119449
NR_119464,Collybiopsis cylindrica,holotype,high,GenBank /type_material qualifier,holotype of Gymnopus cylindricus,TENN:058097,AF505776,yes,2,NR_119464 Gymnopus cylindricus TENN:058097 Costa Rica,https://www.ncbi.nlm.nih.gov/nuccore/NR_119464
NR_119479,Ripartitella alba,isotype,high,GenBank /type_material qualifier,isotype of Ripartitella alba,NY:80066,AM946525,no,2,NR_119479 Ripartitella alba NY 80066 from TYPE material NY:80066,https://www.ncbi.nlm.nih.gov/nuccore/NR_119479
NR_119556,Resupinatus porosus,paratype,high,GenBank /type_material qualifier,paratype of Resupinatus porosus,CFMR:PR-5832,DQ017063,yes,2,NR_119556 Fungi,https://www.ncbi.nlm.nih.gov/nuccore/NR_119556
NR_119557,Russula xerophila,holotype,high,GenBank /type_material qualifier,holotype of Gymnomyces xerophilus,OSC:82818,DQ028473,yes,2,NR_119557 Russula xerophila OSC:82218,https://www.ncbi.nlm.nih.gov/nuccore/NR_119557
NR_119679,Cortinarius albogaudis,holotype,high,GenBank /type_material qualifier,holotype of Cortinarius albogaudis,H:IK98-1233,EU266635,yes,2,NR_119679 Fungi H:IK98-1233 Finland,https://www.ncbi.nlm.nih.gov/nuccore/NR_119679
NR_119706,Crinipellis malesiana,holotype,high,GenBank /type_material qualifier,holotype of Crinipellis malesiana,BO:AR491,FJ167631,yes,2,NR_119706 Crinipellis malesiana BO:AR491,https://www.ncbi.nlm.nih.gov/nuccore/NR_119706
NR_119787,Cortinarius aegrotus,holotype,high,GenBank /type_material qualifier,holotype of Cortinarius aegrotus,PDD:27270,GU233333,yes,2,NR_119787 Cortinarius aegrotus PDD:27270 New Zealand,https://www.ncbi.nlm.nih.gov/nuccore/NR_119787
NR_119791,Phlegmacium exlugubre,holotype,high,GenBank /type_material qualifier,holotype of Cortinarius exlugubris,PDD:67181,GU233338,yes,2,NR_119791 Fungi PDD:67181 New Zealand,https://www.ncbi.nlm.nih.gov/nuccore/NR_119791
NR_119793,Cortinarius dysodes,holotype,high,GenBank /type_material qualifier,holotype of Cortinarius dysodes,PDD:70499,GU233340,yes,2,NR_119793 Cortinarius dysodes PDD:70499 New Zealand,https://www.ncbi.nlm.nih.gov/nuccore/NR_119793
NR_119795,Thaxterogaster picoides,holotype,high,GenBank /type_material qualifier,holotype of Cortinarius picoides,PDD:70501,GU233342,yes,2,NR_119795 Cortinarius picoides PDD:70501 New Zealand,https://www.ncbi.nlm.nih.gov/nuccore/NR_119795
NR_119885,Clavaria citrinorubra,holotype,high,GenBank /type_material qualifier,holotype of Clavaria citrinorubra,TENN:040464,HQ179661,yes,2,NR_119885 Clavaria citrinorubra TENN:040464 New South Wales AU,https://www.ncbi.nlm.nih.gov/nuccore/NR_119885
NR_119898,Pseudosperma aurora,isotype,high,GenBank /type_material qualifier,isotype of Inocybe aurora,WTU:F-043332,HQ201337,no,2,NR_119898 Inocybe aurora WTU:F-043332 Nova Scotia CA,https://www.ncbi.nlm.nih.gov/nuccore/NR_119898
NR_119914,Clitopilus brunnescens,isotype,high,GenBank /type_material qualifier,isotype of Rhodocybe brunnescens,TENN:056140,HQ222033,yes,2,NR_119914 Clitopilus brunnescens TENN:056140 Tennessee US,https://www.ncbi.nlm.nih.gov/nuccore/NR_119914
NR_119991,Inocybe silvae-herbaceae,holotype,high,GenBank /type_material qualifier,holotype of Inocybe silvae-herbaceae,TURA:175344,JN580852,yes,2,NR_119991 Fungi TURA:175344 Finland,https://www.ncbi.nlm.nih.gov/nuccore/NR_119991
NR_120045,Hymenochaete yunnanensis,holotype,high,GenBank /type_material qualifier,holotype of Hymenochaete yunnanensis,BJFC:He709,JQ279571,yes,2,NR_120045 Hymenochaete yunnanensis BJFC:He709,https://www.ncbi.nlm.nih.gov/nuccore/NR_120045
NR_120076,Exobasidium ferrugineae,holotype,high,GenBank /type_material qualifier,holotype of Exobasidium ferrugineae,BPI:882571,JQ611710,yes,2,NR_120076 Exobasidium ferrugineae BPI:882571 United States,https://www.ncbi.nlm.nih.gov/nuccore/NR_120076
NR_120094,Cortinarius grosmorneensis,holotype,high,GenBank /type_material qualifier,holotype of Cortinarius grosmorneensis,H:TN07-227,JQ746596,yes,2,NR_120094 Cortinarius grosmorneënsis H:TN07-227 Canada,https://www.ncbi.nlm.nih.gov/nuccore/NR_120094
NR_120115,Craterellus strigosus,holotype,high,GenBank /type_material qualifier,holotype of Craterellus strigosus,BRG:TH9204,JQ915108,no,2,NR_120115 Fungi BRG:TH9204 Guyana,https://www.ncbi.nlm.nih.gov/nuccore/NR_120115
NR_120119,Suillus ponderosus,holotype,high,GenBank /type_material qualifier,holotype of Suillus ponderosus,MICH:12305,JQ958318,yes,2,NR_120119 Suillus ponderosus MICH:12305 Oregon US,https://www.ncbi.nlm.nih.gov/nuccore/NR_120119
NR_120206,Entoloma vindobonense,holotype,high,GenBank /type_material qualifier,holotype of Entoloma vindobonense,WU:20810,JX454802,no,2,NR_120206 Entoloma vindobonense WU:20810,https://www.ncbi.nlm.nih.gov/nuccore/NR_120206
NR_120217,Plectania zugazae,holotype,high,GenBank /type_material qualifier,holotype of Plectania zugazae,personal:AVM:1467,JX669817,yes,2,NR_120217 Plectania zugazae personal:AVM:1467 Spain,https://www.ncbi.nlm.nih.gov/nuccore/NR_120217
NR_121424,Cladobotryum paravirescens,ex-holotype,high,GenBank /type_material qualifier,culture from holotype of Cladobotryum paravirescens,TFC<EST>:97-23,FN859406,no,2,NR_121424 Cladobotryum paravirescens,https://www.ncbi.nlm.nih.gov/nuccore/NR_121424
NR_121426,Cladobotryum tchimbelense,type,high,GenBank /type_material qualifier,type material of Cladobotryum tchimbelense,TFC<EST>:201146,FN859419,no,2,NR_121426 Fungi,https://www.ncbi.nlm.nih.gov/nuccore/NR_121426
NR_121464,Kodamaea ohmeri,ex-type,high,GenBank /type_material qualifier,culture from type material of Endomycopsis ohmeri,CBS:5367,GU246263,yes,2,NR_121464 Kodamaea ohmeri,https://www.ncbi.nlm.nih.gov/nuccore/NR_121464
NR_121542,Lepiota viridigleba,holotype,high,GenBank /type_material qualifier,holotype of Amogaster viridiglebus,OSC:56971,JX014271,yes,2,NR_121542 Lepiota viridigleba OSC:56971,https://www.ncbi.nlm.nih.gov/nuccore/NR_121542
NR_130201,Phlegmacium calyptratum,holotype,high,GenBank /type_material qualifier,holotype of Cortinarius calyptratus,MICH:10328,KF732273,yes,2,NR_130201 Cortinarius calyptratus MICH:10328 United States,https://www.ncbi.nlm.nih.gov/nuccore/NR_130201
NR_130203,Phlegmacium castaneicolor,holotype,high,GenBank /type_material qualifier,holotype of Cortinarius castaneicolor,MICH:10331,KF732275,yes,2,NR_130203 Cortinarius castaneicolor MICH:10331 United States,https://www.ncbi.nlm.nih.gov/nuccore/NR_130203
NR_130210,Thaxterogaster collocandoides,holotype,high,GenBank /type_material qualifier,holotype of Cortinarius collocandoides,PC:P. Moenne-Loccoz 5087,KF732287,yes,2,NR_130210 Cortinarius collocandoides PC:P. Moenne-Loccoz 5087 France,https://www.ncbi.nlm.nih.gov/nuccore/NR_130210
NR_130223,Phlegmacium griseocoeruleum,holotype,high,GenBank /type_material qualifier,holotype of Cortinarius griseocoeruleus,IB:19950685,KF732319,yes,2,NR_130223 Cortinarius griseocoeruleus IB:19950685 United States,https://www.ncbi.nlm.nih.gov/nuccore/NR_130223
NR_130234,Thaxterogaster occidentalis,holotype,high,GenBank /type_material qualifier,holotype of Cortinarius occidentalis,MICH:10382,KF732357,yes,2,NR_130234 Cortinarius occidentalis MICH:10382 United States,https://www.ncbi.nlm.nih.gov/nuccore/NR_130234
NR_130246,Thaxterogaster porphyropus,neotype,high,GenBank /type_material qualifier,neotype of Agaricus porphyropus,S:F47381,KF732387,yes,2,NR_130246 Cortinarius porphyropus S:F47381 Sweden,https://www.ncbi.nlm.nih.gov/nuccore/NR_130246
NR_130250,Phlegmacium pseudonebulare,holotype,high,GenBank /type_material qualifier,holotype of Cortinarius pseudonebularis,G:00126831,KF732398,yes,2,NR_130250 Cortinarius pseudonebularis G:00126831 France,https://www.ncbi.nlm.nih.gov/nuccore/NR_130250
NR_130261,Calonarius saxamontanus,holotype,high,GenBank /type_material qualifier,holotype of Cortinarius saxamontanus,MICH:309,KF732421,yes,2,NR_130261 Calonarius saxamontanus MICH:309 United States,https://www.ncbi.nlm.nih.gov/nuccore/NR_130261
NR_130272,Phlegmacium subsolitarium,holotype,high,GenBank /type_material qualifier,holotype of Cortinarius subsolitarius,MICH:10426,KF732452,yes,2,NR_130272 Cortinarius subsolitarius MICH:10426 United States,https://www.ncbi.nlm.nih.gov/nuccore/NR_130272
NR_130276,Phlegmacium tiliae,holotype,high,GenBank /type_material qualifier,holotype of Cortinarius tiliae,O:F59397,KF732459,yes,2,NR_130276 Cortinarius tiliae O:F59397 Norway,https://www.ncbi.nlm.nih.gov/nuccore/NR_130276
NR_130288,Phlegmacium wiebeae,holotype,high,GenBank /type_material qualifier,holotype of Cortinarius wiebeae,MICH:8051,KF732479,yes,2,NR_130288 Cortinarius wiebeae MICH:8051 United States,https://www.ncbi.nlm.nih.gov/nuccore/NR_130288
NR_131816,Cortinarius cinnamomeus,neotype,high,GenBank /type_material qualifier,neotype of Cortinarius cinnamomeus,S:F44851,JN114080,yes,2,NR_131816.1 Cortinarius cinnamomeus specimen_voucher S:F44851 Sweden neotype Cortinarius cinnamomeus,https://www.ncbi.nlm.nih.gov/nuccore/NR_131816
NR_131819,Cortinarius colymbadinus,neotype,high,GenBank /type_material qualifier,neotype of Cortinarius colymbadinus,S:F248443,JX127302,no,2,NR_131819 Cortinarius colymbadinus S:F248443 Sweden,https://www.ncbi.nlm.nih.gov/nuccore/NR_131819
NR_131832,Cortinarius ochropallens,holotype,high,GenBank /type_material qualifier,holotype of Cortinarius ochropallens,H:T. Niskanen 11-471,KF700241,no,2,NR_131832 Cortinarius ochropallens H:T. Niskanen 11-471 Florida US,https://www.ncbi.nlm.nih.gov/nuccore/NR_131832
NR_131833,Cortinarius nolaneiformis,holotype,high,GenBank /type_material qualifier,holotype of Hydrocybe nolaneiformis,PRM:J. Velenovsky 857042,KJ206486,yes,2,NR_131833 Cortinarius nolaneiformis PRM:J. Velenovsky 857042 Czech Republic,https://www.ncbi.nlm.nih.gov/nuccore/NR_131833
NR_131834,Cortinarius coracis,holotype,high,GenBank /type_material qualifier,holotype of Cortinarius coracis,H:6029672,KJ206503,no,2,NR_131834 Cortinarius coracis H:6029672 Finland,https://www.ncbi.nlm.nih.gov/nuccore/NR_131834
NR_131835,Cortinarius uraceomajalis,holotype,high,GenBank /type_material qualifier,holotype of Cortinarius uraceomajalis,BP:B. Dima 1623,KJ206508,yes,2,NR_131835 Cortinarius uraceomajalis BP:B. Dima 1623 Hungary,https://www.ncbi.nlm.nih.gov/nuccore/NR_131835
NR_131856,Cortinarius viridiflavus,holotype,high,GenBank /type_material qualifier,holotype of Cortinarius viridiflavus,WTU:J. F. Ammirati 11673,KP087980,yes,2,NR_131856 Cortinarius viridiflavus WTU:J. F. Ammirati 11673 California US,https://www.ncbi.nlm.nih.gov/nuccore/NR_131856
NR_131885,Cortinarius privignipallens,holotype,high,GenBank /type_material qualifier,holotype of Cortinarius privignipallens,H:I. Kytovuori 04-050,KP165563,yes,2,NR_131885 Cortinarius privignipallens H:I. Kytovuori 04-050 Finland,https://www.ncbi.nlm.nih.gov/nuccore/NR_131885
NR_132011,Metarhizium robertsii,ex-holotype,high,GenBank /type_material qualifier,culture from holotype of Metarhizium robertsii,ARSEF:2575,HM055443,yes,2,NR_132011 Metarhizium robertsii,https://www.ncbi.nlm.nih.gov/nuccore/NR_132011
NR_132024,Glutinoglossum heptaseptatum,holotype,high,GenBank /type_material qualifier,holotype of Glutinoglossum heptaseptatum,ILLS:63754,KC222130,yes,2,NR_132024 Glutinoglossum heptaseptatum ILLS:63754 Czech Republic,https://www.ncbi.nlm.nih.gov/nuccore/NR_132024
NR_132025,Microglossum griseoviride,holotype,high,GenBank /type_material qualifier,holotype of Microglossum griseoviride,SAV:9920,KC595249,yes,2,NR_132025 Microglossum griseoviride SAV:9920 Slovakia,https://www.ncbi.nlm.nih.gov/nuccore/NR_132025
NR_132026,Microglossum viride,epitype,high,GenBank /type_material qualifier,epitype of Clavaria viridis,SAV:10249,KC595253,yes,2,NR_132026 Microglossum viride SAV:10249 Czech Republic,https://www.ncbi.nlm.nih.gov/nuccore/NR_132026
NR_132060,Cortinarius anfractoides,holotype,high,GenBank /type_material qualifier,holotype of Cortinarius anfractoides,PC:R. Henry 1898,KF732250,yes,2,NR_132060 Cortinarius anfractoides PC:R. Henry 1898 France,https://www.ncbi.nlm.nih.gov/nuccore/NR_132060
NR_132792,Typhula maritima,paratype,high,GenBank /type_material qualifier,paratype of Typhula maritima,TNS:F-17094,AB375430,no,2,NR_132792 Typhula maritima TNS:F-17094 Hokkaidō JP,https://www.ncbi.nlm.nih.gov/nuccore/NR_132792
NR_132794,Dacrymyces ancyleus,ex-holotype,high,GenBank /type_material qualifier,culture from holotype of Dacrymyces ancyleus,MAFF:241177,AB712448,no,2,NR_132794 Dacrymyces ancyleus,https://www.ncbi.nlm.nih.gov/nuccore/NR_132794
NR_132801,Albatrellus citrinus,holotype,high,GenBank /type_material qualifier,holotype of Albatrellus citrinus,UPS:F-015546,AY198191,yes,2,NR_132801 Albatrellus citrinus UPS:F-015546,https://www.ncbi.nlm.nih.gov/nuccore/NR_132801
NR_132866,Gloeodontia eriobotryae,holotype,high,GenBank /type_material qualifier,holotype of Gloeodontia eriobotryae,BJFC:009117,JQ349116,yes,2,NR_132866 Gloeodontia eriobotryae BJFC:009117,https://www.ncbi.nlm.nih.gov/nuccore/NR_132866
NR_132919,Ganoderma destructans,ex-holotype,high,GenBank /type_material qualifier,culture from holotype of Ganoderma destructans,CBS:139793,KR183856,yes,2,NR_132919 Fungi,https://www.ncbi.nlm.nih.gov/nuccore/NR_132919
NR_135931,Phialocephala dimorphospora,ex-epitype,high,GenBank /type_material qualifier,culture from epitype of Phialocephala dimorphospora,CBS:300.62,AF486121,yes,2,NR_135931 Phialocephala dimorphospora,https://www.ncbi.nlm.nih.gov/nuccore/NR_135931
NR_136121,Mollisia nodosa,ex-holotype,high,GenBank /type_material qualifier,culture from holotype of Phialocephala nodosa,DAOM:C 250115,KP768357,yes,2,NR_136121 Phialocephala nodosa New Brunswick CA,https://www.ncbi.nlm.nih.gov/nuccore/NR_136121
NR_136122,Phialocephala catenospora,ex-holotype,high,GenBank /type_material qualifier,culture from holotype of Phialocephala catenospora,DAOM:C 250108,KP768360,yes,2,NR_136122 Phialocephala catenospora New Brunswick CA,https://www.ncbi.nlm.nih.gov/nuccore/NR_136122
NR_136141,Cookeina korfii,holotype,high,GenBank /type_material qualifier,holotype of Cookeina korfii,CUP:SA-2454,KT893781,no,2,NR_136141 Cookeina korfii CUP:SA-2454 Philippines,https://www.ncbi.nlm.nih.gov/nuccore/NR_136141
NR_137533,Cudonia sichuanensis,paratype,high,GenBank /type_material qualifier,paratype of Cudonia sichuanensis,HMAS:75141,AF433147,yes,2,NR_137533 Cudonia sichuanensis,https://www.ncbi.nlm.nih.gov/nuccore/NR_137533
NR_137613,Collybiopsis eneficola,holotype,high,GenBank /type_material qualifier,holotype of Gymnopus eneficola,TENN:69123,KJ128264,yes,2,NR_137613 Gymnopus eneficola TENN:69123 Newfoundland and Labrador CA,https://www.ncbi.nlm.nih.gov/nuccore/NR_137613
NR_137617,Fusicolla violacea,ex-holotype,high,GenBank /type_material qualifier,culture from holotype of Fusicolla violacea,CBS:634.76,KM231824,yes,2,NR_137617 Fusicolla violacea Iran,https://www.ncbi.nlm.nih.gov/nuccore/NR_137617
NR_137731,Leptoxyphium madagascariense,ex-holotype,high,GenBank /type_material qualifier,culture from holotype of Leptoxyphium madagascariense,CPC:14623,GQ303277,yes,2,NR_137731 Leptoxyphium madagascariense Madagascar,https://www.ncbi.nlm.nih.gov/nuccore/NR_137731
NR_137756,Russula jilinensis,holotype,high,GenBank /type_material qualifier,holotype of Russula jilinensis,HMAS:194253,GU966632,yes,2,NR_137756 Russula jilinensis HMAS:194253 China,https://www.ncbi.nlm.nih.gov/nuccore/NR_137756
NR_137978,Readerielliopsis fuscoporiae,ex-holotype,high,GenBank /type_material qualifier,culture from holotype of Readerielliopsis fuscoporiae,CPC:24637,KR476720,yes,2,NR_137978 Fungi,https://www.ncbi.nlm.nih.gov/nuccore/NR_137978
NR_144982,Agaricus hupohanae,holotype,high,GenBank /type_material qualifier,holotype of Agaricus hupohanae,SFSU:F-020920,KJ577974,yes,2,NR_144982 Agaricus hupohanae SFSU:F-020920 New Mexico US,https://www.ncbi.nlm.nih.gov/nuccore/NR_144982
NR_144984,Agaricus sylvaticus var. occidentalis,holotype,high,GenBank /type_material qualifier,holotype of Agaricus sylvaticus subsp. occidentalis,SFSU:F-021067,KJ577981,yes,2,NR_144984 / NR_144984.1 Agaricus sylvaticus subsp. occidentalis SFSU:F-021067 Utah US,https://www.ncbi.nlm.nih.gov/nuccore/NR_144984
NR_144987,Agaricus buckmacadooi,holotype,high,GenBank /type_material qualifier,holotype of Agaricus buckmacadooi,SFSU:F-B. McAdoo B-49,KJ609484,yes,2,NR_144987.1 Agaricus buckmacadooi TYPE WA (+BC) USA: Washington,https://www.ncbi.nlm.nih.gov/nuccore/NR_144987
NR_144988,Agaricus kriegeri,holotype,high,GenBank /type_material qualifier,holotype of Agaricus kriegeri,SFSU:F-R. W. Kerrigan 2079,KJ609500,yes,2,NR_144988.1 Agaricus kriegeri TYPE PN (2/0 buckmacadooi) USA: Pennsylvania,https://www.ncbi.nlm.nih.gov/nuccore/NR_144988
NR_144997,Agaricus gastronevadensis,holotype,high,GenBank /type_material qualifier,holotype of Agaricus gastronevadensis,SFSU:DM-Reno,KJ877761,yes,2,NR_144997 Agaricus gastronevadensis SFSU:DM-Reno Nevada US,https://www.ncbi.nlm.nih.gov/nuccore/NR_144997
NR_144999,Agaricus incultorum,holotype,high,GenBank /type_material qualifier,holotype of Agaricus incultorum,SFSU:F-021068,KJ877766,yes,2,NR_144999.1 Agaricus incultorum TYPE CA,https://www.ncbi.nlm.nih.gov/nuccore/NR_144999
NR_145000,Agaricus porphyrocephalus subsp. pallidus,holotype,high,GenBank /type_material qualifier,holotype of Agaricus porphyrocephalus var. pallidus,SFSU:F-020927,KJ877770,yes,2,NR_145000 Agaricus porphyrocephalus var. pallidus SFSU:F-020927 Pennsylvania US,https://www.ncbi.nlm.nih.gov/nuccore/NR_145000
NR_145005,Agaricus grandiomyces,holotype,high,GenBank /type_material qualifier,holotype of Agaricus grandiomyces,HMAS:275728,KM657879,yes,2,NR_145005 Agaricus grandiomyces HMAS:275728,https://www.ncbi.nlm.nih.gov/nuccore/NR_145005
NR_145006,Agaricus gregariomyces,holotype,high,GenBank /type_material qualifier,holotype of Agaricus gregariomyces,HMAS:254645,KM657880,yes,2,NR_145006 Agaricus gregariomyces HMAS:254645,https://www.ncbi.nlm.nih.gov/nuccore/NR_145006
NR_148066,Coprinopsis villosa,holotype,high,GenBank /type_material qualifier,holotype of Coprinopsis villosa,BP:SZMC-NL-1758,HQ847031,yes,2,NR_148066 Coprinopsis villosa BP:SZMC-NL-1758,https://www.ncbi.nlm.nih.gov/nuccore/NR_148066
NR_148119,Ceriporia sordescens,holotype,high,GenBank /type_material qualifier,holotype of Ceriporia sordescens,H:O. Miettinen 15492.2,KX752606,no,2,NR_148119 Ceriporia sordescens H:O. Miettinen 15492.2 United States,https://www.ncbi.nlm.nih.gov/nuccore/NR_148119
NR_148121,Ceriporia sericea,holotype,high,GenBank /type_material qualifier,holotype of Ceriporia sericea,H:V. Spirin 4944,KX752609,no,2,NR_148121 Ceriporia sericea H:V. Spirin 4944 Russia,https://www.ncbi.nlm.nih.gov/nuccore/NR_148121
NR_151650,Amanita wadulawitu,holotype,high,GenBank /type_material qualifier,holotype of Amanita wadulawitu,PERTH:8615861,JX398328,no,2,NR_151650 Amanita wadulawitu PERTH:8615861 Australia,https://www.ncbi.nlm.nih.gov/nuccore/NR_151650
NR_151748,Agaricus longistipes,holotype,high,GenBank /type_material qualifier,holotype of Agaricus longistipes,HKAS:81066,KJ755643,yes,2,NR_151748 Agaricus longistipes HKAS:81066 China,https://www.ncbi.nlm.nih.gov/nuccore/NR_151748
NR_151842,Butyriboletus roseogriseus,holotype,high,GenBank /type_material qualifier,holotype of Boletus roseogriseus,PRM:923483,KJ419927,yes,2,NR_151842 Boletus roseogriseus PRM:923483 Czech Republic,https://www.ncbi.nlm.nih.gov/nuccore/NR_151842
NR_152334,Inocybe clypeata,holotype,high,GenBank /type_material qualifier,holotype of Inocybe clypeata,PERTH:08320268,KF871781,yes,2,NR_152334 Inocybe clypeata PERTH:08320268 Western Australia AU,https://www.ncbi.nlm.nih.gov/nuccore/NR_152334
NR_152357,Inocybe lucifera,isotype,high,GenBank /type_material qualifier,isotype of Inocybe lucifera,TENN:065791,KP308763,yes,2,NR_152357 Inocybe lucifera TENN:065791 Tasmania AU,https://www.ncbi.nlm.nih.gov/nuccore/NR_152357
NR_152917,Entoloma brunneoumbonatum,holotype,high,GenBank /type_material qualifier,holotype of Entoloma brunneoumbonatum,CAL:1317,KX774266,yes,2,NR_152917 Entoloma brunneoumbonatum CAL:1317 India,https://www.ncbi.nlm.nih.gov/nuccore/NR_152917
NR_152918,Entoloma luteodiscum,holotype,high,GenBank /type_material qualifier,holotype of Entoloma luteodiscum,CAL:1312,KX774267,yes,2,NR_152918 Entoloma luteodiscum CAL:1312 India,https://www.ncbi.nlm.nih.gov/nuccore/NR_152918
NR_152939,Entoloma setastipes,holotype,high,GenBank /type_material qualifier,holotype of Entoloma setastipes,TENN:13853,LN850619,no,2,NR_152939 Entoloma setastipes TENN:13853 United States,https://www.ncbi.nlm.nih.gov/nuccore/NR_152939
NR_153002,Calonarius flavoaurantians,type,high,GenBank /type_material qualifier,type material of Cortinarius flavoaurantians,GDOR:2529,JQ928169,no,2,NR_153002 Cortinarius flavoaurantians GDOR:2529 Metropolitan CityGenoa IT,https://www.ncbi.nlm.nih.gov/nuccore/NR_153002
NR_153019,Thaxterogaster mendax,holotype,high,GenBank /type_material qualifier,holotype of Cortinarius mendax,PC:A. Bidaud 07-10-162,KF732401,yes,2,NR_153019 Cortinarius mendax PC:A. Bidaud 07-10-162 France,https://www.ncbi.nlm.nih.gov/nuccore/NR_153019
NR_153025,Calonarius frondosophilus,holotype,high,GenBank /type_material qualifier,holotype of Cortinarius frondosophilus,PC:P. Moenne-Loccoz 4817,KF732562,yes,2,NR_153025 Cortinarius frondosophilus PC:P. Moenne-Loccoz 4817 France,https://www.ncbi.nlm.nih.gov/nuccore/NR_153025
NR_153027,Cortinarius microglobisporus,holotype,high,GenBank /type_material qualifier,holotype of Cortinarius microglobisporus,IB:20110123,KF961224,yes,2,NR_153027 Cortinarius microglobisporus IB:20110123 Italy,https://www.ncbi.nlm.nih.gov/nuccore/NR_153027
NR_153029,Cortinarius palatinus,holotype,high,GenBank /type_material qualifier,holotype of Cortinarius palatinus,NY:796168,KJ920024,yes,2,NR_153029 Cortinarius palatinus NY:796168 San José CR,https://www.ncbi.nlm.nih.gov/nuccore/NR_153029
NR_153030,Cortinarius atrotomentosus,holotype,high,GenBank /type_material qualifier,holotype of Cortinarius atrotomentosus,TENN:065527,KJ920029,yes,2,NR_153030 Cortinarius atrotomentosus TENN:065527 Florida US,https://www.ncbi.nlm.nih.gov/nuccore/NR_153030
NR_153031,Cortinarius neotropicus,holotype,high,GenBank /type_material qualifier,holotype of Cortinarius neotropicus,NY:34729,KJ920032,yes,2,NR_153031 Cortinarius neotropicus NY:34729 San José CR,https://www.ncbi.nlm.nih.gov/nuccore/NR_153031
NR_153065,Aureonarius callisteus,neotype,high,GenBank /type_material qualifier,neotype of Agaricus callisteus,S:H. Lindstrom CFP1219,KU236691,yes,2,NR_153065 Cortinarius callisteus S:H. Lindstrom CFP1219 Sweden,https://www.ncbi.nlm.nih.gov/nuccore/NR_153065
NR_153066,Cortinarius hirtipes,holotype,high,GenBank /type_material qualifier,holotype of Cortinarius hirtipes,PC:P. Moenne-Locc. PML362,KU236692,yes,2,NR_153066 Cortinarius hirtipes PC:P. Moenne-Locc. PML362 France,https://www.ncbi.nlm.nih.gov/nuccore/NR_153066
NR_153067,Cortinarius citrinofulvescens,holotype,high,GenBank /type_material qualifier,holotype of Cortinarius citrinofulvescens,IB:M. Moser 19720258,KU236701,yes,2,NR_153067 Cortinarius citrinofulvescens IB:M. Moser 19720258 Austria,https://www.ncbi.nlm.nih.gov/nuccore/NR_153067
NR_153072,Cortinarius bolaris,neotype,high,GenBank /type_material qualifier,neotype of Agaricus bolaris,S:T.E. Brandrud CFP1008,KX302233,yes,2,NR_153072 Cortinarius bolaris S:T.E. Brandrud CFP1008 Sweden,https://www.ncbi.nlm.nih.gov/nuccore/NR_153072
NR_153075,Cortinarius spilomeus,neotype,high,GenBank /type_material qualifier,neotype of Agaricus spilomeus,S:T.E. Brandrud CFP1137,KX302267,yes,2,NR_153075 Cortinarius spilomeus S:T.E. Brandrud CFP1137 Sweden,https://www.ncbi.nlm.nih.gov/nuccore/NR_153075
NR_153083,Cortinarius vernalisierraensis,holotype,high,GenBank /type_material qualifier,holotype of Cortinarius vernalisierraensis,UC<USA-CA>:D. Bojantchev 33386,KX882652,yes,2,NR_153083 Cortinarius vernalisierraensis UC:D. Bojantchev 33386 California US,https://www.ncbi.nlm.nih.gov/nuccore/NR_153083
NR_153086,Cortinarius rumoribrunsi,holotype,high,GenBank /type_material qualifier,holotype of Cortinarius rumoribrunsi,UC<USA-CA>:D. Bojantchev 16540,KX882668,yes,2,NR_153086 Cortinarius rumoribrunsi UC:D. Bojantchev 16540 California US,https://www.ncbi.nlm.nih.gov/nuccore/NR_153086
NR_153087,Cortinarius vernalishastensis,holotype,high,GenBank /type_material qualifier,holotype of Cortinarius vernalishastensis,UC<USA-CA>:D. Bojantchev 00243,KX882670,yes,2,NR_153087 Cortinarius vernalishastensis UC:D. Bojantchev 00243 California US,https://www.ncbi.nlm.nih.gov/nuccore/NR_153087
NR_153092,Cortinarius turgidipes,holotype,high,GenBank /type_material qualifier,holotype of Cortinarius turgidipes,PC:A. Bidaud 93-10-425,KX964409,yes,2,NR_153092 Cortinarius turgidipes PC:A. Bidaud 93-10-425 France,https://www.ncbi.nlm.nih.gov/nuccore/NR_153092
NR_153122,Inocybe stellata,isotype,high,GenBank /type_material qualifier,isotype of Inocybe stellata,SFSU:ZT10097,GQ893008,yes,2,NR_153122 Inocybe stellata SFSU:ZT10097 Mae Hong Son TH,https://www.ncbi.nlm.nih.gov/nuccore/NR_153122
NR_153137,Inocybe ohenojae,holotype,high,GenBank /type_material qualifier,holotype of Inocybe ohenojae,OULU:E. & M. Ohenoja 2.8.1974/1,KJ399955,yes,2,NR_153137 Inocybe ohenojae OULU:E. & M. Ohenoja 2.8.1974/1 Canada,https://www.ncbi.nlm.nih.gov/nuccore/NR_153137
NR_153141,Inocybe bella,holotype,high,GenBank /type_material qualifier,holotype of Inocybe bella,HO:571334,KJ756476,yes,2,NR_153141 Inocybe bella HO:571334 Tasmania AU,https://www.ncbi.nlm.nih.gov/nuccore/NR_153141
NR_153142,Inocybe brunneidisca,isotype,high,GenBank /type_material qualifier,isotype of Inocybe brunneidisca,TENN:065798,KJ756480,yes,2,NR_153142 Inocybe brunneidisca TENN:065798 Tasmania AU,https://www.ncbi.nlm.nih.gov/nuccore/NR_153142
NR_153159,Inocybe spiniformis,isotype,high,GenBank /type_material qualifier,isotype of Inocybe spiniformis,TENN:066984,KP636867,yes,2,NR_153159 Inocybe spiniformis TENN:066984 Queensland AU,https://www.ncbi.nlm.nih.gov/nuccore/NR_153159
NR_153171,Pseudosperma luteobrunneum,holotype,high,GenBank /type_material qualifier,holotype of Inocybe luteobrunnea,CAL:1260,KX073580,yes,2,NR_153171 Pseudosperma luteobrunneum CAL 1260 from TYPE material CAL:1260,https://www.ncbi.nlm.nih.gov/nuccore/NR_153171
NR_153219,Russula chiui,holotype,high,GenBank /type_material qualifier,holotype of Russula chiui,HMAS:250410,KF225491,yes,2,NR_153219.1 Russula chiui culture_collection HMAS 250410 holotype,https://www.ncbi.nlm.nih.gov/nuccore/NR_153219
NR_153238,Pluteus hibbettii,type,high,GenBank /type_material qualifier,type material of Pluteus hibbettii,CUW:AJ794,KJ009685,yes,2,NR_153238 Pluteus hibbettii CUW:AJ794 Massachusetts US,https://www.ncbi.nlm.nih.gov/nuccore/NR_153238
NR_153249,Pluteus extremiorientalis,holotype,high,GenBank /type_material qualifier,holotype of Pluteus extremiorientalis,LE<RUS>:262872,KM658280,yes,2,NR_153249 Pluteus extremiorientalis LE:262872 Russia,https://www.ncbi.nlm.nih.gov/nuccore/NR_153249
NR_153300,Tricholoma sinopardinum,holotype,high,GenBank /type_material qualifier,holotype of Tricholoma sinopardinum,HKAS:82533,KY488552,yes,2,NR_153300 Tricholoma sinopardinum HKAS:82533 Tibet Autonomous Region CN,https://www.ncbi.nlm.nih.gov/nuccore/NR_153300
NR_153447,Lophium arboricola,type,high,GenBank /type_material qualifier,type material of Lophium arboricola,ATCC:24411,AF169307,yes,2,NR_153447.1 Lophium arboricola ATCC 24411 ITS region; from TYPE material,https://www.ncbi.nlm.nih.gov/nuccore/NR_153447
NR_153458,Radulotubus resupinatus,holotype,high,GenBank /type_material qualifier,holotype of Radulotubus resupinatus,BJFC:Cui 8383,KU535660,yes,2,NR_153458 Radulotubus resupinatus BJFC:Cui 8383 China,https://www.ncbi.nlm.nih.gov/nuccore/NR_153458
NR_153459,Pseudocamaropycnis pini,ex-holotype,high,GenBank /type_material qualifier,culture from holotype of Pseudocamaropycnis pini,HKUCC:10098,KU728518,yes,2,NR_153459.1 Pseudocamaropycnis pini ITS region; from TYPE material,https://www.ncbi.nlm.nih.gov/nuccore/NR_153459
NR_153482,Meripilus tibeticus,holotype,high,GenBank /type_material qualifier,holotype of Physisporinus tibeticus,BJFC:008319,KY131871,yes,2,NR_153482 Physisporinus tibeticus BJFC:008319,https://www.ncbi.nlm.nih.gov/nuccore/NR_153482
NR_153969,Dimorphospora foliicola,type,high,GenBank /type_material qualifier,type material of Dimorphospora foliicola,CBS:221.59,DQ202518,yes,2,NR_153969 Dimorphospora foliicola,https://www.ncbi.nlm.nih.gov/nuccore/NR_153969
NR_153985,Fumiglobus pieridicola,holotype,high,GenBank /type_material qualifier,holotype of Fumiglobus pieridicola,UBC:F23788,KF263961,yes,2,NR_153985 Fumiglobus pieridicola UBC:F23788 Canada,https://www.ncbi.nlm.nih.gov/nuccore/NR_153985
NR_153993,Diatrype iranensis,holotype,high,GenBank /type_material qualifier,holotype of Diatrypella iranensis,IRAN:16600 F,KM245033,yes,2,NR_153993 Diatrypella iranensis IRAN:16600 F Kohgiluyeh and Boyer-Ahmad IR,https://www.ncbi.nlm.nih.gov/nuccore/NR_153993
NR_153998,Flammulina velutipes var. himalayana,holotype,high,GenBank /type_material qualifier,holotype of Flammulina velutipes var. himalayana,HKAS:80829,KP867921,yes,2,NR_153998 Flammulina velutipes var. himalayana HKAS:80829 China,https://www.ncbi.nlm.nih.gov/nuccore/NR_153998
NR_154022,Farysia acheniorum,type,high,GenBank /type_material qualifier,type material of Sterigmatomyces acheniorum,CBS:6386,KY103396,yes,2,NR_154022 Farysia acheniorum United Kingdom,https://www.ncbi.nlm.nih.gov/nuccore/NR_154022
NR_154072,Hyphodontia borbonica,holotype,high,GenBank /type_material qualifier,holotype of Hyphodontia borbonica,FR:0219441,KR349240,yes,2,NR_154072 Hyphodontia borbonica FR:0219441 Reunion,https://www.ncbi.nlm.nih.gov/nuccore/NR_154072
NR_154098,Hyphodontia zhixiangii,type,high,GenBank /type_material qualifier,type material of Hyphodontia zhixiangii,IFP:LWZ 20160909-4,KY440396,yes,2,NR_154098 Hyphodontia zhixiangii IFP:LWZ 20160909-4,https://www.ncbi.nlm.nih.gov/nuccore/NR_154098
NR_154106,Hodophilus atropunctus,neotype,high,GenBank /type_material qualifier,neotype of Agaricus atropunctus,SAV:F-4842,MF043535,yes,2,NR_154106 Hodophilus atropunctus SAV:F-4842 Wales GB,https://www.ncbi.nlm.nih.gov/nuccore/NR_154106
NR_154126,Luteoporia albomarginata,type,high,GenBank /type_material qualifier,type material of Luteoporia albomarginata,BJFC:Dai 15229,KU598873,yes,2,NR_154126 Luteoporia albomarginata BJFC:Dai 15229 China,https://www.ncbi.nlm.nih.gov/nuccore/NR_154126
NR_154234,Nectriopsis fuliginicola,ex-holotype,high,GenBank /type_material qualifier,culture from holotype of Nectriopsis fuliginicola,CBS:400.82,KU382175,yes,2,NR_154234 Nectriopsis fuliginicola Russia,https://www.ncbi.nlm.nih.gov/nuccore/NR_154234
NR_154235,Nectriopsis lindauiana,ex-neotype,high,GenBank /type_material qualifier,culture from neotype of Nectriopsis lindauiana,CBS:897.70,KU382176,yes,2,NR_154235 Nectriopsis lindauiana Germany,https://www.ncbi.nlm.nih.gov/nuccore/NR_154235
NR_154412,Retiboletus sinensis,holotype,high,GenBank /type_material qualifier,holotype of Retiboletus sinensis,HKAS:83956,KP739273,yes,2,NR_154412 Retiboletus sinensis HKAS:83956 Lima Province PE,https://www.ncbi.nlm.nih.gov/nuccore/NR_154412
NR_154422,Scorias mangiferae,ex-holotype,high,GenBank /type_material qualifier,culture from holotype of Scorias mangiferae,MFLUCC:15-0230,KT588604,yes,2,NR_154422 Scorias mangiferae,https://www.ncbi.nlm.nih.gov/nuccore/NR_154422
NR_154477,Tomophagus cattienensis,type,high,GenBank /type_material qualifier,type material of Tomophagus cattienensis,TRTC:161191,JN184397,yes,2,NR_154477 Tomophagus cattienensis TRTC:161191,https://www.ncbi.nlm.nih.gov/nuccore/NR_154477
NR_154493,Tephroderma fuscopallens,holotype,high,GenBank /type_material qualifier,holotype of Tephroderma fuscopallens,LUG:18989,KJ701327,yes,2,NR_154493 Tephroderma fuscopallens LUG:18989,https://www.ncbi.nlm.nih.gov/nuccore/NR_154493
NR_154691,Amanita basiana,isotype,high,GenBank /type_material qualifier,isotype of Amanita basiana,RET:308-4,KP258986,yes,2,NR_154691 / KP258986 Amanita basiana RET:308-4 Metropolitan CityGenoa IT,https://www.ncbi.nlm.nih.gov/nuccore/NR_154691
NR_154761,Chalara pseudoaffinis,type,high,GenBank /type_material qualifier,type material of Chalara pseudoaffinis,CCF<CZE>:3979,FR667224,no,2,NR_154761 Chalara pseudoaffinis Czech Republic,https://www.ncbi.nlm.nih.gov/nuccore/NR_154761
NR_154762,Coprinopsis calospora,type,high,GenBank /type_material qualifier,type material of Coprinopsis calospora,CBS:612.91,GQ249275,yes,2,NR_154762 Coprinopsis calospora,https://www.ncbi.nlm.nih.gov/nuccore/NR_154762
NR_154908,Hymenoscyphus macrodiscus,holotype,high,GenBank /type_material qualifier,holotype of Hymenoscyphus macrodiscus,HMAS:264158,KJ472296,yes,2,NR_154908 Hymenoscyphus macrodiscus,https://www.ncbi.nlm.nih.gov/nuccore/NR_154908
NR_155026,Phanerochaete rhodella,epitype,high,GenBank /type_material qualifier,epitype of Corticium rhodellum,CFMR:FD-286,KP135191,yes,2,NR_155026 Phanerochaete rhodella CFMR:FD-286 Massachusetts US,https://www.ncbi.nlm.nih.gov/nuccore/NR_155026
NR_155125,Geastrum minutisporum,holotype,high,GenBank /type_material qualifier,holotype of Geastrum minutisporum,CORD:14,KM260664,yes,2,NR_155125 Geastrum minutisporum CORD:14,https://www.ncbi.nlm.nih.gov/nuccore/NR_155125
NR_155129,Glutinoglossum australasicum,holotype,high,GenBank /type_material qualifier,holotype of Glutinoglossum australasicum,PDD:103623,KP690088,yes,2,NR_155129 Glutinoglossum australasicum PDD:103623 New Zealand,https://www.ncbi.nlm.nih.gov/nuccore/NR_155129
NR_155153,Parahypoxylon papillatum,ex-epitype,high,GenBank /type_material qualifier,culture from epitype of Hypoxylon papillatum,ATCC:58729,KC968919,yes,2,NR_155153 Hypoxylon papillatum,https://www.ncbi.nlm.nih.gov/nuccore/NR_155153
NR_155173,Hypoxylon pseudefendleri,holotype,high,GenBank /type_material qualifier,holotype of Hypoxylon pseudefendleri,MFLU:15-1200,KU940156,yes,2,NR_155173 Hypoxylon pseudefendleri MFLU:15-1200 Thailand,https://www.ncbi.nlm.nih.gov/nuccore/NR_155173
NR_155240,Kodamaea kakaduensis,type,high,GenBank /type_material qualifier,type material of Kodamaea kakaduensis,CBS:8611,KY103866,yes,2,NR_155240 Kodamaea kakaduensis Australia,https://www.ncbi.nlm.nih.gov/nuccore/NR_155240
NR_155241,Kodamaea nitidulidarum,ex-holotype,high,GenBank /type_material qualifier,culture from holotype of Kodamaea nitidulidarum,CBS:8491,KY103867,yes,2,NR_155241 Kodamaea nitidulidarum Brazil,https://www.ncbi.nlm.nih.gov/nuccore/NR_155241
NR_155316,Leptoxyphium glochidion,ex-holotype,high,GenBank /type_material qualifier,culture from holotype of Leptoxyphium glochidion,IFRDCC:2651,KF982307,yes,2,NR_155316 Leptoxyphium glochidion,https://www.ncbi.nlm.nih.gov/nuccore/NR_155316
NR_155609,Phialocephala botulispora,type,high,GenBank /type_material qualifier,type material of Phialocephala botulispora,DAOM:75261,AF083198,yes,2,NR_155609 Phialocephala botulispora,https://www.ncbi.nlm.nih.gov/nuccore/NR_155609
NR_155649,Phylloporus gajari,holotype,high,GenBank /type_material qualifier,holotype of Phylloporus gajari,HKAS:81585,KP780419,yes,2,NR_155649 Phylloporus gajari HKAS:81585 Bangladesh,https://www.ncbi.nlm.nih.gov/nuccore/NR_155649
NR_155680,Phaeotremella pseudofoliacea,type,high,GenBank /type_material qualifier,type material of Phaeotremella pseudofoliacea,CBS:6969,KY104494,yes,2,NR_155680 Phaeotremella frondosa Canada,https://www.ncbi.nlm.nih.gov/nuccore/NR_155680
NR_155889,Tremella globispora,type,high,GenBank /type_material qualifier,type material of Tremella globispora,CBS:6972,FJ534883,yes,2,NR_155889 Tremella globispora TYPE EU,https://www.ncbi.nlm.nih.gov/nuccore/NR_155889
NR_155933,Tremella cinnabarina,type,high,GenBank /type_material qualifier,type material of Tremella cinnabarina,CBS:8234,KY105677,yes,2,NR_155933 Tremella cinnabarina,https://www.ncbi.nlm.nih.gov/nuccore/NR_155933
NR_155935,Tremella flava,type,high,GenBank /type_material qualifier,type material of Tremella flava,CBS:8471,KY105681,yes,2,NR_155935 Tremella flava Taiwan,https://www.ncbi.nlm.nih.gov/nuccore/NR_155935
NR_155936,Tremella fuciformis,type,high,GenBank /type_material qualifier,type material of Tremella fuciformis,CBS:6970,KY105683,yes,2,NR_155936 Tremella fuciformis Taiwan,https://www.ncbi.nlm.nih.gov/nuccore/NR_155936
NR_156314,Middelhovenomyces petrohuensis,type,high,GenBank /type_material qualifier,type material of Middelhovenomyces petrohuensis,CBS:8173,KY104263,yes,2,NR_156314 Middelhovenomyces petrohuensis Chile,https://www.ncbi.nlm.nih.gov/nuccore/NR_156314
NR_156340,Maublancomyces khanspurensis,holotype,high,GenBank /type_material qualifier,holotype of Gyromitra khanspurensis,LAH:35074,MF116159,yes,2,NR_156340 Gyromitra khanspurensis LAH:35074,https://www.ncbi.nlm.nih.gov/nuccore/NR_156340
NR_156601,Sarcoscypha tatakensis,holotype,high,GenBank /type_material qualifier,holotype of Sarcoscypha tatakensis,TNM:F0993,KT716836,yes,2,NR_156601 Sarcoscypha tatakensis TNM:F0993 Taiwan,https://www.ncbi.nlm.nih.gov/nuccore/NR_156601
NR_156635,Rhodocollybia brevipes,type,high,GenBank /type_material qualifier,type material of Rhodocollybia brevipes,CAL:1525,MF803834,yes,2,NR_156635 Rhodocollybia brevipes CAL:1525 India,https://www.ncbi.nlm.nih.gov/nuccore/NR_156635
NR_156637,Stropharia acanthostipitata,holotype,high,GenBank /type_material qualifier,holotype of Stropharia acanthostipitata,JBSD:127401,MF882992,yes,2,NR_156637 Stropharia acanthostipitata JBSD:127401 Dominican Republic,https://www.ncbi.nlm.nih.gov/nuccore/NR_156637
NR_157867,Cortinarius cisqhale,holotype,high,GenBank /type_material qualifier,holotype of Cortinarius cisqhale,UC<USA-CA>:1860822,JF795387,yes,2,NR_157867 Cortinarius cisqhale UC:1860822 California US,https://www.ncbi.nlm.nih.gov/nuccore/NR_157867
NR_157875,Thaxterogaster peristeris,holotype,high,GenBank /type_material qualifier,holotype of Cortinarius peristeris,PDD:88270,JQ287677,yes,2,NR_157875 Cortinarius peristeris PDD:88270 Southland NZ,https://www.ncbi.nlm.nih.gov/nuccore/NR_157875
NR_157882,Cortinarius eldoradoensis,holotype,high,GenBank /type_material qualifier,holotype of Cortinarius eldoradoensis,UC<USA-CA>:1861350,JQ906746,yes,2,NR_157882 Cortinarius eldoradoensis UC:1861350 California US,https://www.ncbi.nlm.nih.gov/nuccore/NR_157882
NR_157888,Phlegmacium cupreonatum,holotype,high,GenBank /type_material qualifier,holotype of Cortinarius cupreonatus,PDD:70503,JX000350,yes,2,NR_157888 Cortinarius cupreonatus PDD:70503 New Zealand,https://www.ncbi.nlm.nih.gov/nuccore/NR_157888
NR_157891,Thaxterogaster kaimanawa,holotype,high,GenBank /type_material qualifier,holotype of Cortinarius kaimanawa,PDD:73133,JX000353,yes,2,NR_157891 Cortinarius kaimanawa PDD:73133 New Zealand,https://www.ncbi.nlm.nih.gov/nuccore/NR_157891
NR_157929,Cortinarius claviceps,holotype,high,GenBank /type_material qualifier,holotype of Cortinarius claviceps,G:286395_1,KF732286,yes,2,NR_157929 Cortinarius claviceps G:286395_1 France,https://www.ncbi.nlm.nih.gov/nuccore/NR_157929
NR_157934,Phlegmacium cupreoviolaceum,holotype,high,GenBank /type_material qualifier,holotype of Cortinarius cupreoviolaceus,G:287125_1,KF732295,yes,2,NR_157934 Cortinarius cupreoviolaceus G:287125_1 France,https://www.ncbi.nlm.nih.gov/nuccore/NR_157934
NR_157937,Thaxterogaster genuinus,holotype,high,GenBank /type_material qualifier,holotype of Cortinarius genuinus,PC:X. Carteret 2005-132,KF732311,yes,2,NR_157937 Cortinarius genuinus PC:X. Carteret 2005-132 France,https://www.ncbi.nlm.nih.gov/nuccore/NR_157937
NR_157938,Phlegmacium glaucopoides,holotype,high,GenBank /type_material qualifier,holotype of Cortinarius glaucopoides,MICH:10358,KF732314,yes,2,NR_157938 Cortinarius glaucopoides MICH:10358 United States,https://www.ncbi.nlm.nih.gov/nuccore/NR_157938
NR_157939,Phlegmacium gratum,holotype,high,GenBank /type_material qualifier,holotype of Cortinarius gratus,PC:P. Moenne-Loccoz 85,KF732318,yes,2,NR_157939 Cortinarius gratus PC:P. Moenne-Loccoz 85 France,https://www.ncbi.nlm.nih.gov/nuccore/NR_157939
NR_157946,Thaxterogaster mutabilis,holotype,high,GenBank /type_material qualifier,holotype of Cortinarius mutabilis,MICH:10379,KF732353,yes,2,NR_157946 Cortinarius mutabilis MICH:10379 United States,https://www.ncbi.nlm.nih.gov/nuccore/NR_157946
NR_157967,Phlegmacium subspadiceum,holotype,high,GenBank /type_material qualifier,holotype of Cortinarius subspadiceus,G:295709_1,KF732453,yes,2,NR_157967 Cortinarius subspadiceus G:295709_1 France,https://www.ncbi.nlm.nih.gov/nuccore/NR_157967
NR_157971,Phlegmacium veneris,holotype,high,GenBank /type_material qualifier,holotype of Cortinarius veneris,G:295754_1,KF732471,yes,2,NR_157971 Cortinarius veneris G:295754_1 France,https://www.ncbi.nlm.nih.gov/nuccore/NR_157971
NR_157974,Cortinarius paranomalus,holotype,high,GenBank /type_material qualifier,holotype of Cortinarius paranomalus,G:GK 1142,KX964356,yes,2,NR_157974 Cortinarius paranomalus G:GK 1142 France,https://www.ncbi.nlm.nih.gov/nuccore/NR_157974
NR_158316,Amanita alpinicola,holotype,high,GenBank /type_material qualifier,holotype of Amanita alpinicola,MONT:CLC2376,KR152655,yes,2,NR_158316 Amanita alpinicola MONT:CLC2376 Montana US,https://www.ncbi.nlm.nih.gov/nuccore/NR_158316
NR_158338,Agaricus lusitanicus,holotype,high,GenBank /type_material qualifier,holotype of Agaricus lusitanicus,LIP:0001283,KY474567,yes,2,NR_158338 Agaricus lusitanicus LIP:0001283 Portugal,https://www.ncbi.nlm.nih.gov/nuccore/NR_158338
NR_158354,Atraporiella yunnanensis,type,high,GenBank /type_material qualifier,type material of Atraporiella yunnanensis,SWFC:CLZhao 605,MF962483,yes,2,NR_158354 Atraporiella yunnanensis SWFC:CLZhao 605 China,https://www.ncbi.nlm.nih.gov/nuccore/NR_158354
NR_158489,Hydnum neorepandum,holotype,high,GenBank /type_material qualifier,holotype of Hydnum neorepandum,H:7043726,KX388659,yes,2,NR_158489 Hydnum washingtonianum H:7043726 Newfoundland and Labrador CA,https://www.ncbi.nlm.nih.gov/nuccore/NR_158489
NR_158493,Hydnum jussii,holotype,high,GenBank /type_material qualifier,holotype of Hydnum jussii,H:6003709,KX388665,yes,2,NR_158493 Hydnum jussii H:6003709 Finland,https://www.ncbi.nlm.nih.gov/nuccore/NR_158493
NR_158846,Phaeotremella eugeniae,holotype,high,GenBank /type_material qualifier,holotype of Phaeotremella eugeniae,LE<RUS>:303429,MF076904,yes,2,NR_158846 Phaeotremella eugeniae LE:303429,https://www.ncbi.nlm.nih.gov/nuccore/NR_158846
NR_158847,Phaeotremella foliacea,epitype,high,GenBank /type_material qualifier,epitype of Tremella foliacea,H:7005546,MF076916,yes,2,NR_158847 Phaeotremella foliacea H:7005546,https://www.ncbi.nlm.nih.gov/nuccore/NR_158847
NR_158848,Phaeotremella fimbriata,epitype,high,GenBank /type_material qualifier,epitype of Tremella fimbriata,O:Spirin 11139,MF076922,yes,2,NR_158848 Phaeotremella fimbriata O:Spirin 11139,https://www.ncbi.nlm.nih.gov/nuccore/NR_158848
NR_158854,Peziza retrocurvatoides,holotype,high,GenBank /type_material qualifier,holotype of Peziza retrocurvatoides,LY:N.V. 2015.10.01,MF509778,yes,2,NR_158854 Peziza retrocurvatoides LY:N.V. 2015.10.01 Isère FR,https://www.ncbi.nlm.nih.gov/nuccore/NR_158854
NR_158906,Rhizopogon jiyaozi,holotype,high,GenBank /type_material qualifier,holotype of Rhizopogon jiyaozi,YAAS:L2929,KP893830,yes,2,NR_158906 Rhizopogon jiyaozi YAAS:L2929,https://www.ncbi.nlm.nih.gov/nuccore/NR_158906
NR_158907,Pseudoomphalina umbrinopurpurascens,epitype,high,GenBank /type_material qualifier,epitype of Pseudoomphalina umbrinopurpurascens,MCVE:28275,KP987552,yes,2,NR_158907 Pseudoomphalina umbrinopurpurascens MCVE:28275 Italy,https://www.ncbi.nlm.nih.gov/nuccore/NR_158907
NR_158923,Polyporus ulleungus,type,high,GenBank /type_material qualifier,type material of Polyporus ulleungus,SFC:20120814-41,KY038467,yes,2,NR_158923 Polyporus ulleungus SFC:20120814-41 South Korea,https://www.ncbi.nlm.nih.gov/nuccore/NR_158923
NR_158940,Phylloporia pendula,holotype,high,GenBank /type_material qualifier,holotype of Phylloporia pendula,BJFC:020710,MF410320,yes,2,NR_158940 Phylloporia pendula BJFC:020710 China,https://www.ncbi.nlm.nih.gov/nuccore/NR_158940
NR_158941,Phylloporia pseudopectinata,holotype,high,GenBank /type_material qualifier,holotype of Phylloporia pseudopectinata,BJFC:020713,MF410323,yes,2,NR_158941 Phylloporia pseudopectinata BJFC:020713 China,https://www.ncbi.nlm.nih.gov/nuccore/NR_158941
NR_158946,Cyanosporus arbuti,holotype,high,GenBank /type_material qualifier,holotype of Postia arbuti,H:7008651,MG137039,yes,2,NR_158946 Postia arbuti H:7008651 Maine US,https://www.ncbi.nlm.nih.gov/nuccore/NR_158946
NR_158948,Cyanosporus bifarius,holotype,high,GenBank /type_material qualifier,holotype of Postia bifaria,H:7008646,MG137043,yes,2,NR_158948 Postia bifaria H:7008646 Primorsky Krai RU,https://www.ncbi.nlm.nih.gov/nuccore/NR_158948
NR_158950,Cyanosporus comatus,holotype,high,GenBank /type_material qualifier,holotype of Postia comata,H:7005691,MG137066,yes,2,NR_158950 Cyanosporus comatus H:7005691 Massachusetts US,https://www.ncbi.nlm.nih.gov/nuccore/NR_158950
NR_159565,Acervus globulosus,holotype,high,GenBank /type_material qualifier,holotype of Acervus globulosus,HKAS:88987,MG871290,yes,2,NR_159565 Acervus globulosus HKAS:88987,https://www.ncbi.nlm.nih.gov/nuccore/NR_159565
NR_159567,Amanita griseofusca,holotype,high,GenBank /type_material qualifier,holotype of Amanita griseofusca,SWAT:000137,MH241057,yes,2,NR_159567 Amanita griseofusca SWAT:000137 Pakistan,https://www.ncbi.nlm.nih.gov/nuccore/NR_159567
NR_159624,Armillaria borealis,type,high,GenBank /type_material qualifier,type material of Armillaria borealis,CBS:155.83,MH861561,yes,2,NR_159624 Armillaria borealis Finland,https://www.ncbi.nlm.nih.gov/nuccore/NR_159624
NR_159770,Cladobotryum apiculatum,type,high,GenBank /type_material qualifier,type material of Cylindrophora apiculata,CBS:174.56,MH857566,yes,2,NR_159770 Cladobotryum apiculatum Japan,https://www.ncbi.nlm.nih.gov/nuccore/NR_159770
NR_159780,Chaetomium microascoides,type,high,GenBank /type_material qualifier,type material of Chaetomium microascoides,CBS:236.80,MH861259,yes,2,NR_159780 Fungi Spain,https://www.ncbi.nlm.nih.gov/nuccore/NR_159780
NR_159788,Blackwellomyces cardinalis,ex-holotype,high,GenBank /type_material qualifier,culture from holotype of Cordyceps cardinalis,CBS:113411,MH862928,yes,2,NR_159788 Fungi Tennessee US,https://www.ncbi.nlm.nih.gov/nuccore/NR_159788
NR_160221,Pyrenomyxa morganii,holotype,high,GenBank /type_material qualifier,holotype of Pyrenomyxa morganii,CBS:118186,MH863028,yes,2,NR_160221 Pyrenomyxa morganii Russia,https://www.ncbi.nlm.nih.gov/nuccore/NR_160221
NR_160460,Lactarius kumaonensis,holotype,high,GenBank /type_material qualifier,holotype of Lactarius kumaonensis,CAL:1400,KY510833,yes,2,NR_160460 Lactarius kumaonensis CAL:1400 Uttarakhand IN,https://www.ncbi.nlm.nih.gov/nuccore/NR_160460
NR_160469,Inocybe turbata,holotype,high,GenBank /type_material qualifier,holotype of Inocybe turbata,PDD:82818,KY827281,yes,2,NR_160469 Fungi,https://www.ncbi.nlm.nih.gov/nuccore/NR_160469
NR_160470,Inocybe intermedia,holotype,high,GenBank /type_material qualifier,holotype of Inocybe intermedia,PDD:71150,KY827288,yes,2,NR_160470 Inocybe intermedia PDD:71150 New Zealand,https://www.ncbi.nlm.nih.gov/nuccore/NR_160470
NR_160491,Harmajaea guldeniae,holotype,high,GenBank /type_material qualifier,holotype of Harmajaea guldeniae,H:6067455,MG321361,yes,2,NR_160491 Harmajaea guldeniae H:6067455,https://www.ncbi.nlm.nih.gov/nuccore/NR_160491
NR_160504,Psathyrella jilinensis,holotype,high,GenBank /type_material qualifier,holotype of Psathyrella jilinensis,HMJAU:37822,MG734717,yes,2,NR_160504 Psathyrella jilinensis HMJAU:37822 China,https://www.ncbi.nlm.nih.gov/nuccore/NR_160504
NR_160556,Aureonarius neocallisteus,holotype,high,GenBank /type_material qualifier,holotype of Cortinarius neocallisteus,UBC:F18486,FJ157127,yes,2,NR_160556 Cortinarius neocallisteus UBC:F18486 Canada,https://www.ncbi.nlm.nih.gov/nuccore/NR_160556
NR_160563,Inocybe nothomixtilis,holotype,high,GenBank /type_material qualifier,holotype of Inocybe nothomixtilis,AH:24510,KX290780,yes,2,NR_160563 Inocybe nothomixtilis AH:24510 Biscay ES,https://www.ncbi.nlm.nih.gov/nuccore/NR_160563
NR_160618,Lepiota venenata,holotype,high,GenBank /type_material qualifier,holotype of Lepiota venenata,HKAS:101874,MH107234,yes,2,NR_160618 Lepiota venenata HKAS:101874 Hubei CN,https://www.ncbi.nlm.nih.gov/nuccore/NR_160618
NR_160627,Inocybe subtrivialis,holotype,high,GenBank /type_material qualifier,holotype of Inocybe subtrivialis,AH:19225,MH496013,yes,2,NR_160627 Inocybe subtrivialis AH:19225 Toledo ES,https://www.ncbi.nlm.nih.gov/nuccore/NR_160627
NR_160628,Agaricus duplocingulatoides,holotype,high,GenBank /type_material qualifier,holotype of Agaricus duplocingulatoides,CUH:AM537,MH511677,yes,2,NR_160628 / MH511804 / MH511677 Agaricus duplocingulatoides CUH:AM537 India,https://www.ncbi.nlm.nih.gov/nuccore/NR_160628
NR_161034,Fusicolla ossicola,holotype,high,GenBank /type_material qualifier,holotype of Fusicolla ossicola,LIP:CLL15074,MF628022,yes,2,NR_161034 Fusicolla ossicola LIP:CLL15074 Belgium,https://www.ncbi.nlm.nih.gov/nuccore/NR_161034
NR_161114,Hygrocybe indica,holotype,high,GenBank /type_material qualifier,holotype of Hygrocybe indica,CAL:1726,MH938535,yes,2,NR_161114.1 Hygrocybe indica CAL 1726 ITS region; from TYPE material,https://www.ncbi.nlm.nih.gov/nuccore/NR_161114
NR_163277,Inocybe cicatricata,isotype,high,GenBank /type_material qualifier,isotype of Inocybe cicatricata,MICH:11045,JN580883,yes,2,NR_163277 Inocybe cicatricata TYPE USA,https://www.ncbi.nlm.nih.gov/nuccore/NR_163277
NR_163283,Rhodocybe griseonigrella,holotype,high,GenBank /type_material qualifier,holotype of Clitopilus griseonigrellus,LIP:JVG 1081204,KU862859,yes,2,NR_163283 Rhodocybe griseonigrella LIP:JVG 1081204 Spain,https://www.ncbi.nlm.nih.gov/nuccore/NR_163283
NR_163284,Ophiocordyceps neonutans,holotype,high,GenBank /type_material qualifier,holotype of Ophiocordyceps neonutans,FLOR:57336,KX197239,yes,2,NR_163284 Ophiocordyceps neonutans FLOR:57336 Brazil,https://www.ncbi.nlm.nih.gov/nuccore/NR_163284
NR_163301,Mycena guzmanii,type,high,GenBank /type_material qualifier,type material of Mycena guzmanii,XAL:A. Cortes-Perez 1685,MG926695,yes,2,NR_163301 Mycena guzmanii XAL:A. Cortes-Perez 1685 Mexico,https://www.ncbi.nlm.nih.gov/nuccore/NR_163301
NR_163317,Hodophilus fuscofoetens,holotype,high,GenBank /type_material qualifier,holotype of Hodophilus fuscofoetens,AH:49169,MK139793,yes,2,NR_163317 Hodophilus fuscofoetens AH:49169 Spain,https://www.ncbi.nlm.nih.gov/nuccore/NR_163317
NR_163761,Butyriboletus huangnianlaii,holotype,high,GenBank /type_material qualifier,holotype of Butyriboletus huangnianlaii,FHMU:2207,MH885351,yes,2,NR_163761 Butyriboletus huangnianlaii FHMU:2207 Lima Province PE,https://www.ncbi.nlm.nih.gov/nuccore/NR_163761
NR_164023,Tricholoma smithii,holotype,high,GenBank /type_material qualifier,holotype of Tricholoma smithii,DBG:CLO4510,MG719956,yes,2,NR_164023 Tricholoma smithii DBG:CLO4510 New Mexico US,https://www.ncbi.nlm.nih.gov/nuccore/NR_164023
NR_164026,Hydnum umbilicatum,epitype,high,GenBank /type_material qualifier,epitype of Hydnum umbilicatum,CORT:012241,MH379890,yes,2,NR_164026.1 Hydnum umbilicatum CORT 012241 ITS region; from TYPE material,https://www.ncbi.nlm.nih.gov/nuccore/NR_164026
NR_164027,Hydnum ferruginescens,holotype,high,GenBank /type_material qualifier,holotype of Hydnum ferruginescens,TENN:073549,MH379905,yes,2,NR_164027 Hydnum ferruginescens TENN:073549 North Carolina US,https://www.ncbi.nlm.nih.gov/nuccore/NR_164027
NR_164094,Dacrymyces stenosporus,holotype,high,GenBank /type_material qualifier,holotype of Dacrymyces stenosporus,PDD:105018,LC131433,no,2,NR_164094 Dacrymyces stenosporus PDD:105018 New Zealand,https://www.ncbi.nlm.nih.gov/nuccore/NR_164094
NR_164222,Coemansia pennisetoides,ex-holotype,high,GenBank /type_material qualifier,culture from holotype of Coemansia pennisetoides,BCRC:34192,KC286513,yes,2,NR_164222.1 Coemansia pennisetoides culture_collection BCRC:34192 Taiwan holotype,https://www.ncbi.nlm.nih.gov/nuccore/NR_164222
NR_164223,Coemansia umbellata,ex-holotype,high,GenBank /type_material qualifier,culture from holotype of Coemansia umbellata,BCRC:34882,KC503964,yes,2,NR_164223.1 Coemansia umbellata culture_collection BCRC:34882 Taiwan holotype,https://www.ncbi.nlm.nih.gov/nuccore/NR_164223
NR_164239,Cyanoboletus hymenoglutinosus,type,high,GenBank /type_material qualifier,type material of Cyanoboletus hymenoglutinosus,CAL:DC 14-010,KT907355,yes,2,NR_164239 Cyanoboletus hymenoglutinosus CAL:DC 14-010 India,https://www.ncbi.nlm.nih.gov/nuccore/NR_164239
NR_164242,Rhytidhysteron neorufulum,ex-holotype,high,GenBank /type_material qualifier,culture from holotype of Rhytidhysteron neorufulum,MFLUCC:13-0216,KU377561,yes,2,NR_164242 Rhytidhysteron neorufulum Thailand,https://www.ncbi.nlm.nih.gov/nuccore/NR_164242
NR_164252,Phialocephala lignicola,ex-holotype,high,GenBank /type_material qualifier,culture from holotype of Fuscosclera lignicola,CBS:142287,KY853444,yes,2,NR_164252 Phialocephala lignicola Biscay ES,https://www.ncbi.nlm.nih.gov/nuccore/NR_164252
NR_164431,Tolypocladium geodes,type,high,GenBank /type_material qualifier,type material of Tolypocladium geodes,CBS:723.70,MH859919,yes,2,NR_164431 Fungi Netherlands,https://www.ncbi.nlm.nih.gov/nuccore/NR_164431
NR_164534,Cosmospora micropedis,ex-holotype,high,GenBank /type_material qualifier,culture from holotype of Cosmospora micropedis,NY:GJS 3182,KJ676161,yes,2,NR_164534 Cosmospora micropedis NY:GJS 3182 French Guiana,https://www.ncbi.nlm.nih.gov/nuccore/NR_164534
NR_164539,Lactifluus bhandaryi,holotype,high,GenBank /type_material qualifier,holotype of Lactifluus bhandaryi,TENN:051830,KR364111,yes,2,NR_164539 Lactifluus bhandaryi TENN:051830 Nepal,https://www.ncbi.nlm.nih.gov/nuccore/NR_164539
NR_165214,Neohygrocybe griseonigra,holotype,high,GenBank /type_material qualifier,holotype of Neohygrocybe griseonigra,GDGM:44492,MG779451,yes,2,NR_165214.1 Neohygrocybe griseonigra GDGM 44492 ITS region; from TYPE material,https://www.ncbi.nlm.nih.gov/nuccore/NR_165214
NR_165228,Calvatia brasiliensis,holotype,high,GenBank /type_material qualifier,holotype of Calvatia brasiliensis,UFRN:Fungos:3039,MK660493,yes,2,NR_165228 Calvatia brasiliensis UFRN:Fungos 3039 Brazil,https://www.ncbi.nlm.nih.gov/nuccore/NR_165228
NR_166252,Lactarius ciliatus,holotype,high,GenBank /type_material qualifier,holotype of Lactarius ciliatus,HCCN:11325,MH984935,yes,2,NR_166252 Lactarius ciliatus HCCN:11325 South Korea,https://www.ncbi.nlm.nih.gov/nuccore/NR_166252
NR_166280,Geastrum aculeatum,holotype,high,GenBank /type_material qualifier,holotype of Geastrum aculeatum,UFRN:Fungos:1681,MK940899,yes,2,NR_166280 Geastrum aculeatum UFRN:Fungos:1681 Brazil,https://www.ncbi.nlm.nih.gov/nuccore/NR_166280
NR_167685,Epichloe hybrida,holotype,high,GenBank /type_material qualifier,holotype of Epichloe hybrida,ATCC:TSD-66,KU710347,yes,2,NR_167685 Epichloe hybrida,https://www.ncbi.nlm.nih.gov/nuccore/NR_167685
NR_167947,Picipes submelanopus,holotype,high,GenBank /type_material qualifier,holotype of Polyporus submelanopus,IFP:004946,JQ964425,yes,2,NR_167947 Picipes submelanopus IFP:004946,https://www.ncbi.nlm.nih.gov/nuccore/NR_167947
NR_167960,Psathyrella sabuletorum,type,high,GenBank /type_material qualifier,type material of Psathyrella sabuletorum,GB:LO196-98,KC992919,yes,2,NR_167960 Psathyrella sabuletorum GB:LO196-98 Sweden,https://www.ncbi.nlm.nih.gov/nuccore/NR_167960
NR_168204,Ophiocordyceps globiceps,holotype,high,GenBank /type_material qualifier,holotype of Ophiocordyceps globiceps,MFLU:18-0661,MH725816,yes,2,NR_168204 Ophiocordyceps globiceps MFLU:18-0661 Thailand,https://www.ncbi.nlm.nih.gov/nuccore/NR_168204
NR_169938,Zhuliangomyces olivaceus,holotype,high,GenBank /type_material qualifier,holotype of Myxoderma olivaceum,HKAS:101960,MH561739,yes,2,NR_169938 Zhuliangomyces olivaceus HKAS:101960 Yunnan CN,https://www.ncbi.nlm.nih.gov/nuccore/NR_169938
NR_169939,Fulvifomes elaeodendri,ex-holotype,high,GenBank /type_material qualifier,culture from holotype of Fulvifomes elaeodendri,CMW:47909,MH599096,yes,2,NR_169939 Fulvifomes elaeodendri South Africa,https://www.ncbi.nlm.nih.gov/nuccore/NR_169939
NR_170000,Russula cremicolor,holotype,high,GenBank /type_material qualifier,holotype of Russula cremicolor,HGAS:MF009901,MN648955,yes,2,NR_170000 Russula cremicolor HGAS:MF009901 Guizhou CN,https://www.ncbi.nlm.nih.gov/nuccore/NR_170000
NR_170019,Rhytidhysteron magnoliae,ex-holotype,high,GenBank /type_material qualifier,culture from holotype of Rhytidhysteron magnoliae,MFLUCC:18-0719,MN989383,yes,2,NR_170019 Rhytidhysteron magnoliae MFLUCC 18-0719 from TYPE material,https://www.ncbi.nlm.nih.gov/nuccore/NR_170019
NR_170723,Bicornispora seditiosa,ex-holotype,high,GenBank /type_material qualifier,culture from holotype of Bicornispora seditiosa,WU:32446,KF499360,yes,2,NR_170723 Bicornispora seditiosa WU:32446 Spain,https://www.ncbi.nlm.nih.gov/nuccore/NR_170723
NR_170840,Cortinarius americanus,holotype,high,GenBank /type_material qualifier,holotype of Cortinarius americanus,MICH:10314,MT934864,yes,2,NR_170840 Cortinarius americanus MICH:10314 Michigan US,https://www.ncbi.nlm.nih.gov/nuccore/NR_170840
NR_170843,Cortinarius compressus,holotype,high,GenBank /type_material qualifier,holotype of Cortinarius compressus,MICH:10338,MT934980,yes,2,NR_170843 Cortinarius compressus MICH:10338 Tennessee US,https://www.ncbi.nlm.nih.gov/nuccore/NR_170843
NR_171135,Cortinarius mimicus,holotype,high,GenBank /type_material qualifier,holotype of Cortinarius mimicus,PC:2003-57,MT935227,yes,2,NR_171135 Cortinarius mimicus PC:2003-57 France,https://www.ncbi.nlm.nih.gov/nuccore/NR_171135
NR_171163,Cortinarius venustissimus,holotype,high,GenBank /type_material qualifier,holotype of Cortinarius venustissimus,PC:5371,MT935580,yes,2,NR_171163 Cortinarius venustissimus PC:5371 Sweden,https://www.ncbi.nlm.nih.gov/nuccore/NR_171163
NR_171216,Leptonia euchroa,neotype,high,GenBank /type_material qualifier,neotype of Entoloma euchroum,KR:M-0032474,KC898421,yes,2,NR_171216 Leptonia euchroa KR:M-0032474 Germany,https://www.ncbi.nlm.nih.gov/nuccore/NR_171216
NR_171230,Botryobasidium indicum,holotype,high,GenBank /type_material qualifier,holotype of Neoacladium indicum,AMH:10054,MK391496,yes,2,NR_171230 Neoacladium indicum AMH:10054 India,https://www.ncbi.nlm.nih.gov/nuccore/NR_171230
NR_171238,Clitopilopsis albida,holotype,high,GenBank /type_material qualifier,holotype of Clitopilopsis albida,HKAS:104519,MN061336,yes,2,NR_171238 Clitopilopsis albida HKAS:104519 Yunnan CN,https://www.ncbi.nlm.nih.gov/nuccore/NR_171238
NR_171252,Steccherinum subcollabens,type,high,GenBank /type_material qualifier,type material of Junghuhnia subcollabens,BJFC:027813,MN871759,yes,2,NR_171252 Junghuhnia subcollabens BJFC:027813 China,https://www.ncbi.nlm.nih.gov/nuccore/NR_171252
NR_171290,Lactifluus austropiperatus,holotype,high,GenBank /type_material qualifier,holotype of Lactifluus austropiperatus,PERTH:07550324,MN614115,yes,2,NR_171290 Lactifluus austropiperatus PERTH:07550324 Australia,https://www.ncbi.nlm.nih.gov/nuccore/NR_171290
NR_171312,Cortinarius argyronotus,holotype,high,GenBank /type_material qualifier,holotype of Cortinarius argyronotus,PC:A. Bidaud 04-09-84,MT934884,yes,2,NR_171312 Cortinarius argyronotus PC:A. Bidaud 04-09-84 France,https://www.ncbi.nlm.nih.gov/nuccore/NR_171312
NR_171314,Cortinarius badiovestitus,holotype,high,GenBank /type_material qualifier,holotype of Cortinarius badiovestitus,IB:M. Moser 1965-0040,MT934900,yes,2,NR_171314 Cortinarius badiovestitus IB:M. Moser 1965-0040 Austria,https://www.ncbi.nlm.nih.gov/nuccore/NR_171314
NR_171316,Cortinarius brunneogriseus,holotype,high,GenBank /type_material qualifier,holotype of Cortinarius brunneogriseus,S:F14331,MT934927,yes,2,NR_171316 Cortinarius brunneogriseus S:F14331 Sweden,https://www.ncbi.nlm.nih.gov/nuccore/NR_171316
NR_171320,Cortinarius colorius,holotype,high,GenBank /type_material qualifier,holotype of Cortinarius ignifluus var. colorius,G:3601,MT934977,yes,2,NR_171320 Cortinarius ignifluus var. colorius G:3601 France,https://www.ncbi.nlm.nih.gov/nuccore/NR_171320
NR_171323,Cortinarius diabolicorigens,holotype,high,GenBank /type_material qualifier,holotype of Cortinarius diabolicorigens,BP:50147,MT935009,yes,2,NR_171323 Cortinarius diabolicorigens BP:50147 Hungary,https://www.ncbi.nlm.nih.gov/nuccore/NR_171323
NR_171347,Cortinarius milvinicolor,holotype,high,GenBank /type_material qualifier,holotype of Cortinarius milvinicolor,G:4217,MT935224,yes,2,NR_171347 Cortinarius milvinicolor G:4217 France,https://www.ncbi.nlm.nih.gov/nuccore/NR_171347
NR_171374,Cortinarius uraceoarmillatus,holotype,high,GenBank /type_material qualifier,holotype of Cortinarius uraceoarmillatus,PC:A. Bidaud 05-10-272,MT935576,yes,2,NR_171374 Cortinarius uraceoarmillatus PC:A. Bidaud 05-10-272 France,https://www.ncbi.nlm.nih.gov/nuccore/NR_171374
NR_171815,Porodaedalea alpicola,holotype,high,GenBank /type_material qualifier,holotype of Porodaedalea alpicola,BJFC:017186,MG585275,yes,2,NR_171815 Porodaedalea alpicola BJFC:017186 China,https://www.ncbi.nlm.nih.gov/nuccore/NR_171815
NR_171817,Porodaedalea microsperma,holotype,high,GenBank /type_material qualifier,holotype of Porodaedalea microsperma,BJFC:016969,MG585280,yes,2,NR_171817 Porodaedalea microsperma BJFC:016969 China,https://www.ncbi.nlm.nih.gov/nuccore/NR_171817
NR_171851,Phallus dongsun,holotype,high,GenBank /type_material qualifier,holotype of Phallus dongsun,GDGM:75402,MN307397,yes,2,NR_171851 Phallus dongsun GDGM:75402 Guizhou CN,https://www.ncbi.nlm.nih.gov/nuccore/NR_171851
NR_171860,Rhytidhysteron chromolaenae,ex-holotype,high,GenBank /type_material qualifier,culture from holotype of Rhytidhysteron chromolaenae,MFLUCC:17-1516,MN632461,yes,2,NR_171860 Rhytidhysteron chromolaenae Thailand,https://www.ncbi.nlm.nih.gov/nuccore/NR_171860
NR_171888,Luteoporia citriniporia,holotype,high,GenBank /type_material qualifier,holotype of Luteoporia citriniporia,BJFC:031186,MT872218,yes,2,NR_171888 Luteoporia citriniporia BJFC:031186 Sri Lanka,https://www.ncbi.nlm.nih.gov/nuccore/NR_171888
NR_171934,Orbilia fissilis,ex-holotype,high,GenBank /type_material qualifier,culture from holotype of Dicranidion fissile,NBRC:31823,LC146730,yes,2,NR_171934 Orbilia fissilis Japan,https://www.ncbi.nlm.nih.gov/nuccore/NR_171934
NR_171954,Phialocephala biguttulata,ex-holotype,high,GenBank /type_material qualifier,culture from holotype of Phialocephala biguttulata,DAOMC:250754,MT026373,yes,2,NR_171954 Phialocephala biguttulata DAOMC:250754 Ontario CA,https://www.ncbi.nlm.nih.gov/nuccore/NR_171954
NR_171959,Pseudosperma melleum,holotype,high,GenBank /type_material qualifier,holotype of Pseudosperma melleum,MCVE:30145,MT095090,yes,2,NR_171959 Pseudosperma melleum MCVE:30145 Brindisi IT,https://www.ncbi.nlm.nih.gov/nuccore/NR_171959
NR_172200,Perilachnea ochraceoflava,holotype,high,GenBank /type_material qualifier,holotype of Perilachnea ochraceoflava,TUR:A 208917,MW546595,yes,2,NR_172200 Perilachnea ochraceoflava TUR:A 208917 Italy,https://www.ncbi.nlm.nih.gov/nuccore/NR_172200
NR_172223,Hygronarius viscincisus,holotype,high,GenBank /type_material qualifier,holotype of Cortinarius viscincisus,PDD:97544,JX648596,yes,2,NR_172223 Cortinarius viscincisus PDD:97544 New Zealand,https://www.ncbi.nlm.nih.gov/nuccore/NR_172223
NR_172255,Cortinarius betulaecomes,holotype,high,GenBank /type_material qualifier,holotype of Cortinarius betulaecomes,PC:R. Henry 3123,KX964479,yes,2,NR_172255 Cortinarius betulaecomes PC:R. Henry 3123 France,https://www.ncbi.nlm.nih.gov/nuccore/NR_172255
NR_172257,Lophodermium resinosum,holotype,high,GenBank /type_material qualifier,holotype of Lophodermium resinosum,DAOM:745753,KY485127,yes,2,NR_172257 Lophodermium resinosum DAOM:745753,https://www.ncbi.nlm.nih.gov/nuccore/NR_172257
NR_172296,Cortinarius minusculus,holotype,high,GenBank /type_material qualifier,holotype of Cortinarius minusculus,H:T. Niskanen 12-032,MK211177,yes,2,NR_172296 Cortinarius minusculus H:T. Niskanen 12-032 Uusimaa FI,https://www.ncbi.nlm.nih.gov/nuccore/NR_172296
NR_172300,Volvanarius vaginatus,holotype,high,GenBank /type_material qualifier,holotype of Cortinarius vaginatus,IB:E. Horak 19620168,MK775271,yes,2,NR_172300 Cortinarius vaginatus IB:E. Horak 19620168 Neuquén AR,https://www.ncbi.nlm.nih.gov/nuccore/NR_172300
NR_172319,Cortinarius adustorimosus,holotype,high,GenBank /type_material qualifier,holotype of Cortinarius adustorimosus,PC:R. Henry 883,MT934848,yes,2,NR_172319 Cortinarius adustorimosus PC:R. Henry 883 France,https://www.ncbi.nlm.nih.gov/nuccore/NR_172319
NR_172324,Cortinarius bulbosovolvatus,isotype,high,GenBank /type_material qualifier,isotype of Cortinarius bulbosovolvatus,PC:R. Henry 84/159,MT934934,yes,2,NR_172324 Cortinarius bulbosovolvatus PC:R. Henry 84/159 Italy,https://www.ncbi.nlm.nih.gov/nuccore/NR_172324
NR_172334,Cortinarius heterosporus,lectotype,high,GenBank /type_material qualifier,lectotype of Cortinarius heterosporus,S:F14370,MT935127,yes,2,NR_172334 Cortinarius heterosporus S:F14370 Germany,https://www.ncbi.nlm.nih.gov/nuccore/NR_172334
NR_172350,Cortinarius testaceofolius,holotype,high,GenBank /type_material qualifier,holotype of Cortinarius testaceofolius,S:H. Lindstrom CFP583,MT935547,yes,2,NR_172350 Cortinarius biformis S:H. Lindstrom CFP583 Sweden,https://www.ncbi.nlm.nih.gov/nuccore/NR_172350
NR_172362,Cortinarius matae,holotype,high,GenBank /type_material qualifier,holotype of Cortinarius matae,USJ:J. Ammirati 12012,MW508849,yes,2,NR_172362 Cortinarius matae USJ:J. Ammirati 12012 San José CR,https://www.ncbi.nlm.nih.gov/nuccore/NR_172362
NR_172376,Phialocephala repens,type,high,GenBank /type_material qualifier,type material of Penicillium repens,MUCL:1849,EU434847,yes,2,NR_172376 Phialocephala repens Canada,https://www.ncbi.nlm.nih.gov/nuccore/NR_172376
NR_172438,Coprinellus magnoliae,ex-holotype,high,GenBank /type_material qualifier,culture from holotype of Coprinellus magnoliae,MFLUCC:18-0942,MW244022,yes,2,NR_172438 Coprinellus magnoliae,https://www.ncbi.nlm.nih.gov/nuccore/NR_172438
NR_172746,Russula cerolens,holotype,high,GenBank /type_material qualifier,holotype of Russula cerolens,MICH:9611,KF245486,yes,2,NR_172746 Russula cerolens MICH:9611 Oregon US,https://www.ncbi.nlm.nih.gov/nuccore/NR_172746
NR_172762,Maublancomyces pseudogigas,holotype,high,GenBank /type_material qualifier,holotype of Gyromitra pseudogigas,HMAS:46539,MG846994,yes,2,NR_172762 Gyromitra pseudogigas HMAS:46539 North Holland NL,https://www.ncbi.nlm.nih.gov/nuccore/NR_172762
NR_172773,Clitopilus sinoapalus,holotype,high,GenBank /type_material qualifier,holotype of Clitopilus sinoapalus,HKAS:101191,MN061322,yes,2,NR_172773 Clitopilus sinoapalus HKAS:101191 Yunnan CN,https://www.ncbi.nlm.nih.gov/nuccore/NR_172773
NR_172782,Inocybe brijunica,isotype,high,GenBank /type_material qualifier,isotype of Inocybe brijunica,PUL:F27673,MN749370,yes,2,NR_172782 Inocybe brijunica PUL:F27673,https://www.ncbi.nlm.nih.gov/nuccore/NR_172782
NR_172804,Cortinarius congregatus,holotype,high,GenBank /type_material qualifier,holotype of Cortinarius congregatus,LY:FA5172,MW289913,yes,2,NR_172804 Cortinarius congregatus LY:FA5172 Haute-Savoie FR,https://www.ncbi.nlm.nih.gov/nuccore/NR_172804
NR_172808,Tricholoma ligusticum,holotype,high,GenBank /type_material qualifier,holotype of Tricholoma ligusticum,TUR:A 209200,MW477453,yes,2,NR_172808 Tricholoma ligusticum TUR:A 209200 Italy,https://www.ncbi.nlm.nih.gov/nuccore/NR_172808
NR_172953,Phallus ultraduplicatus,holotype,high,GenBank /type_material qualifier,holotype of Phallus ultraduplicatus,HMAS:253050,KJ591584,yes,2,NR_172953 Phallus ultraduplicatus HMAS:253050 China,https://www.ncbi.nlm.nih.gov/nuccore/NR_172953
NR_172990,Cortinarius venetus var. viridis,holotype,high,GenBank /type_material qualifier,holotype of Cortinarius venetus var. viridis,PC:245,MW009252,yes,2,NR_172990 Cortinarius venetus var. viridis PC:245 France,https://www.ncbi.nlm.nih.gov/nuccore/NR_172990
NR_173026,Tryssglobulus aspergilloides,ex-epitype,high,GenBank /type_material qualifier,culture from epitype of Tryssglobulus aspergilloides,CBS:147556,MW883455,yes,2,NR_173026 Fungi,https://www.ncbi.nlm.nih.gov/nuccore/NR_173026
NR_173031,Ophioceras freycinetiae,ex-holotype,high,GenBank /type_material qualifier,culture from holotype of Ophioceras freycinetiae,CBS:146781,MZ064408,yes,2,NR_173031 Ophioceras freycinetiae New Zealand,https://www.ncbi.nlm.nih.gov/nuccore/NR_173031
NR_173072,Cortinarius pseudoacutus,holotype,high,GenBank /type_material qualifier,holotype of Cortinarius pseudoacutus,H:7001082,MZ568641,yes,2,NR_173072 Cortinarius pseudoacutus H:7001082 Washington US,https://www.ncbi.nlm.nih.gov/nuccore/NR_173072
NR_173220,Psathyrella subpurpurea,holotype,high,GenBank /type_material qualifier,holotype of Psathyrella subpurpurea,MICH:12076,MW412412,yes,2,NR_173220 Psathyrella subpurpurea MICH:12076 Oregon US,https://www.ncbi.nlm.nih.gov/nuccore/NR_173220
NR_173276,Agaricus pakistanicus,holotype,high,GenBank /type_material qualifier,holotype of Agaricus pakistanicus,LAH:35299,MG669256,yes,2,NR_173276 / MG669259 / MG669258 / MG669256 Agaricus pakistanicus LAH:35299 Pakistan,https://www.ncbi.nlm.nih.gov/nuccore/NR_173276
NR_173322,Psathyrella truncatisporoides,holotype,high,GenBank /type_material qualifier,holotype of Psathyrella truncatisporoides,HMJAU:37947,MW405107,yes,2,NR_173322 Psathyrella truncatisporoides HMJAU:37947,https://www.ncbi.nlm.nih.gov/nuccore/NR_173322
NR_173356,Coprinopsis nevillei,holotype,high,GenBank /type_material qualifier,holotype of Coprinopsis nevillei,LIP:GG08090401,HM126488,no,2,NR_173356 Coprinopsis nevillei LIP:GG08090401 Hérault FR,https://www.ncbi.nlm.nih.gov/nuccore/NR_173356
NR_173406,Fusicolla aquaeductuum,ex-epitype,high,GenBank /type_material qualifier,culture from epitype of Selenosporium aquaeductuum,NRRL:20865,KM231823,yes,2,NR_173406 Fusicolla aquaeductuum Germany,https://www.ncbi.nlm.nih.gov/nuccore/NR_173406
NR_173408,Auriscalpium orientale,holotype,high,GenBank /type_material qualifier,holotype of Auriscalpium orientale,HKAS:86980,KY485962,yes,2,NR_173408 Auriscalpium orientale HKAS:86980,https://www.ncbi.nlm.nih.gov/nuccore/NR_173408
NR_173409,Auriscalpium microsporum,holotype,high,GenBank /type_material qualifier,holotype of Auriscalpium microsporum,HKAS:87012,KY485963,yes,2,NR_173409 Auriscalpium microsporum HKAS:87012,https://www.ncbi.nlm.nih.gov/nuccore/NR_173409
NR_173472,Gummiglobus joyceae,isotype,high,GenBank /type_material qualifier,isotype of Gummiglobus joyceae,MEL:2057170,OK159902,yes,2,NR_173472 Gummiglobus joyceae MEL:2057170 Queensland AU,https://www.ncbi.nlm.nih.gov/nuccore/NR_173472
NR_173477,Hygrocybe saltorivula,holotype,high,GenBank /type_material qualifier,holotype of Hygrocybe saltorivula,MEL:2063200,OK159907,yes,2,NR_173477 Hygrocybe saltorivula MEL:2063200 Victoria AU,https://www.ncbi.nlm.nih.gov/nuccore/NR_173477
NR_173478,Hygrocybe xanthopoda,holotype,high,GenBank /type_material qualifier,holotype of Hygrocybe xanthopoda,MEL:2056604,OK159908,yes,2,NR_173478 Hygrocybe xanthopoda MEL:2056604 Victoria AU,https://www.ncbi.nlm.nih.gov/nuccore/NR_173478
NR_173715,Sticta fuscotomentosa,holotype,high,GenBank /type_material qualifier,holotype of Sticta fuscotomentosa,FAUC:Coca 1207,KC732661,yes,2,NR_173715 Sticta fuscotomentosa FAUC:Coca 1207 Colombia,https://www.ncbi.nlm.nih.gov/nuccore/NR_173715
NR_173757,Elaphomyces granulatus f. pallidosporus,holotype,high,GenBank /type_material qualifier,holotype of Elaphomyces granulatus f. pallidosporus,LIP:0001132,KX238846,yes,2,NR_173757 Elaphomyces granulatus f. pallidosporus LIP:0001132 Bergamo IT,https://www.ncbi.nlm.nih.gov/nuccore/NR_173757
NR_173759,Xylodon chinensis,holotype,high,GenBank /type_material qualifier,holotype of Hyphodontia chinensis,TNM:28012,KX857804,yes,2,NR_173759 Type Xylodon chinensis TNM 28012,https://www.ncbi.nlm.nih.gov/nuccore/NR_173759
NR_173771,Lopharia sinensis,holotype,high,GenBank /type_material qualifier,holotype of Lopharia sinensis,BJFC:020881,MF626347,yes,2,NR_173771 Lopharia sinensis BJFC:020881 China,https://www.ncbi.nlm.nih.gov/nuccore/NR_173771
NR_173796,Maublancomyces ticinianus,epitype,high,GenBank /type_material qualifier,epitype of Gyromitra ticiniana,TUR:A 208095,MH938672,yes,2,NR_173796 Gyromitra ticiniana TUR:A 208095 Alessandria IT,https://www.ncbi.nlm.nih.gov/nuccore/NR_173796
NR_173829,Agaricus dolichocaulis,holotype,high,GenBank /type_material qualifier,holotype of Agaricus dolichocaulis,HMAS:255457,MK617923,yes,2,NR_173829 Agaricus dolichocaulis HMAS:255457 Inner Mongolia CN,https://www.ncbi.nlm.nih.gov/nuccore/NR_173829
NR_173902,Cortinarius rusticelloides,holotype,high,GenBank /type_material qualifier,holotype of Cortinarius rusticelloides,TUR:Kokkonen 136/02,MN841216,yes,2,NR_173902 Cortinarius rusticelloides TUR:Kokkonen 136/02 Finland,https://www.ncbi.nlm.nih.gov/nuccore/NR_173902
NR_173943,Clavariadelphus tenuis,holotype,high,GenBank /type_material qualifier,holotype of Clavariadelphus tenuis,MHHNU:9934,MT580790,yes,2,NR_173943 Clavariadelphus tenuis MHHNU:9934 China,https://www.ncbi.nlm.nih.gov/nuccore/NR_173943
NR_173952,Phialocephala melitaea,ex-holotype,high,GenBank /type_material qualifier,culture from holotype of Phialocephala melitaea,CBS:147182,MT957536,yes,2,NR_173952 Phialocephala melitaea Croatia,https://www.ncbi.nlm.nih.gov/nuccore/NR_173952
NR_173955,Maublancomyces korfii,paratype,high,GenBank /type_material qualifier,paratype of Discina korfii,CUP:28997,MW075385,yes,2,NR_173955 Gyromitra korfii CUP:28997 Missouri US,https://www.ncbi.nlm.nih.gov/nuccore/NR_173955
NR_173969,Inocybe timpetuana,holotype,high,GenBank /type_material qualifier,holotype of Inocybe timpetuana,STU:SMNS-STU-F-0901560,MW647622,yes,2,NR_173969 Inocybe timpetuana STU:SMNS-STU-F-0901560 Austria,https://www.ncbi.nlm.nih.gov/nuccore/NR_173969
NR_173970,Inocybe prisca,holotype,high,GenBank /type_material qualifier,holotype of Inocybe prisca,STU:SMNS-STU-F-0901558,MW647623,yes,2,NR_173970 Inocybe prisca STU:SMNS-STU-F-0901558 Austria,https://www.ncbi.nlm.nih.gov/nuccore/NR_173970
NR_174031,Bondarzewia occidentalis,holotype,high,GenBank /type_material qualifier,holotype of Bondarzewia occidentalis,CFMR:HHB 14803,KM243329,yes,2,NR_174031 Bondarzewia occidentalis CFMR:HHB 14803,https://www.ncbi.nlm.nih.gov/nuccore/NR_174031
NR_174646,Entoloma nordlandicum,holotype,high,GenBank /type_material qualifier,holotype of Entoloma nordlandicum,O:F-76176,MW340899,yes,2,NR_174646 Entoloma nordlandicum O:F-76176 Nordland NO,https://www.ncbi.nlm.nih.gov/nuccore/NR_174646
NR_174818,Ramaria gracilioides,holotype,high,GenBank /type_material qualifier,holotype of Ramaria gracilioides,AMB:18543 Holotype,MT055925,yes,2,NR_174818 Ramaria gracilioides AMB:18543 Holotype Trento IT,https://www.ncbi.nlm.nih.gov/nuccore/NR_174818
NR_174821,Ramaria schildii f. griseoavellanea,holotype,high,GenBank /type_material qualifier,holotype of Ramaria schildii f. griseoavellanea,AMB:18583 Holotype,MT055962,yes,2,NR_174821 Ramaria schildii f. griseoavellanea AMB:18583 Holotype Jämtland SE,https://www.ncbi.nlm.nih.gov/nuccore/NR_174821
NR_174868,Inocybe sitibunda,holotype,high,GenBank /type_material qualifier,holotype of Inocybe sitibunda,STU:SMNS-STU-F-0901504,MW845918,yes,2,NR_174868 Inocybe sitibunda STU:SMNS-STU-F-0901504 Germany,https://www.ncbi.nlm.nih.gov/nuccore/NR_174868
NR_174908,Inocybe ionolepis,holotype,high,GenBank /type_material qualifier,holotype of Inocybe ionolepis,K(M):236689,MT909818,yes,2,NR_174908 Inocybe ionolepis K(M):236689 England GB,https://www.ncbi.nlm.nih.gov/nuccore/NR_174908
NR_174926,Coprinopsis pusilla,holotype,high,GenBank /type_material qualifier,holotype of Coprinopsis pusilla,HMJAU:58781,MZ398014,yes,2,NR_174926 Coprinopsis pusilla HMJAU:58781,https://www.ncbi.nlm.nih.gov/nuccore/NR_174926
NR_175141,Boletus occidentalis,holotype,high,GenBank /type_material qualifier,holotype of Boletus occidentalis,CFMR:DR-2841 TJB-9769,MN250199,yes,2,NR_175141 Boletus occidentalis CFMR:DR-2841 TJB-9769 Dominican Republic,https://www.ncbi.nlm.nih.gov/nuccore/NR_175141
NR_175142,Boletus projectelloides,holotype,high,GenBank /type_material qualifier,holotype of Boletus projectelloides,CFMR:BZ-2105 TJB-9385,MN250200,yes,2,NR_175142 Boletus projectelloides CFMR:BZ-2105 TJB-9385 Belize,https://www.ncbi.nlm.nih.gov/nuccore/NR_175142
NR_175144,Boletus roseoareolatus,holotype,high,GenBank /type_material qualifier,holotype of Boletus roseoareolatus,CFMR:BZ-3554 TJB-9854,MN250202,yes,2,NR_175144 Boletus roseoareolatus CFMR:BZ-3554 TJB-9854 Belize,https://www.ncbi.nlm.nih.gov/nuccore/NR_175144
NR_175193,Quasiphlebia densa,holotype,high,GenBank /type_material qualifier,holotype of Quasiphlebia densa,TNM:F31834,MZ637066,yes,2,NR_175193 Quasiphlebia densa TNM:F31834 Taiwan,https://www.ncbi.nlm.nih.gov/nuccore/NR_175193
NR_175601,Inocybe purpureobadia,isoparatype,high,GenBank /type_material qualifier,isoparatype of Inocybe purpureobadia,TUR:Caballero 3818,JN580875,yes,2,NR_175601 Inocybe purpureobadia TUR:Caballero 3818 Spain,https://www.ncbi.nlm.nih.gov/nuccore/NR_175601
NR_175616,Scheffersomyces jinghongensis,holotype,high,GenBank /type_material qualifier,holotype of Scheffersomyces jinghongensis,NYNU:17926,MG255722,yes,2,NR_175616 Scheffersomyces jinghongensis China,https://www.ncbi.nlm.nih.gov/nuccore/NR_175616
NR_175648,Phlebiopsis lacerata,holotype,high,GenBank /type_material qualifier,holotype of Phlebiopsis lacerata,SWFC:Zhao 3692,MT180946,yes,2,NR_175648 Phlebiopsis lacerata SWFC:Zhao 3692 China,https://www.ncbi.nlm.nih.gov/nuccore/NR_175648
NR_175700,Phylloporus nigrobruneus,holotype,high,GenBank /type_material qualifier,holotype of Phylloporus nigrobruneus,FHMU:3268,MW588638,yes,2,NR_175700 Phylloporus nigrobruneus FHMU:3268 Yunnan CN,https://www.ncbi.nlm.nih.gov/nuccore/NR_175700
NR_175718,Amanita arenarioides,holotype,high,GenBank /type_material qualifier,holotype of Amanita arenarioides,PERTH:07627025,MW775309,yes,2,NR_175718 Amanita arenarioides PERTH:07627025 Australia,https://www.ncbi.nlm.nih.gov/nuccore/NR_175718
NR_175742,Tarzetta linzhiensis,holotype,high,GenBank /type_material qualifier,holotype of Tarzetta linzhiensis,HKAS:115754,MZ438004,yes,2,NR_175742 Tarzetta linzhiensis HKAS:115754 Tibet Autonomous Region CN,https://www.ncbi.nlm.nih.gov/nuccore/NR_175742
NR_175743,Tarzetta confusa,holotype,high,GenBank /type_material qualifier,holotype of Tarzetta confusa,HKAS:115755,MZ438005,yes,2,NR_175743 Tarzetta confusa HKAS:115755 Tibet Autonomous Region CN,https://www.ncbi.nlm.nih.gov/nuccore/NR_175743
NR_176103,Readerielliopsis guyanensis,ex-holotype,high,GenBank /type_material qualifier,culture from holotype of Readeriella guyanensis,CBS:117550,EU707900,yes,2,NR_176103 Readerielliopsis guyanensis French Guiana,https://www.ncbi.nlm.nih.gov/nuccore/NR_176103
NR_176166,Inocybe somae,holotype,high,GenBank /type_material qualifier,holotype of Inocybe somae,STU:SMNS-STU-F-0901652,OK057148,yes,2,NR_176166 Inocybe somae STU:SMNS-STU-F-0901652 Germany,https://www.ncbi.nlm.nih.gov/nuccore/NR_176166
NR_176167,Inocybe suryana,holotype,high,GenBank /type_material qualifier,holotype of Inocybe suryana,STU:SMNS-STU-F-0901649,OK057149,yes,2,NR_176167 Inocybe suryana STU:SMNS-STU-F-0901649 Germany,https://www.ncbi.nlm.nih.gov/nuccore/NR_176167
NR_176206,Otidea plicara,holotype,high,GenBank /type_material qualifier,holotype of Otidea plicara,BJTC:FM262-A,OM743957,yes,2,NR_176206 Otidea plicara BJTC:FM262-A Shanxi CN,https://www.ncbi.nlm.nih.gov/nuccore/NR_176206
NR_176718,Phaeoclavulina coniferarum,holotype,high,GenBank /type_material qualifier,holotype of Phaeoclavulina coniferarum,AMB:18531,MT055915,yes,2,NR_176718 Phaeoclavulina coniferarum AMB:18531 Cosenza IT,https://www.ncbi.nlm.nih.gov/nuccore/NR_176718
NR_176724,Rhodocybe cistetorum,holotype,high,GenBank /type_material qualifier,holotype of Rhodocybe cistetorum,KATO:Fungi 4260,MT252600,yes,2,NR_176724 Rhodocybe cistetorum KATO:Fungi 4260 Trabzon TR,https://www.ncbi.nlm.nih.gov/nuccore/NR_176724
NR_176768,Bonomyces pseudoarnoldii,holotype,high,GenBank /type_material qualifier,holotype of Bonomyces pseudoarnoldii,BJTC:FM1672,OL352389,yes,2,NR_176768.1 Bonomyces pseudoarnoldii specimen_voucher BJTC FM1672 China holotype Bonomyces pseudoarnoldii,https://www.ncbi.nlm.nih.gov/nuccore/NR_176768
NR_176773,Lulesia borealichinensis,holotype,high,GenBank /type_material qualifier,holotype of Clitocella borealichinensis,BJTC:FM1781,OL966943,yes,2,NR_176773 Clitocella borealichinensis BJTC:FM1781 China,https://www.ncbi.nlm.nih.gov/nuccore/NR_176773
NR_176774,Lulesia colorata,holotype,high,GenBank /type_material qualifier,holotype of Clitocella colorata,BJTC:FM1891,OL966944,yes,2,NR_176774 Clitocella colorata BJTC:FM1891 China,https://www.ncbi.nlm.nih.gov/nuccore/NR_176774
NR_177125,Marasmius pseudoniveoaffinis,holotype,high,GenBank /type_material qualifier,holotype of Marasmius pseudoniveoaffinis,SP:445583,KP635189,yes,2,NR_177125 Marasmius pseudoniveoaffinis SP:445583 Brazil,https://www.ncbi.nlm.nih.gov/nuccore/NR_177125
NR_177175,Narcissea lahorensis,holotype,high,GenBank /type_material qualifier,holotype of Narcissea lahorensis,LAH:36395,OK161263,yes,2,NR_177175 Narcissea lahorensis LAH:36395,https://www.ncbi.nlm.nih.gov/nuccore/NR_177175
NR_177462,Inocybe hygrophana,holotype,high,GenBank /type_material qualifier,holotype of Inocybe hygrophana,M:MTB 2130,JX983593,yes,2,NR_177462 Inocybe hygrophana M:MTB 2130,https://www.ncbi.nlm.nih.gov/nuccore/NR_177462
NR_177470,Elaphomyces asperulus,epitype,high,GenBank /type_material qualifier,epitype of Elaphomyces asperulus,LIP:0001131,KX238833,yes,2,NR_177470 Elaphomyces asperulus LIP:0001131 Asturias ES,https://www.ncbi.nlm.nih.gov/nuccore/NR_177470
NR_177504,Cruentomycena uttarakhandina,holotype,high,GenBank /type_material qualifier,holotype of Cruentomycena uttarakhandina,CAL:1800,MT126031,yes,2,NR_177504 Cruentomycena uttarakhandina CAL:1800 India,https://www.ncbi.nlm.nih.gov/nuccore/NR_177504
NR_177541,Amanita albolimbata,holotype,high,GenBank /type_material qualifier,holotype of Amanita albolimbata,UNIPAR:JEIC0739,MT966935,yes,2,NR_177541 Amanita albolimbata UNIPAR:JEIC0739 Benin,https://www.ncbi.nlm.nih.gov/nuccore/NR_177541
NR_177555,Cuphophyllus flavipesoides,holotype,high,GenBank /type_material qualifier,holotype of Cuphophyllus flavipesoides,O:F-258322,MW714630,no,2,NR_177555 Cuphophyllus flavipesoides O:F-258322 Norway,https://www.ncbi.nlm.nih.gov/nuccore/NR_177555
NR_177569,Phellodon stramineus,holotype,high,GenBank /type_material qualifier,holotype of Phellodon stramineus,BJFC:030258,MZ225588,yes,2,NR_177569 Phellodon stramineus BJFC:030258,https://www.ncbi.nlm.nih.gov/nuccore/NR_177569
NR_177570,Phellodon yunnanensis,holotype,high,GenBank /type_material qualifier,holotype of Phellodon yunnanensis,BJFC:030429,MZ225594,yes,2,NR_177570 Phellodon yunnanensis BJFC:030429,https://www.ncbi.nlm.nih.gov/nuccore/NR_177570
NR_177620,Favolaschia claudopus,epitype,high,GenBank /type_material qualifier,epitype of Favolaschia calocera var. claudopus,BJFC:027124,MZ661775,yes,2,NR_177620 Favolaschia claudopus BJFC:027124,https://www.ncbi.nlm.nih.gov/nuccore/NR_177620
NR_177622,Cortinarius caeruleoanomalus,holotype,high,GenBank /type_material qualifier,holotype of Cortinarius caeruleoanomalus,TENN:JFA13084,MZ663780,yes,2,NR_177622 Cortinarius caeruleoanomalus TENN:JFA13084 Tennessee US,https://www.ncbi.nlm.nih.gov/nuccore/NR_177622
NR_177635,Entoloma anodinum,holotype,high,GenBank /type_material qualifier,holotype of Entoloma anodinum,L:0607520,OL343539,yes,2,NR_177635 Entoloma anodinum L:0607520 Barcelona ES,https://www.ncbi.nlm.nih.gov/nuccore/NR_177635
NR_177637,Phellodon griseofuscus,holotype,high,GenBank /type_material qualifier,holotype of Phellodon griseofuscus,BJFC:035422,OL449266,yes,2,NR_177637 Phellodon griseofuscus BJFC:035422,https://www.ncbi.nlm.nih.gov/nuccore/NR_177637
NR_178147,Fomitiporia gatesii,holotype,high,GenBank /type_material qualifier,holotype of Fomitiporia gatesii,BJFC:Dai 18680,MH971169,yes,2,NR_178147 Fomitiporia gatesii BJFC:Dai 18680 Australia,https://www.ncbi.nlm.nih.gov/nuccore/NR_178147
NR_182335,Fulvifomes jouzaii,isotype,high,GenBank /type_material qualifier,isotype of Fulvifomes jouzaii,BJFC:JV 1504_39,MH390426,yes,2,NR_182335 Fulvifomes jouzaii BJFC:JV 1504_39 Costa Rica,https://www.ncbi.nlm.nih.gov/nuccore/NR_182335
NR_182347,Russula fanjing,holotype,high,GenBank /type_material qualifier,holotype of Russula fanjing,HGAS:MF01-10047,MT928349,yes,2,NR_182347.1 Russula fanjing specimen_voucher HGAS MF01-10047 holotype,https://www.ncbi.nlm.nih.gov/nuccore/NR_182347
NR_182405,Candolleomyces asiaticus,holotype,high,GenBank /type_material qualifier,holotype of Candolleomyces asiaticus,LAH:36809,OK392605,yes,2,NR_182405 Candolleomyces asiaticus LAH:36809 Pakistan,https://www.ncbi.nlm.nih.gov/nuccore/NR_182405
NR_182419,Gyroporus pseudolongicystidiatus,holotype,high,GenBank /type_material qualifier,holotype of Gyroporus pseudolongicystidiatus,GDGM:42787,ON502916,yes,2,NR_182419 Gyroporus pseudolongicystidiatus GDGM:42787 China,https://www.ncbi.nlm.nih.gov/nuccore/NR_182419
NR_182557,Gymnopus striatus,holotype,high,GenBank /type_material qualifier,holotype of Gymnopus striatus,HMJAU:60297,OM030263,yes,2,NR_182557 Gymnopus striatus HMJAU:60297 China,https://www.ncbi.nlm.nih.gov/nuccore/NR_182557
NR_182674,Entoloma flabellatum,holotype,high,GenBank /type_material qualifier,holotype of Entoloma flabellatum,SAAS:1080,KU312115,yes,2,NR_182674 Entoloma flabellatum SAAS:1080 China,https://www.ncbi.nlm.nih.gov/nuccore/NR_182674
NR_182695,Lactifluus curvativus,holotype,high,GenBank /type_material qualifier,holotype of Lactifluus curvativus,SFC:20160726-95,MN215389,yes,2,NR_182695 Lactifluus curvativus SFC:20160726-95 South Korea,https://www.ncbi.nlm.nih.gov/nuccore/NR_182695
NR_182739,Maublancomyces americanigigas,holotype,high,GenBank /type_material qualifier,holotype of Gyromitra americanigigas,MICH:352014,ON527894,yes,2,NR_182739 Gyromitra americanigigas MICH:352014 Michigan US,https://www.ncbi.nlm.nih.gov/nuccore/NR_182739
NR_182832,Xylodon rhododendricola,holotype,high,GenBank /type_material qualifier,holotype of Xylodon rhododendricola,MEL:LWZ20180512-4,MT319619,yes,2,NR_182832 Xylodon rhododendricola MEL:LWZ20180512-4,https://www.ncbi.nlm.nih.gov/nuccore/NR_182832
NR_182880,Elaphomyces borealis,holotype,high,GenBank /type_material qualifier,holotype of Elaphomyces borealis,GB:0207608,MW676123,yes,2,NR_182880 Elaphomyces borealis GB:0207608 Sweden,https://www.ncbi.nlm.nih.gov/nuccore/NR_182880
NR_182888,Fomitiporella crassa,holotype,high,GenBank /type_material qualifier,holotype of Fomitiporella crassa,BJFC:027255,MW924064,yes,2,NR_182888 Fomitiporella crassa BJFC:027255,https://www.ncbi.nlm.nih.gov/nuccore/NR_182888
NR_182923,Porodaedalea schrenkianae,holotype,high,GenBank /type_material qualifier,holotype of Porodaedalea schrenkianae,BJFC:027530,MZ484575,yes,2,NR_182923 Porodaedalea schrenkianae BJFC:027530 China,https://www.ncbi.nlm.nih.gov/nuccore/NR_182923
NR_182951,Hygrophoropsis phragmiticola,holotype,high,GenBank /type_material qualifier,holotype of Hygrophoropsis phragmiticola,BJFC:032560,OK380762,yes,2,NR_182951 Hygrophoropsis phragmiticola BJFC:032560 China,https://www.ncbi.nlm.nih.gov/nuccore/NR_182951
NR_182959,Fomitopsis resupinata,holotype,high,GenBank /type_material qualifier,holotype of Fomitopsis resupinata,BJFC:010395,OL621843,yes,2,NR_182959 Fomitopsis resupinata BJFC:010395,https://www.ncbi.nlm.nih.gov/nuccore/NR_182959
NR_182960,Fomitopsis submeliae,holotype,high,GenBank /type_material qualifier,holotype of Fomitopsis submeliae,BJFC:026848,OL621848,yes,2,NR_182960 Fomitopsis submeliae BJFC:026848 Malaysia,https://www.ncbi.nlm.nih.gov/nuccore/NR_182960
NR_182961,Fomitopsis yimengensis,holotype,high,GenBank /type_material qualifier,holotype of Fomitopsis yimengensis,BJFC:003068,OL621850,yes,2,NR_182961 Fomitopsis yimengensis BJFC:003068,https://www.ncbi.nlm.nih.gov/nuccore/NR_182961
NR_182967,Entoloma laurisilvae,holotype,high,GenBank /type_material qualifier,holotype of Entoloma laurisilvae,WU:23919,OL853718,yes,2,NR_182967 Entoloma laurisilvae WU:23919 Spain,https://www.ncbi.nlm.nih.gov/nuccore/NR_182967
NR_182968,Entoloma lunare,holotype,high,GenBank /type_material qualifier,holotype of Entoloma lunare,O:F-256744,OL853719,yes,2,NR_182968 Entoloma lunare O:F-256744 Norway,https://www.ncbi.nlm.nih.gov/nuccore/NR_182968
NR_182969,Entoloma pentagonale,holotype,high,GenBank /type_material qualifier,holotype of Entoloma pentagonale,O:F-251993,OL853749,yes,2,NR_182969 Entoloma pentagonale O:F-251993 Norway,https://www.ncbi.nlm.nih.gov/nuccore/NR_182969
NR_182970,Entoloma perrhombisporum,holotype,high,GenBank /type_material qualifier,holotype of Entoloma perrhombisporum,O:F-67220,OL853762,yes,2,NR_182970 Entoloma perrhombisporum O:F-67220 Norway,https://www.ncbi.nlm.nih.gov/nuccore/NR_182970
NR_182971,Entoloma subcuboideum,holotype,high,GenBank /type_material qualifier,holotype of Entoloma subcuboideum,O:F-158286,OL853819,yes,2,NR_182971 Entoloma subcuboideum O:F-158286 Norway,https://www.ncbi.nlm.nih.gov/nuccore/NR_182971
NR_182973,Gerronema microcarpum,holotype,high,GenBank /type_material qualifier,holotype of Gerronema microcarpum,FFAAS:0373,OL985970,yes,2,NR_182973 Gerronema microcarpum FFAAS:0373,https://www.ncbi.nlm.nih.gov/nuccore/NR_182973
NR_182994,Phylloporia crystallina,holotype,high,GenBank /type_material qualifier,holotype of Phylloporia crystallina,BJFC:038563,ON129551,yes,2,NR_182994 Phylloporia crystallina BJFC:038563,https://www.ncbi.nlm.nih.gov/nuccore/NR_182994
NR_183024,Gyromitra esculenta,epitype,high,GenBank /type_material qualifier,epitype of Helvella esculenta,HMAS:214602,MG846990,yes,2,NR_183024 Gyromitra esculenta HMAS:214602 France,https://www.ncbi.nlm.nih.gov/nuccore/NR_183024
NR_183026,Gyromitra esculenta f. rubiformis,holotype,high,GenBank /type_material qualifier,holotype of Gyromitra esculenta f. rubiformis,WU:41117,MW413338,yes,2,NR_183026 Gyromitra esculenta f. rubiformis WU:41117 Austria,https://www.ncbi.nlm.nih.gov/nuccore/NR_183026
NR_184356,Lentaria variabilis,holotype,high,GenBank /type_material qualifier,holotype of Lentaria variabilis,UNAM:FCME21524,MK253189,yes,2,NR_184356 Lentaria variabilis UNAM:FCME21524 Campeche MX,https://www.ncbi.nlm.nih.gov/nuccore/NR_184356
NR_184357,Lentaria gossypina,holotype,high,GenBank /type_material qualifier,holotype of Lentaria gossypina,UNAM:FCME27625,MK253199,yes,2,NR_184357 Lentaria gossypina UNAM:FCME27625 Veracruz MX,https://www.ncbi.nlm.nih.gov/nuccore/NR_184357
NR_184479,Favolaschia minutissima,holotype,high,GenBank /type_material qualifier,holotype of Favolaschia minutissima,BJFC:031760,MZ661792,yes,2,NR_184479 Favolaschia minutissima BJFC:031760,https://www.ncbi.nlm.nih.gov/nuccore/NR_184479
NR_184480,Favolaschia brevibasidiata,holotype,high,GenBank /type_material qualifier,holotype of Favolaschia brevibasidiata,BJFC:004426,MZ661794,yes,2,NR_184480 Favolaschia brevibasidiata BJFC:004426,https://www.ncbi.nlm.nih.gov/nuccore/NR_184480
NR_184495,Inocybe devina,holotype,high,GenBank /type_material qualifier,holotype of Inocybe devina,STU:SMNS-STU-F-0901659,ON003423,yes,2,NR_184495 Inocybe devina STU:SMNS-STU-F-0901659 Germany,https://www.ncbi.nlm.nih.gov/nuccore/NR_184495
NR_184497,Pseudosperma fascinosum,holotype,high,GenBank /type_material qualifier,holotype of Pseudosperma fascinosum,STU:SMNS-STU-F-0901666,ON003426,yes,2,NR_184497 Pseudosperma fascinosum STU:SMNS-STU-F-0901666 Germany,https://www.ncbi.nlm.nih.gov/nuccore/NR_184497
NR_184503,Inocybe aphroditeana,holotype,high,GenBank /type_material qualifier,holotype of Inocybe aphroditeana,STU:SMNS-STU-F-0901678,ON003432,yes,2,NR_184503 Inocybe aphroditeana STU:SMNS-STU-F-0901678 Germany,https://www.ncbi.nlm.nih.gov/nuccore/NR_184503
NR_184504,Pseudosperma ushae,holotype,high,GenBank /type_material qualifier,holotype of Pseudosperma ushae,STU:SMNS-STU-F-0901677,ON003433,yes,2,NR_184504 Pseudosperma ushae STU:SMNS-STU-F-0901677 Germany,https://www.ncbi.nlm.nih.gov/nuccore/NR_184504
NR_184880,Xylodon subflaviporus,holotype,high,GenBank /type_material qualifier,holotype of Xylodon subflaviporus,TNM:F29958,KX857803,yes,2,NR_184880 Xylodon subflaviporus TNM:F29958,https://www.ncbi.nlm.nih.gov/nuccore/NR_184880
NR_184888,Lactarius albidoarmeniacus,holotype,high,GenBank /type_material qualifier,holotype of Lactarius albidoarmeniacus,KWNU:TPML130910-089,MH984919,yes,2,NR_184888 Lactarius albidoarmeniacus KWNU:TPML130910-089 South Korea,https://www.ncbi.nlm.nih.gov/nuccore/NR_184888
NR_184889,Lactarius fulvescens,holotype,high,GenBank /type_material qualifier,holotype of Lactarius fulvescens,KWNU:TPML120904-023,MH984965,yes,2,NR_184889 Lactarius fulvescens KWNU:TPML120904-023 South Korea,https://www.ncbi.nlm.nih.gov/nuccore/NR_184889
NR_184905,Inocybe fuscobrunnea,holotype,high,GenBank /type_material qualifier,holotype of Inocybe fuscobrunnea,UNIPAR:MR00378,MN096201,yes,2,NR_184905 Inocybe fuscobrunnea UNIPAR:MR00378 Burkina Faso,https://www.ncbi.nlm.nih.gov/nuccore/NR_184905
NR_184923,Hortiboletus napaeus,holotype,high,GenBank /type_material qualifier,holotype of Hortiboletus napaeus,FHMU:3326,MT646440,yes,2,NR_184923 Hortiboletus napaeus FHMU:3326 Hainan CN,https://www.ncbi.nlm.nih.gov/nuccore/NR_184923
NR_184930,Cortinarius selinolens,holotype,high,GenBank /type_material qualifier,holotype of Cortinarius selinolens,MPU:1116858,MW010172,yes,2,NR_184930 Cortinarius selinolens MPU:1116858,https://www.ncbi.nlm.nih.gov/nuccore/NR_184930
NR_184943,Xylaria rogersii,holotype,high,GenBank /type_material qualifier,holotype of Xylaria rogersii,ATCH:FCATAS915,MZ648827,yes,2,NR_184943 Xylaria rogersii ATCH:FCATAS915 Yunnan CN,https://www.ncbi.nlm.nih.gov/nuccore/NR_184943
NR_184946,Cortinarius harvardensis,holotype,high,GenBank /type_material qualifier,holotype of Cortinarius harvardensis,BP:Nagy 5415,MZ663789,yes,2,NR_184946 Cortinarius harvardensis BP:Nagy 5415 Massachusetts US,https://www.ncbi.nlm.nih.gov/nuccore/NR_184946
NR_184953,Entoloma pararhombisporum,holotype,high,GenBank /type_material qualifier,holotype of Entoloma pararhombisporum,L:0607556,OL853742,yes,2,NR_184953 Entoloma pararhombisporum L:0607556 Sweden,https://www.ncbi.nlm.nih.gov/nuccore/NR_184953
NR_185373,Cortinarius violaceovolvatus var. viola,holotype,high,GenBank /type_material qualifier,holotype of Thaxterogaster viola,PDD:71001,KT334134,yes,2,NR_185373 Cortinarius violaceovolvatus var. viola PDD:71001 New Zealand,https://www.ncbi.nlm.nih.gov/nuccore/NR_185373
NR_185419,Cortinarius luteobrunneus,holotype,high,GenBank /type_material qualifier,holotype of Thaxterogaster leoninus,PDD:27063,MW187043,yes,2,NR_185419 Cortinarius luteobrunneus PDD:27063 New Zealand,https://www.ncbi.nlm.nih.gov/nuccore/NR_185419
NR_185428,Fomitiporella crystallina,holotype,high,GenBank /type_material qualifier,holotype of Fomitiporella crystallina,SWFC:CL Zhao 9453,ON493552,yes,2,NR_185428 Fomitiporella crystallina SWFC:CL Zhao 9453 China,https://www.ncbi.nlm.nih.gov/nuccore/NR_185428
NR_185441,Inocybe turfae,holotype,high,GenBank /type_material qualifier,holotype of Inocybe turfae,STU:SMNS-STU-F-0901693,OP164075,yes,2,NR_185441 Inocybe turfae STU:SMNS-STU-F-0901693 Germany,https://www.ncbi.nlm.nih.gov/nuccore/NR_185441
NR_185513,Spathaspora allomyrinae,holotype,high,GenBank /type_material qualifier,holotype of Spathaspora allomyrinae,NYNU:1495,KP054268,yes,2,NR_185513 Spathaspora allomyrinae,https://www.ncbi.nlm.nih.gov/nuccore/NR_185513
NR_185517,Lactarius sikkimensis,type,high,GenBank /type_material qualifier,type material of Lactarius sikkimensis,GENT:AVKDKVP-09-024,KT165252,yes,2,NR_185517 Lactarius sikkimensis GENT:AVKDKVP-09-024,https://www.ncbi.nlm.nih.gov/nuccore/NR_185517
NR_185576,Rhytidhysteron subrufulum,holotype,high,GenBank /type_material qualifier,holotype of Rhytidhysteron subrufulum,SICAU:19-0010,MN956781,yes,2,NR_185576 Rhytidhysteron subrufulum SICAU:19-0010 China,https://www.ncbi.nlm.nih.gov/nuccore/NR_185576
NR_185581,Trullella conifericola,holotype,high,GenBank /type_material qualifier,holotype of Trullella conifericola,IFP:019372,MT269760,yes,2,NR_185581 Trullella conifericola IFP:019372 Vietnam,https://www.ncbi.nlm.nih.gov/nuccore/NR_185581
NR_185639,Gerronema atrovirens,holotype,high,GenBank /type_material qualifier,holotype of Gerronema atrovirens,BKF:10264,MZ452088,yes,2,NR_185639 Gerronema atrovirens BKF:10264 Thailand,https://www.ncbi.nlm.nih.gov/nuccore/NR_185639
NR_185641,Xylodon gossypinus,holotype,high,GenBank /type_material qualifier,holotype of Xylodon gossypinus,SWFC:CLZhao 8375,MZ663804,yes,2,NR_185641 Xylodon gossypinus SWFC:CLZhao 8375 China,https://www.ncbi.nlm.nih.gov/nuccore/NR_185641
NR_185663,Xylodon laceratus,holotype,high,GenBank /type_material qualifier,holotype of Xylodon laceratus,SWFC:CLZhao 9892,OL619258,yes,2,NR_185663 Xylodon laceratus SWFC:CLZhao 9892 China,https://www.ncbi.nlm.nih.gov/nuccore/NR_185663
NR_185706,Inocybe cryptica,holotype,high,GenBank /type_material qualifier,holotype of Inocybe cryptica,MA:Fungi:98477,OM985894,yes,2,NR_185706 Inocybe cryptica MA:Fungi:98477,https://www.ncbi.nlm.nih.gov/nuccore/NR_185706
NR_185719,Hypoxylon inaequale,holotype,high,GenBank /type_material qualifier,holotype of Hypoxylon inaequale,HKAS:123207,ON329812,yes,2,NR_185719 Hypoxylon inaequale HKAS:123207,https://www.ncbi.nlm.nih.gov/nuccore/NR_185719
NR_185733,Hydnellum radiatum,holotype,high,GenBank /type_material qualifier,holotype of Hydnellum radiatum,BJFC:030430,ON603664,yes,2,NR_185733 Hydnellum radiatum BJFC:030430,https://www.ncbi.nlm.nih.gov/nuccore/NR_185733
NR_185771,Rhytidhysteron yunnanense,ex-holotype,high,GenBank /type_material qualifier,culture from holotype of Rhytidhysteron yunnanense,KUMCC:21-0486,OP526411,yes,2,NR_185771 Rhytidhysteron yunnanense China,https://www.ncbi.nlm.nih.gov/nuccore/NR_185771
NR_185780,Phellodon concentricus,holotype,high,GenBank /type_material qualifier,holotype of Phellodon concentricus,BJFC:032071,OP751004,yes,2,NR_185780 Phellodon concentricus BJFC:032071,https://www.ncbi.nlm.nih.gov/nuccore/NR_185780
NR_185781,Phellodon caesius,holotype,high,GenBank /type_material qualifier,holotype of Phellodon caesius,BJFC:045001,OP751005,yes,2,NR_185781 Phellodon caesius BJFC:045001,https://www.ncbi.nlm.nih.gov/nuccore/NR_185781
NR_185804,Geastrum pseudosaccatum,holotype,high,GenBank /type_material qualifier,holotype of Geastrum pseudosaccatum,HMJAU:65769,OP964628,yes,2,NR_185804 Geastrum pseudosaccatum HMJAU:65769,https://www.ncbi.nlm.nih.gov/nuccore/NR_185804
NR_186914,Endoradiciella communis,holotype,high,GenBank /type_material qualifier,holotype of Endoradiciella communis,CBS:148863,KT269568,yes,2,NR_186914 Endoradiciella communis France,https://www.ncbi.nlm.nih.gov/nuccore/NR_186914
NR_186915,Tolypocladium fumosum,holotype,high,GenBank /type_material qualifier,holotype of Tolypocladium fumosum,WA:18945,KU925171,yes,2,NR_186915 Tolypocladium fumosum WA:18945 Poland,https://www.ncbi.nlm.nih.gov/nuccore/NR_186915
NR_186929,Strobilomyces calidus,holotype,high,GenBank /type_material qualifier,holotype of Strobilomyces calidus,HKAS:84700,MG832084,yes,2,NR_186929 Strobilomyces calidus HKAS:84700,https://www.ncbi.nlm.nih.gov/nuccore/NR_186929
NR_186932,Coprinellus aureogranulatus,ex-isotype,high,GenBank /type_material qualifier,culture from isotype of Coprinus aureogranulatus,CBS:753.96,MH862611,yes,2,NR_186932 Coprinellus aureogranulatus CBS 753.96 from TYPE material,https://www.ncbi.nlm.nih.gov/nuccore/NR_186932
NR_186953,Phaeotremella dejopia,holotype,high,GenBank /type_material qualifier,holotype of Phaeotremella dejopia,MICH:340451,MT913629,yes,2,NR_186953 Phaeotremella dejopia MICH:340451 Wisconsin US,https://www.ncbi.nlm.nih.gov/nuccore/NR_186953
NR_186968,Melanogaster panzhihuaensis,holotype,high,GenBank /type_material qualifier,holotype of Melanogaster panzhihuaensis,HMAS:81915,MW598551,yes,2,NR_186968 Melanogaster panzhihuaensis HMAS:81915 China,https://www.ncbi.nlm.nih.gov/nuccore/NR_186968
NR_186972,Picipes yuxiensis,holotype,high,GenBank /type_material qualifier,holotype of Picipes yuxiensis,SWFC:CLZhao 6332,MZ325825,yes,2,NR_186972 Picipes yuxiensis SWFC:CLZhao 6332 China,https://www.ncbi.nlm.nih.gov/nuccore/NR_186972
NR_187007,Mycena rufobrunnea,holotype,high,GenBank /type_material qualifier,holotype of Mycena rufobrunnea,FFAAS:0416,ON427730,yes,2,NR_187007 Mycena rufobrunnea FFAAS:0416,https://www.ncbi.nlm.nih.gov/nuccore/NR_187007
NR_187012,Lulesia blancii,epitype,high,GenBank /type_material qualifier,epitype of Rhodopaxillus blancii,AMB:18360,ON502686,yes,2,NR_187012 Lulesia blancii AMB:18360 Pesaro and Urbino IT,https://www.ncbi.nlm.nih.gov/nuccore/NR_187012
NR_187025,Tylopilus tropicalis,holotype,high,GenBank /type_material qualifier,holotype of Tylopilus tropicalis,XAL:Corona 1378,ON645276,yes,2,NR_187025 Tylopilus tropicalis XAL:Corona 1378,https://www.ncbi.nlm.nih.gov/nuccore/NR_187025
NR_187072,Amanita cretaceaverruca,holotype,high,GenBank /type_material qualifier,holotype of Amanita cretaceaverruca,PERTH:09479627,OP235487,yes,2,NR_187072 Amanita cretaceaverruca PERTH:09479627,https://www.ncbi.nlm.nih.gov/nuccore/NR_187072
NR_187082,Rhytidhysteron mengziense,ex-holotype,high,GenBank /type_material qualifier,culture from holotype of Rhytidhysteron mengziense,KUMCC:21-0490,OP526402,yes,2,NR_187082 Rhytidhysteron mengziense KUMCC 21-0490 from TYPE material,https://www.ncbi.nlm.nih.gov/nuccore/NR_187082
NR_187096,Ripartitella degreefii,holotype,high,GenBank /type_material qualifier,holotype of Ripartitella degreefii,MUCL:57374,OQ813454,yes,2,NR_187096 Ripartitella degreefii MUCL 57374 from TYPE material,https://www.ncbi.nlm.nih.gov/nuccore/NR_187096
NR_189335,Astraeus morganii,holotype,high,GenBank /type_material qualifier,holotype of Astraeus morganii,E:E00159977,HG000300,no,2,NR_189335 Astraeus morganii E E00159977 from TYPE material E:E00159977,https://www.ncbi.nlm.nih.gov/nuccore/NR_189335
NR_189340,Cortinarius canovestitus,holotype,high,GenBank /type_material qualifier,holotype of Cortinarius canovestitus,PDD:103667,KF727353,yes,2,NR_189340 Cortinarius canovestitus PDD:103667 New Zealand,https://www.ncbi.nlm.nih.gov/nuccore/NR_189340
NR_189385,Mallocybe leucothrix,holotype,high,GenBank /type_material qualifier,holotype of Mallocybe leucothrix,TENN:075564,MZ404932,yes,2,NR_189385 Mallocybe leucothrix TENN:075564 Florida US,https://www.ncbi.nlm.nih.gov/nuccore/NR_189385
NR_189411,Inocybe thrudiae,holotype,high,GenBank /type_material qualifier,holotype of Inocybe thrudiae,STU:SMNS-STU-F-0901771,OQ324784,yes,2,NR_189411 Inocybe thrudiae STU:SMNS-STU-F-0901771 Austria,https://www.ncbi.nlm.nih.gov/nuccore/NR_189411
NR_189465,Nectriopsis ellipsoidea,ex-holotype,high,GenBank /type_material qualifier,culture from holotype of Nectriopsis ellipsoidea,CBS:358.78,OQ429727,yes,2,NR_189465 Nectriopsis ellipsoidea Louisiana US,https://www.ncbi.nlm.nih.gov/nuccore/NR_189465
NR_189554,Nectriopsis didymii,ex-holotype,high,GenBank /type_material qualifier,culture from holotype of Nectriopsis didymii,CBS:852.70A,OQ911251,yes,2,NR_189554 Nectriopsis didymii Germany,https://www.ncbi.nlm.nih.gov/nuccore/NR_189554
NR_189787,Agaricus bonussquamulosus,holotype,high,GenBank /type_material qualifier,holotype of Agaricus bonussquamulosus,HMAS:275803,KX657047,yes,2,NR_189787 Agaricus bonussquamulosus HMAS:275803,https://www.ncbi.nlm.nih.gov/nuccore/NR_189787
NR_189812,Scytinostroma subrenisporum,holotype,high,GenBank /type_material qualifier,holotype of Scytinostroma subrenisporum,BJFC:024311,MK625566,yes,2,NR_189812 Scytinostroma subrenisporum BJFC:024311 China,https://www.ncbi.nlm.nih.gov/nuccore/NR_189812
NR_189815,Cystolepiota pseudoseminuda,holotype,high,GenBank /type_material qualifier,holotype of Cystolepiota pseudoseminuda,KUN-HKAS:92275,MN810149,yes,2,NR_189815 Cystolepiota pseudoseminuda KUN-HKAS:92275 Yunnan CN,https://www.ncbi.nlm.nih.gov/nuccore/NR_189815
NR_189816,Hyphodontia pachyspora,holotype,high,GenBank /type_material qualifier,holotype of Hyphodontia pachyspora,IFP:LWZ20170908-5,MT319426,yes,2,NR_189816 Hyphodontia pachyspora IFP:LWZ20170908-5,https://www.ncbi.nlm.nih.gov/nuccore/NR_189816
NR_189828,Tricholoma mcneilii,holotype,high,GenBank /type_material qualifier,holotype of Tricholoma mcneilii,DAOM:985001,MW628021,yes,2,NR_189828 Tricholoma mcneilii DAOM:985001 Quebec CA,https://www.ncbi.nlm.nih.gov/nuccore/NR_189828
NR_189945,Scytinostroma macrospermum,holotype,high,GenBank /type_material qualifier,holotype of Scytinostroma macrospermum,BJFC:039838,OQ689126,yes,2,NR_189945 Scytinostroma macrospermum BJFC:039838 China,https://www.ncbi.nlm.nih.gov/nuccore/NR_189945
NR_191087,Lyophyllum agnijum,holotype,high,GenBank /type_material qualifier,holotype of Lyophyllum agnijum,CAL:1388,MK860709,yes,2,NR_191087 Lyophyllum agnijum CAL:1388 India,https://www.ncbi.nlm.nih.gov/nuccore/NR_191087
NR_191088,Pluteus liliputianus,holotype,high,GenBank /type_material qualifier,holotype of Pluteus liliputianus,LE<RUS>:312868,MK982288,yes,2,NR_191088 Pluteus liliputianus LE:312868 Russia,https://www.ncbi.nlm.nih.gov/nuccore/NR_191088
NR_191104,Pluteus brunneovelutinus,holotype,high,GenBank /type_material qualifier,holotype of Pluteus brunneovelutinus,LE<RUS>:313240,MT611233,yes,2,NR_191104 Pluteus brunneovelutinus LE:313240 Vietnam,https://www.ncbi.nlm.nih.gov/nuccore/NR_191104
NR_191105,Pluteus squamulososulcatus,holotype,high,GenBank /type_material qualifier,holotype of Pluteus squamulososulcatus,LE<RUS>:313237,MT611234,yes,2,NR_191105 Pluteus squamulososulcatus LE:313237 Vietnam,https://www.ncbi.nlm.nih.gov/nuccore/NR_191105
NR_191121,Entoloma isborscanum,holotype,high,GenBank /type_material qualifier,holotype of Entoloma isborscanum,LE<RUS>:302088,MW934566,yes,2,NR_191121 Type Entoloma isborscanum LE 302088,https://www.ncbi.nlm.nih.gov/nuccore/NR_191121
NR_191127,Entoloma callipygmaeum,holotype,high,GenBank /type_material qualifier,holotype of Entoloma callipygmaeum,LE<RUS>:253784,MZ145207,yes,2,NR_191127 Entoloma callipygmaeum LE:253784 Primorsky Krai RU,https://www.ncbi.nlm.nih.gov/nuccore/NR_191127
NR_191185,Entoloma rhombisporoides,holotype,high,GenBank /type_material qualifier,holotype of Entoloma rhombisporoides,LE<RUS>:312545,OL853787,yes,2,NR_191185 Entoloma rhombisporoides LE 312545 from TYPE material LE:312545,https://www.ncbi.nlm.nih.gov/nuccore/NR_191185
NR_191197,Ophiocordyceps laotii,ex-holotype,high,GenBank /type_material qualifier,culture from holotype of Ophiocordyceps laotii,BCC<THA>:76495,ON763786,yes,2,NR_191197 Ophiocordyceps laotii Thailand,https://www.ncbi.nlm.nih.gov/nuccore/NR_191197
NR_191198,Coprinopsis rhombisporoides,holotype,high,GenBank /type_material qualifier,holotype of Coprinopsis rhombisporoides,BR<BEL>:DDCOFRI,ON775519,yes,2,NR_191198 Coprinopsis rhombisporoides BR DDCOFRI from TYPE material BR:DDCOFRI,https://www.ncbi.nlm.nih.gov/nuccore/NR_191198
NR_191223,Tarzetta urceolata,holotype,high,GenBank /type_material qualifier,holotype of Tarzetta urceolata,HKAS:127116,OQ422966,yes,2,NR_191223 Tarzetta urceolata HKAS:127116,https://www.ncbi.nlm.nih.gov/nuccore/NR_191223
NR_191287,Nemania hydei,holotype,high,GenBank /type_material qualifier,holotype of Nemania hydei,MFLU:23-0381,OR492027,yes,2,NR_191287 Nemania hydei MFLU:23-0381 Thailand,https://www.ncbi.nlm.nih.gov/nuccore/NR_191287
NR_191291,Acremonium isabellae,holotype,high,GenBank /type_material qualifier,holotype of Acremonium isabellae,BRIP:75819a,OR527519,yes,2,NR_191291 Acremonium isabellae,https://www.ncbi.nlm.nih.gov/nuccore/NR_191291
NR_191345,Lactarius alpinus var. mitis,holotype,high,GenBank /type_material qualifier,holotype of Lactarius alpinus var. mitis,MICH:5286,PP375499,yes,2,NR_191345 Lactarius alpinus var. mitis MICH:5286 Idaho US,https://www.ncbi.nlm.nih.gov/nuccore/NR_191345
NR_197474,Macrolepiota pallida,holotype,high,GenBank /type_material qualifier,holotype of Macrolepiota pallida,DAOM:984979,ON287029,yes,2,NR_197474 Macrolepiota pallida DAOM:984979 Quebec CA,https://www.ncbi.nlm.nih.gov/nuccore/NR_197474
NR_197477,Fomitopsis cupressicola,holotype,high,GenBank /type_material qualifier,holotype of Fomitopsis cupressicola,H:7200201,ON994679,yes,2,NR_197477 Fomitopsis cupressicola H:7200201 New Jersey US,https://www.ncbi.nlm.nih.gov/nuccore/NR_197477
NR_197509,Ophioceras thailandense,holotype,high,GenBank /type_material qualifier,holotype of Ophioceras thailandense,MFLU:15-1138,OP377882,yes,2,NR_197509 Ophioceras thailandense MFLU:15-1138 Thailand,https://www.ncbi.nlm.nih.gov/nuccore/NR_197509
NR_197537,Micropsalliota ferruginea,holotype,high,GenBank /type_material qualifier,holotype of Micropsalliota ferruginea,HKAS:70562,OR799884,yes,2,NR_197537 Micropsalliota ferruginea HKAS:70562 Yunnan CN,https://www.ncbi.nlm.nih.gov/nuccore/NR_197537
NR_197567,Hymenogaster minisporus,holotype,high,GenBank /type_material qualifier,holotype of Hymenogaster minisporus,BJTC:FAN1244,PP467407,yes,2,NR_197567 Hymenogaster minisporus BJTC:FAN1244 China,https://www.ncbi.nlm.nih.gov/nuccore/NR_197567
NR_197890,Martensiomyces pterosporus,isotype,high,GenBank /type_material qualifier,isotype of Martensiomyces pterosporus,JMRC:SF:000821,OR045898,yes,2,NR_197890.1 Martensiomyces pterosporus culture_collection JMRC:SF:000821 isotype,https://www.ncbi.nlm.nih.gov/nuccore/NR_197890
NR_197908,Bullatosporium taxicola,holotype,high,GenBank /type_material qualifier,holotype of Bullatosporium taxicola,CBS:151402,PP516535,yes,2,NR_197908.1 Bullatosporium taxicola CBS 151402 ITS region; from TYPE material,https://www.ncbi.nlm.nih.gov/nuccore/NR_197908
NR_198001,Clavariadelphus subfastigiatus,holotype,high,GenBank /type_material qualifier,holotype of Clavariadelphus subfastigiatus,MICH:73554,JX275756,yes,2,NR_198001 Clavariadelphus subfastigiatus MICH:73554 Oregon US,https://www.ncbi.nlm.nih.gov/nuccore/NR_198001
NR_198003,Entoloma crocotillum,holotype,high,GenBank /type_material qualifier,holotype of Entoloma crocotillum,SAAS:255,KC555561,yes,2,NR_198003 Entoloma crocotillum SAAS:255 China,https://www.ncbi.nlm.nih.gov/nuccore/NR_198003
NR_198074,Gymnopilus subspectabilis,holotype,high,GenBank /type_material qualifier,holotype of Gymnopilus subspectabilis,MICH:10995,MN206901,yes,2,NR_198074 Gymnopilus subspectabilis MICH:10995,https://www.ncbi.nlm.nih.gov/nuccore/NR_198074
NR_198075,Conioexocarpus attinorum,holotype,high,GenBank /type_material qualifier,holotype of Leucocoprinus attinorum,FLOR:68411,MN473885,yes,2,NR_198075 Leucocoprinus attinorum FLOR:68411 São Paulo BR,https://www.ncbi.nlm.nih.gov/nuccore/NR_198075
NR_198084,Mycena corticalis,holotype,high,GenBank /type_material qualifier,holotype of Mycena corticalis,MICH:11472,MN809550,yes,2,NR_198084 Mycena corticalis MICH:11472 Oregon US,https://www.ncbi.nlm.nih.gov/nuccore/NR_198084
NR_198117,Sidera borealis,holotype,high,GenBank /type_material qualifier,holotype of Sidera borealis,BJFC:015331,MW198485,yes,2,NR_198117 Sidera borealis BJFC:015331 China,https://www.ncbi.nlm.nih.gov/nuccore/NR_198117
NR_198126,Hydnellum sulcatum,holotype,high,GenBank /type_material qualifier,holotype of Hydnellum sulcatum,IFP:019424,MW579960,yes,2,NR_198126 Hydnellum sulcatum IFP:019424,https://www.ncbi.nlm.nih.gov/nuccore/NR_198126
NR_198127,Tricholoma platyphyllum,epitype,high,GenBank /type_material qualifier,epitype of Melanoleuca platyphylla,WTU:F:073003,MW597187,yes,2,NR_198127 Tricholoma platyphyllum WTU:F:073003 Oregon US,https://www.ncbi.nlm.nih.gov/nuccore/NR_198127
NR_198130,Tricholoma badicephalum,epitype,high,GenBank /type_material qualifier,epitype of Armillaria badicephala,WTU:F:073095,MW597309,yes,2,NR_198130 Tricholoma badicephalum WTU:F:073095 Colorado US,https://www.ncbi.nlm.nih.gov/nuccore/NR_198130
NR_198134,Tricholoma pudorinum,holotype,high,GenBank /type_material qualifier,holotype of Tricholoma pudorinum,DAOM:985246,MW628059,yes,2,NR_198134 Tricholoma pudorinum DAOM:985246 Quebec CA,https://www.ncbi.nlm.nih.gov/nuccore/NR_198134
NR_198150,Russula begonia,holotype,high,GenBank /type_material qualifier,holotype of Russula begonia,HBAU:15564,MZ573252,yes,2,NR_198150.1 Russula begonia specimen_voucher HBAU 15564 China holotype,https://www.ncbi.nlm.nih.gov/nuccore/NR_198150
NR_198165,Gautieria villosa var. pilifera,holotype,high,GenBank /type_material qualifier,holotype of Gautieria villosa var. pilifera,BCN:JMV800561,OL036694,yes,2,NR_198165 Gautieria villosa var. pilifera BCN:JMV800561 Thessaly GR,https://www.ncbi.nlm.nih.gov/nuccore/NR_198165
NR_198169,Gautieria pervestita,holotype,high,GenBank /type_material qualifier,holotype of Gautieria pervestita,BCN:JMV800556,OL310906,yes,2,NR_198169 Gautieria pervestita BCN:JMV800556 Central Greece GR,https://www.ncbi.nlm.nih.gov/nuccore/NR_198169
NR_198207,Pseudohydnum alienum,holotype,high,GenBank /type_material qualifier,holotype of Pseudohydnum alienum,LE<RUS>:253853,OM451493,yes,2,NR_198207 Pseudohydnum alienum LE:253853 Russia,https://www.ncbi.nlm.nih.gov/nuccore/NR_198207
NR_198266,Lulesia solaris,holotype,high,GenBank /type_material qualifier,holotype of Clitocella solaris,LUG:19882,ON922914,yes,2,NR_198266 Lulesia solaris LUG:19882 Haut-Rhin FR,https://www.ncbi.nlm.nih.gov/nuccore/NR_198266
NR_198299,Hygrophorus brunnescens,holotype,high,GenBank /type_material qualifier,holotype of Hygrophorus brunnescens,GDGM:84456,OP547694,yes,2,NR_198299 Hygrophorus brunnescens GDGM:84456 China,https://www.ncbi.nlm.nih.gov/nuccore/NR_198299
NR_198302,Hygrophorus brunneololamellatus,holotype,high,GenBank /type_material qualifier,holotype of Hygrophorus brunneololamellatus,GDGM:84600,OP547716,yes,2,NR_198302 Hygrophorus brunneololamellatus GDGM:84600 China,https://www.ncbi.nlm.nih.gov/nuccore/NR_198302
NR_198321,Collybia humida,holotype,high,GenBank /type_material qualifier,holotype of Collybia humida,HKAS:123107,OP626939,yes,2,NR_198321 Collybia humida HKAS:123107 Yunnan CN,https://www.ncbi.nlm.nih.gov/nuccore/NR_198321
NR_198322,Collybia tibetica,holotype,high,GenBank /type_material qualifier,holotype of Collybia tibetica,HKAS:115436,OP626945,yes,2,NR_198322 Collybia tibetica HKAS:115436 Tibet Autonomous Region CN,https://www.ncbi.nlm.nih.gov/nuccore/NR_198322
NR_198326,Collybia hunanensis,holotype,high,GenBank /type_material qualifier,holotype of Collybia hunanensis,MHHNU:31389,OP626969,yes,2,NR_198326 Collybia hunanensis MHHNU:31389 Hunan CN,https://www.ncbi.nlm.nih.gov/nuccore/NR_198326
NR_198338,Leucoagaricus swaticus,holotype,high,GenBank /type_material qualifier,holotype of Leucoagaricus swaticus,LAH:35309,OP740353,yes,2,NR_198338 Leucoagaricus swaticus LAH:35309,https://www.ncbi.nlm.nih.gov/nuccore/NR_198338
NR_198345,Thelephora glaucoflora,holotype,high,GenBank /type_material qualifier,holotype of Thelephora glaucoflora,IFP:19533,OP793751,yes,2,NR_198345 Thelephora glaucoflora IFP:19533 China,https://www.ncbi.nlm.nih.gov/nuccore/NR_198345
NR_198346,Thelephora pseudoganbajun,holotype,high,GenBank /type_material qualifier,holotype of Thelephora pseudoganbajun,IFP:19545,OP793768,yes,2,NR_198346 Thelephora pseudoganbajun IFP:19545 China,https://www.ncbi.nlm.nih.gov/nuccore/NR_198346
NR_198416,Tylopilus pallidocervicolor,holotype,high,GenBank /type_material qualifier,holotype of Tylopilus pallidocervicolor,GDGM:91094,OQ617298,yes,2,NR_198416 Tylopilus pallidocervicolor GDGM:91094 Guangdong CN,https://www.ncbi.nlm.nih.gov/nuccore/NR_198416
NR_198440,Conocybe rufostipes,holotype,high,GenBank /type_material qualifier,holotype of Conocybe rufostipes,HMJAU:64937,OQ758120,yes,2,NR_198440 Conocybe rufostipes HMJAU:64937,https://www.ncbi.nlm.nih.gov/nuccore/NR_198440
NR_198441,Parasola cinnamomescens,holotype,high,GenBank /type_material qualifier,holotype of Parasola cinnamomescens,LAH:37773,OQ779055,yes,2,NR_198441 Parasola cinnamomescens LAH:37773 Pakistan,https://www.ncbi.nlm.nih.gov/nuccore/NR_198441
NR_198451,Xerocomellus himalayanus,holotype,high,GenBank /type_material qualifier,holotype of Xerocomellus himalayanus,CAL:1932,OQ847832,yes,2,NR_198451 Xerocomellus himalayanus CAL:1932 Himachal Pradesh IN,https://www.ncbi.nlm.nih.gov/nuccore/NR_198451
NR_198566,Cortinarius andrewii,isotype,high,GenBank /type_material qualifier,isotype of Cortinarius andrewii,WTU:F:078355,OR147293,yes,2,NR_198566 Cortinarius andrewii WTU:F:078355 Guyana,https://www.ncbi.nlm.nih.gov/nuccore/NR_198566
NR_198586,Maireina subsphaerospora,holotype,high,GenBank /type_material qualifier,holotype of Maireina subsphaerospora,"PC:0783898, AM2012151",OR234754,yes,2,"NR_198586 Maireina subsphaerospora PC:0783898, AM2012151 Côte-d'Or FR",https://www.ncbi.nlm.nih.gov/nuccore/NR_198586
NR_198626,Henningsomyces hengduanensis,holotype,high,GenBank /type_material qualifier,holotype of Henningsomyces hengduanensis,HMAS:LWZ20190807-11b,OR557250,yes,2,NR_198626 Henningsomyces hengduanensis HMAS:LWZ20190807-11b,https://www.ncbi.nlm.nih.gov/nuccore/NR_198626
NR_198633,Hyphodermella sinensis,holotype,high,GenBank /type_material qualifier,holotype of Hyphodermella sinensis,SWFC:CLZhao25866,OR658992,yes,2,NR_198633 Hyphodermella sinensis SWFC:CLZhao25866 China,https://www.ncbi.nlm.nih.gov/nuccore/NR_198633
NR_198655,Cerioporus yunnanensis,holotype,high,GenBank /type_material qualifier,holotype of Cerioporus yunnanensis,SWFC:CLZhao27270,OR771910,yes,2,NR_198655 Cerioporus yunnanensis SWFC:CLZhao27270 China,https://www.ncbi.nlm.nih.gov/nuccore/NR_198655
NR_198663,Tremellodendropsis oblongispora,holotype,high,GenBank /type_material qualifier,holotype of Tremellodendropsis oblongispora,HKAS:131074,OR822226,yes,2,NR_198663 Tremellodendropsis oblongispora HKAS:131074 China,https://www.ncbi.nlm.nih.gov/nuccore/NR_198663
NR_198677,Cystolepiota changbaishanensis,holotype,high,GenBank /type_material qualifier,holotype of Cystolepiota changbaishanensis,HMJAU:68224,OR947167,yes,2,NR_198677 Cystolepiota changbaishanensis HMJAU:68224 China,https://www.ncbi.nlm.nih.gov/nuccore/NR_198677
NR_198679,Cortinarius paradetonsus,holotype,high,GenBank /type_material qualifier,holotype of Cortinarius paradetonsus,PC:XC2002-77,OR950983,yes,2,NR_198679 Cortinarius paradetonsus PC:XC2002-77 Savoie FR,https://www.ncbi.nlm.nih.gov/nuccore/NR_198679
NR_198705,Gymnopus tianbaoyanensis,holotype,high,GenBank /type_material qualifier,holotype of Gymnopus tianbaoyanensis,HMJAU:60417,PP151500,yes,2,NR_198705 Gymnopus tianbaoyanensis HMJAU:60417 Fujian CN,https://www.ncbi.nlm.nih.gov/nuccore/NR_198705
NR_198708,Mycetinis arbuscularis,holotype,high,GenBank /type_material qualifier,holotype of Mycetinis arbuscularis,HMJAU:60427,PP151533,yes,2,NR_198708 Mycetinis arbuscularis HMJAU:60427 Yunnan CN,https://www.ncbi.nlm.nih.gov/nuccore/NR_198708
NR_198821,Rhizopogon fuscorubens,holotype,high,GenBank /type_material qualifier,holotype of Rhizopogon fuscorubens,MICH:12391,PP849579,yes,2,NR_198821 Rhizopogon fuscorubens MICH:12391 Oregon US,https://www.ncbi.nlm.nih.gov/nuccore/NR_198821
NR_198823,Rhizopogon alpestris,holotype,high,GenBank /type_material qualifier,holotype of Rhizopogon alpestris,MICH:5427,PP849595,yes,2,NR_198823 Rhizopogon alpestris MICH:5427 Idaho US,https://www.ncbi.nlm.nih.gov/nuccore/NR_198823
NR_198825,Rhizopogon arenicola,holotype,high,GenBank /type_material qualifier,holotype of Rhizopogon arenicola,MICH:5429,PP849599,yes,2,NR_198825 Rhizopogon arenicola MICH:5429 Idaho US,https://www.ncbi.nlm.nih.gov/nuccore/NR_198825
NR_198844,Exobasidium noetherae,holotype,high,GenBank /type_material qualifier,holotype of Exobasidium noetherae,BRIP:76280a,PQ061110,yes,2,NR_198844 Exobasidium noetherae New South Wales AU,https://www.ncbi.nlm.nih.gov/nuccore/NR_198844
NR_199093,Volvariella deceptiva,holotype,high,GenBank /type_material qualifier,holotype of Volvariella deceptiva,AMB:19290,OR863485,yes,2,NR_199093 Volvariella deceptiva AMB:19290 L'Aquila IT,https://www.ncbi.nlm.nih.gov/nuccore/NR_199093
NR_200325,Russula rheicolor,holotype,high,GenBank /type_material qualifier,holotype of Russula rheicolor,TENN:071161,KY509438,yes,2,NR_200325 Russula rheicolor TENN:071161 Tennessee US,https://www.ncbi.nlm.nih.gov/nuccore/NR_200325
NR_200326,Russula cordata,holotype,high,GenBank /type_material qualifier,holotype of Russula cordata,TENN:070924,KY509442,yes,2,NR_200326 Russula cordata TENN:070924 Tennessee US,https://www.ncbi.nlm.nih.gov/nuccore/NR_200326
NR_200340,Sarcodon austrofibulatus,holotype,high,GenBank /type_material qualifier,holotype of Sarcodon austrofibulatus,MEL:2417187,MK049936,yes,2,NR_200340 Sarcodon austrofibulatus MEL 2417187 ITS region; from TYPE material,https://www.ncbi.nlm.nih.gov/nuccore/NR_200340
NR_200346,Cuphophyllus cinerellus,epitype,high,GenBank /type_material qualifier,epitype of Camarophyllus cinerellus,GB:0156961,MK573935,yes,2,NR_200346 Cuphophyllus cinerellus GB:0156961 Sweden,https://www.ncbi.nlm.nih.gov/nuccore/NR_200346
NR_200539,Lividopora facilis,isotype,high,GenBank /type_material qualifier,isotype of Lividopora facilis,H:7200351,OR262154,yes,2,NR_200539 Lividopora facilis H:7200351 Riau ID,https://www.ncbi.nlm.nih.gov/nuccore/NR_200539
NR_200595,Hydnellum nitida,holotype,high,GenBank /type_material qualifier,holotype of Hydnellum nitida,BJFC:Cui18571,OR814000,yes,2,NR_200595.1 Hydnellum nitida HOLOTYPE China (dirty beg?),https://www.ncbi.nlm.nih.gov/nuccore/NR_200595
NR_200603,Sarcodon yunnanensis,holotype,high,GenBank /type_material qualifier,holotype of Sarcodon yunnanensis,BJFC:He1078,OR814025,yes,2,NR_200603 Sarcodon yunnanensis BJFC He1078 ITS region; from TYPE material,https://www.ncbi.nlm.nih.gov/nuccore/NR_200603
NR_200640,Vibrissea catenata,holotype,high,GenBank /type_material qualifier,holotype of Vibrissea catenata,HKAS:131991,PP294647,yes,2,NR_200640 Vibrissea catenata HKAS:131991 China,https://www.ncbi.nlm.nih.gov/nuccore/NR_200640
NR_200726,Psilocybe clavata,type,high,GenBank /type_material qualifier,type material of Psilocybe clavata,NY:761604,PP599668,yes,2,NR_200726 Psilocybe clavata NY:761604 Mexico,https://www.ncbi.nlm.nih.gov/nuccore/NR_200726
NR_200780,Amanita fuscozonata,holotype,high,GenBank /type_material qualifier,holotype of Amanita fuscozonata,QFB:32912,PP762736,yes,2,NR_200780 Amanita fuscozonata QFB:32912 Quebec CA,https://www.ncbi.nlm.nih.gov/nuccore/NR_200780
NR_200903,Henningsomyces bambusae,holotype,high,GenBank /type_material qualifier,holotype of Henningsomyces bambusae,SWFC:CLZhao 33088,PQ408628,yes,2,NR_200903 Henningsomyces bambusae SWFC:CLZhao 33088,https://www.ncbi.nlm.nih.gov/nuccore/NR_200903
NR_200923,Hygrocybe squamosissima,holotype,high,GenBank /type_material qualifier,holotype of Hygrocybe squamosissima,AGMT:13690,PQ492722,yes,2,NR_200923 Hygrocybe squamosissima AGMT:13690 Lucca IT,https://www.ncbi.nlm.nih.gov/nuccore/NR_200923
NR_201095,Lanmaoa flavorubra,isotype,high,GenBank /type_material qualifier,isotype of Lanmaoa flavorubra,NY:775777,PV694355,yes,2,NR_201095 Lanmaoa flavorubra NY:775777 Costa Rica,https://www.ncbi.nlm.nih.gov/nuccore/NR_201095
NR_201096,Lanmaoa angustispora,holotype,high,GenBank /type_material qualifier,holotype of Lanmaoa angustispora,HKAS:74752,PV694363,yes,2,NR_201096 Lanmaoa angustispora HKAS:74752 China,https://www.ncbi.nlm.nih.gov/nuccore/NR_201096
NR_202135,Leucoagaricus dyscritus,holotype,high,GenBank /type_material qualifier,holotype of Leucoagaricus dyscritus,UC<USA-CA>:EC Vellinga 3956,GU136180,yes,2,NR_202135 Leucoagaricus dyscritus UC:EC Vellinga 3956 California US,https://www.ncbi.nlm.nih.gov/nuccore/NR_202135
NR_202163,Cortinarius vanduzerensis,holotype,high,GenBank /type_material qualifier,holotype of Cortinarius vanduzerensis,MICH:10434,KR011130,yes,2,NR_202163.1 Cortinarius vanduzerensis MICH 10434 ITS region; from TYPE material,https://www.ncbi.nlm.nih.gov/nuccore/NR_202163
NR_202181,Russula nuda,holotype,high,GenBank /type_material qualifier,holotype of Russula nuda,HHUF:30690,LC856608,no,2,NR_202181.1 Russula nuda specimen_voucher HHUF 30690 Japan Aomori Nishimeya holotype,https://www.ncbi.nlm.nih.gov/nuccore/NR_202181
NR_202244,Agaricus aristocratus,holotype,high,GenBank /type_material qualifier,holotype of Agaricus aristocratus,O:F-72528,MT216231,yes,2,NR_202244 Agaricus aristocratus O:F-72528 Norway,https://www.ncbi.nlm.nih.gov/nuccore/NR_202244
NR_202436,Gloeocystidiellum punctatum,holotype,high,GenBank /type_material qualifier,holotype of Gloeocystidiellum punctatum,SWFC:CLZhao20755,PP356586,yes,2,NR_202436 Gloeocystidiellum punctatum SWFC:CLZhao20755 China,https://www.ncbi.nlm.nih.gov/nuccore/NR_202436
NR_202545,Clavulinopsis ebrioexuberans,holotype,high,GenBank /type_material qualifier,holotype of Clavulinopsis ebrioexuberans,TENN:F-067667,PQ453604,yes,2,NR_202545 Clavulinopsis ebrioexuberans TENN:F-067667 Tennessee US,https://www.ncbi.nlm.nih.gov/nuccore/NR_202545
NR_202554,Skyathea hederae,holotype,high,GenBank /type_material qualifier,holotype of Skyathea hederae,K:M32267,PQ483788,yes,2,NR_202554 Skyathea hederae K:M32267 Scotland GB,https://www.ncbi.nlm.nih.gov/nuccore/NR_202554
NR_202563,Resupinatus reviviscens,holotype,high,GenBank /type_material qualifier,holotype of Resupinatus reviviscens,MFLU:24-0233,PQ570401,yes,2,NR_202563 Resupinatus reviviscens MFLU:24-0233 Chiang Mai TH,https://www.ncbi.nlm.nih.gov/nuccore/NR_202563
NR_202668,Gloeodontia sinensis,holotype,high,GenBank /type_material qualifier,holotype of Gloeodontia sinensis,SWFC:CLZhao34280,PV147170,yes,2,NR_202668 Gloeodontia sinensis SWFC:CLZhao34280 China,https://www.ncbi.nlm.nih.gov/nuccore/NR_202668
NR_202691,Dentipellis yingjiangensis,holotype,high,GenBank /type_material qualifier,holotype of Dentipellis yingjiangensis,SWFC:CLZhao37187,PV441141,yes,2,NR_202691 Dentipellis yingjiangensis SWFC:CLZhao37187 China,https://www.ncbi.nlm.nih.gov/nuccore/NR_202691
NR_202717,Leucocoprinus phaeocyaneus,holotype,high,GenBank /type_material qualifier,holotype of Leucocoprinus phaeocyaneus,HMAS:282466,PV470752,yes,2,NR_202717 Leucocoprinus phaeocyaneus HMAS:282466 China,https://www.ncbi.nlm.nih.gov/nuccore/NR_202717
NR_202718,Leucocoprinus atrocaeruleus,holotype,high,GenBank /type_material qualifier,holotype of Leucocoprinus atrocaeruleus,HMAS:282465,PV470754,yes,2,NR_202718 Leucocoprinus atrocaeruleus HMAS:282465 China,https://www.ncbi.nlm.nih.gov/nuccore/NR_202718
NR_202815,Mycena rubrofusca,holotype,high,GenBank /type_material qualifier,holotype of Mycena rubrofusca,FFAAS:3406,PV939245,yes,2,NR_202815.1 Mycena rubrofusca specimen_voucher FFAAS:3406 China holotype,https://www.ncbi.nlm.nih.gov/nuccore/NR_202815
NR_202921,Tristolepiota actinophora,holotype,high,GenBank /type_material qualifier,holotype of Tristolepiota actinophora,HKAS:153559,PX857036,yes,2,NR_202921 Tristolepiota actinophora HKAS 153559 from TYPE material,https://www.ncbi.nlm.nih.gov/nuccore/NR_202921
NR_202922,Tristolepiota boluoshanensis,holotype,high,GenBank /type_material qualifier,holotype of Tristolepiota boluoshanensis,HKAS:153530,PX857038,yes,2,NR_202922 Tristolepiota boluoshanensis HKAS 153530 from TYPE material,https://www.ncbi.nlm.nih.gov/nuccore/NR_202922
NR_202923,Tristolepiota shumuyuanensis,holotype,high,GenBank /type_material qualifier,holotype of Tristolepiota shumuyuanensis,HKAS:153533,PX857039,yes,2,NR_202923 Tristolepiota shumuyuanensis HKAS:153533 China,https://www.ncbi.nlm.nih.gov/nuccore/NR_202923
NR_202926,Pulchrolepiota velutina,holotype,high,GenBank /type_material qualifier,holotype of Pulchrolepiota velutina,HKAS:153550,PX857046,yes,2,NR_202926 Pulchrolepiota velutina HKAS:153550 China,https://www.ncbi.nlm.nih.gov/nuccore/NR_202926
NR_202958,Hygrocybe sinorubra,holotype,high,GenBank /type_material qualifier,holotype of Hygrocybe sinorubra,HKAS:142439,PX915253,yes,2,NR_202958 Hygrocybe sinorubra HKAS 142439 from TYPE material,https://www.ncbi.nlm.nih.gov/nuccore/NR_202958
NR_202959,Hygrocybe cortinarioides,holotype,high,GenBank /type_material qualifier,holotype of Hygrocybe cortinarioides,HKAS:141677,PX915259,yes,2,NR_202959.1 Hygrocybe cortinarioides specimen_voucher HKAS 141677 China Yunnan holotype Hygrocybe cortinarioides,https://www.ncbi.nlm.nih.gov/nuccore/NR_202959
PQ060432,Anthostomelloides uchidae,holotype,high,GenBank /type_material qualifier,holotype of Anthostomelloides uchidae,MST-F22879,,,2,PQ060432.1 Anthostomelloides uchidae strain MST-F22879 Australia: Tasmania holotype,https://www.ncbi.nlm.nih.gov/nuccore/PQ060432
EU071862,Amanita persicina,paratype,high,GenBank /type_material qualifier,paratype of Amanita muscaria var. persicina,RET151-4,,,1,EU071862.1 Amanita persicina strain RET151-4 paratype,https://www.ncbi.nlm.nih.gov/nuccore/EU071862
FR748135,Pisolithus capsulifer,holotype,high,GenBank /type_material qualifier,holotype of Lycoperdon capsuliferum,"E00290168, epitype",,,1,FR748135.1 Pisolithus capsulifer EPITYPE UK,https://www.ncbi.nlm.nih.gov/nuccore/FR748135
GU565167,Psilocybe cyanescens,ex-epitype,high,GenBank /type_material qualifier,culture from epitype of Psilocybe cyanescens,PRM 901481,,,1,GU565167.1 Psilocybe cyanescens specimen_voucher PRM 901481 type_material culture from epitype Germany Psilocybe cyanescens,https://www.ncbi.nlm.nih.gov/nuccore/GU565167
HE994459,Psilocybe allenii,ex-holotype,high,GenBank /type_material qualifier,culture from holotype of Psilocybe allenii,PRM 899876,,,1,HE994459.1 Psilocybe allenii specimen_voucher PRM 899876 type_material culture from holotype USA Psilocybe allenii,https://www.ncbi.nlm.nih.gov/nuccore/HE994459
JBBPOH010007733,Phylloporus arenicola,holotype,high,GenBank /type_material qualifier,holotype of Phylloporus arenicola,MICH11741,,,1,JBBPOH010007733.1 Phylloporus arenicola HOLOTYPE OR (was PNW01) USA,https://www.ncbi.nlm.nih.gov/nuccore/JBBPOH010007733
LC600235,Balsamia oblonga,holotype,high,GenBank /type_material qualifier,holotype of Balsamia oblonga,KPM:NC 28613,,,1,LC600235.1 Balsamia oblonga specimen_voucher KPM NC 28613 Japan Gunma holotype Balsamia oblonga,https://www.ncbi.nlm.nih.gov/nuccore/LC600235
LN850461,Rhodophyllus svrcekii,holotype,high,GenBank /type_material qualifier,holotype of Rhodophyllus svrcekii,holotype PRM627048,,,1,LN850461 Rhodophyllus svrcekii holotype PRM627048 Czech Republic,https://www.ncbi.nlm.nih.gov/nuccore/LN850461
LN850538,Entoloma transvenosum var. microsporum,syntype,high,GenBank /type_material qualifier,syntype of Entoloma transvenosum var. microsporum,syntype WU20773,,,1,LN850538 Entoloma transvenosum var. microsporum syntype WU20773 Austria,https://www.ncbi.nlm.nih.gov/nuccore/LN850538
LN850547,Entoloma terreum,holotype,high,GenBank /type_material qualifier,holotype of Entoloma terreum,holotype AH30808,,,1,LN850547 Entoloma terreum holotype AH30808 Spain,https://www.ncbi.nlm.nih.gov/nuccore/LN850547
LN850561,Entoloma sarcitulum,holotype,high,GenBank /type_material qualifier,holotype of Leptonia sarcitula,holotype 530 K109031,,,1,LN850561 Entoloma sarcitulum holotype 530 K109031 United Kingdom,https://www.ncbi.nlm.nih.gov/nuccore/LN850561
LN850610,Entoloma svalbardense,holotype,high,GenBank /type_material qualifier,holotype of Entoloma svalbardense,holotype GG310/86 O74756,,,1,LN850610 Entoloma svalbardense holotype GG310/86 O74756 Svalbard SJ,https://www.ncbi.nlm.nih.gov/nuccore/LN850610
LN850621,Entoloma brunneipes,holotype,high,GenBank /type_material qualifier,holotype of Entoloma brunneipes,holotype TENN9029,,,1,LN850621 Entoloma brunneipes holotype TENN9029 United States,https://www.ncbi.nlm.nih.gov/nuccore/LN850621
MT053245,Ramaria pallidissima,holotype,high,GenBank /type_material qualifier,holotype of Ramaria pallidissima,ZT Myc 55616 holotype Holotype,,,1,"MT053245.1 Ramaria pallidissima voucher ZT Myc 55616 holotype Holotype large subunit ribosomal RNA gene, partial sequence",https://www.ncbi.nlm.nih.gov/nuccore/MT053245
NG_058684,Bolbitius pallidus,holotype,high,GenBank /type_material qualifier,holotype of Bolbitius pallidus,LE<RUS>:234343,KR425566,no,1,NG_058684 Bolbitius pallidus LE 234343 from TYPE material LE:234343,https://www.ncbi.nlm.nih.gov/nuccore/NG_058684
NG_058805,Cuphophyllus griseorufescens,holotype,high,GenBank /type_material qualifier,holotype of Camarophyllus griseorufescens,PDD:27230,GU233423,no,1,"NG_058805.1 Cuphophyllus griseorufescens PDD 27230 28S rRNA gene, partial sequence; from TYPE material",https://www.ncbi.nlm.nih.gov/nuccore/NG_058805
NG_059525,Stephanospora aorangi,holotype,high,GenBank /type_material qualifier,holotype of Stephanospora aorangi,PDD:100896,KM086932,no,1,"NG_059525.1 Stephanospora aorangi PDD 100896 28S rRNA gene, partial sequence; from TYPE material",https://www.ncbi.nlm.nih.gov/nuccore/NG_059525
NG_059526,Stephanospora kanuka,holotype,high,GenBank /type_material qualifier,holotype of Stephanospora kanuka,PDD:100957,KM086938,no,1,"NG_059526.1 Stephanospora kanuka PDD 100957 28S rRNA gene, partial sequence; from TYPE material",https://www.ncbi.nlm.nih.gov/nuccore/NG_059526
NG_059528,Stephanospora poropingao,holotype,high,GenBank /type_material qualifier,holotype of Stephanospora poropingao,PDD:103566,KM086947,no,1,"NG_059528.1 Stephanospora poropingao PDD 103566 28S rRNA gene, partial sequence; from TYPE material",https://www.ncbi.nlm.nih.gov/nuccore/NG_059528
NG_059971,Stephanospora novae-caledoniae,holotype,high,GenBank /type_material qualifier,holotype of Stephanospora novae-caledoniae,OSC:KH-NC04-011,KM086923,no,1,"NG_059971.1 Stephanospora novae-caledoniae OSC KH-NC04-011 28S rRNA gene, partial sequence; from TYPE material",https://www.ncbi.nlm.nih.gov/nuccore/NG_059971
NG_059972,Stephanospora papua,type,high,GenBank /type_material qualifier,type material of Stephanospora papua,OSC:H5575,KM086949,no,1,"NG_059972.1 Stephanospora papua OSC H5575 28S rRNA gene, partial sequence; from TYPE material",https://www.ncbi.nlm.nih.gov/nuccore/NG_059972
NG_059974,Stephanospora occidentiaustralis,type,high,GenBank /type_material qualifier,type material of Stephanospora occidentiaustralis,MEL:2341674,KM086978,no,1,"NG_059974.1 Stephanospora occidentiaustralis MEL 2341674 28S rRNA gene, partial sequence; from TYPE material",https://www.ncbi.nlm.nih.gov/nuccore/NG_059974
NG_059975,Stephanospora sheoak,holotype,high,GenBank /type_material qualifier,holotype of Stephanospora sheoak,MEL:2305133,KM086993,no,1,"NG_059975.1 Stephanospora sheoak MEL 2305133 28S rRNA gene, partial sequence; from TYPE material",https://www.ncbi.nlm.nih.gov/nuccore/NG_059975
NG_059976,Stephanospora hystrispora,holotype,high,GenBank /type_material qualifier,holotype of Stephanospora hystrispora,MEL:2135830,KM086995,no,1,"NG_059976.1 Stephanospora hystrispora MEL 2135830 28S rRNA gene, partial sequence; from TYPE material",https://www.ncbi.nlm.nih.gov/nuccore/NG_059976
NG_060151,Pseudolaccaria pachyphylla,neotype,high,GenBank /type_material qualifier,neotype of Agaricus pachyphyllus,TR:gmb 00672,KR818914,no,1,"NG_060151.1 Pseudolaccaria pachyphylla TR gmb 00672 28S rRNA gene, partial sequence; from TYPE material",https://www.ncbi.nlm.nih.gov/nuccore/NG_060151
NG_060646,Gymnopus cremeostipitatus,holotype,high,GenBank /type_material qualifier,holotype of Gymnopus cremeostipitatus,BRNM:747547,KF251091,no,1,NG_060646 Gymnopus cremeostipitatus BRNM 747547 from TYPE material BRNM:747547,https://www.ncbi.nlm.nih.gov/nuccore/NG_060646
NG_068731,Cantharocybe brunneovelutina,type,high,GenBank /type_material qualifier,type material of Cantharocybe brunneovelutina,CFMR:DJL-BZ-1883,HM588721,no,1,"NG_068731.1 Cantharocybe brunneovelutina CFMR DJL-BZ-1883 28S rRNA gene, partial sequence; from TYPE material",https://www.ncbi.nlm.nih.gov/nuccore/NG_068731
NG_069074,Psilocybe cyanescens,ex-epitype,high,GenBank /type_material qualifier,culture from epitype of Psilocybe cyanescens,PRM:901481,GU565167,no,1,NG_069074.1 Psilocybe cyanescens specimen_voucher PRM:901481 type_material culture from epitype Germany Psilocybe cyanescens,https://www.ncbi.nlm.nih.gov/nuccore/NG_069074
NG_069075,Psilocybe allenii,ex-holotype,high,GenBank /type_material qualifier,culture from holotype of Psilocybe allenii,PRM:899876,HE994459,no,1,NG_069075.1 Psilocybe allenii specimen_voucher PRM:899876 type_material culture from holotype USA Psilocybe allenii,https://www.ncbi.nlm.nih.gov/nuccore/NG_069075
NG_075218,Balsamia oblonga,holotype,high,GenBank /type_material qualifier,holotype of Balsamia oblonga,KPM:NC 28613,LC600235,no,1,NG_075218.1 Balsamia oblonga specimen_voucher KPM NC 28613 Japan Gunma holotype Balsamia oblonga,https://www.ncbi.nlm.nih.gov/nuccore/NG_075218
NG_075339,Ramaria pallidissima,holotype,high,GenBank /type_material qualifier,holotype of Ramaria pallidissima,ZT:Myc 55616,MT053245,no,1,"NG_075339.1 Ramaria pallidissima ZT Myc 55616 28S rRNA gene, partial sequence; from TYPE material",https://www.ncbi.nlm.nih.gov/nuccore/NG_075339
NG_079668,Ramaria schildii f. griseoavellanea,holotype,high,GenBank /type_material qualifier,holotype of Ramaria schildii f. griseoavellanea,AMB:18583,MT053240,no,1,"NG_079668.1 Ramaria schildii f. griseoavellanea AMB 18583 28S rRNA gene, partial sequence; from TYPE material",https://www.ncbi.nlm.nih.gov/nuccore/NG_079668
NG_149008,Hygrophoropsis phragmiticola,holotype,high,GenBank /type_material qualifier,holotype of Hygrophoropsis phragmiticola,BJFC:032560,OK384507,no,1,NG_149008.1 Hygrophoropsis phragmiticola specimen_voucher BJFC:032560 holotype,https://www.ncbi.nlm.nih.gov/nuccore/NG_149008
NG_153846,Lindtneria asiae-orientalis,holotype,high,GenBank /type_material qualifier,holotype of Lindtneria asiae-orientalis,BJFC:017701,KU355882,no,1,"NG_153846.1 Lindtneria asiae-orientalis BJFC 017701 28S rRNA gene, partial sequence; from TYPE material",https://www.ncbi.nlm.nih.gov/nuccore/NG_153846
NG_229113,Luteodorsum huanglongense,holotype,high,GenBank /type_material qualifier,holotype of Luteodorsum huanglongense,HMAS:256997,OQ801490,no,1,"NG_229113.1 Luteodorsum huanglongense HMAS 256997 28S rRNA gene, partial sequence; from TYPE material",https://www.ncbi.nlm.nih.gov/nuccore/NG_229113
NG_243727,Psilocybe niveotropicalis,holotype,high,GenBank /type_material qualifier,holotype of Psilocybe niveotropicalis,FLAS:F-68078,ON907399,no,1,"NG_243727.1 Psilocybe niveotropicalis specimen_voucher FLAS:F-68078 type_material holotype USA: Florida, Jupiter Psilocybe niveotropicalis",https://www.ncbi.nlm.nih.gov/nuccore/NG_243727
NG_245428,Dermoloma appalachianum,holotype,high,GenBank /type_material qualifier,holotype of Dermoloma appalachianum,TENN:F-065390,MW208897,no,1,"NG_245428.1 Dermoloma appalachianum TENN F-065390 28S rRNA gene, partial sequence; from TYPE material",https://www.ncbi.nlm.nih.gov/nuccore/NG_245428
NR_073213,Saitozyma podzolica,ex-holotype,high,GenBank /type_material qualifier,culture from holotype of Candida podzolica,CBS:6819,AF444321,yes,1,NR_073213 Saitozyma podzolica,https://www.ncbi.nlm.nih.gov/nuccore/NR_073213
NR_073215,Hannaella luteola,ex-type,high,GenBank /type_material qualifier,culture from type material of Torula luteola,CBS:943,AF444323,yes,1,NR_073215 Hannaella luteola,https://www.ncbi.nlm.nih.gov/nuccore/NR_073215
NR_073344,Meira argovae,ex-type,high,GenBank /type_material qualifier,culture from type material of Meira argovae,CBS:110053,AY158675,yes,1,NR_073344 Meira argovae Israel,https://www.ncbi.nlm.nih.gov/nuccore/NR_073344
NR_077106,Filobasidium oeirense,ex-type,high,GenBank /type_material qualifier,culture from type material of Cryptococcus oeirensis,CBS:8681,AF444349,yes,1,NR_077106 Fungi,https://www.ncbi.nlm.nih.gov/nuccore/NR_077106
NR_077168,Preussia flanaganii,ex-isotype,high,GenBank /type_material qualifier,culture from isotype of Preussia flanaganii,CBS:112.73,AY943061,yes,1,NR_077168 Fungi,https://www.ncbi.nlm.nih.gov/nuccore/NR_077168
NR_077177,Trichoderma spirale,ex-holotype,high,GenBank /type_material qualifier,culture from holotype of Trichoderma spirale,DAOM:183974,EU280068,yes,1,NR_077177 Trichoderma spirale Nakhon Phanom TH,https://www.ncbi.nlm.nih.gov/nuccore/NR_077177
NR_103571,Trichoderma strigosum,ex-type,high,GenBank /type_material qualifier,culture from type material of Trichoderma strigosum,DAOM:166121,AF487657,yes,1,NR_103571 Fungi,https://www.ncbi.nlm.nih.gov/nuccore/NR_103571
NR_103617,Talaromyces palmae,ex-holotype,high,GenBank /type_material qualifier,culture from holotype of Penicillium palmae,CBS:442.88,HQ149326,yes,1,NR_103617 Fungi,https://www.ncbi.nlm.nih.gov/nuccore/NR_103617
NR_103643,Mycotypha microspora,ex-type,high,GenBank /type_material qualifier,culture from type material of Mycotypha microspora,CBS:230.32,JN206217,yes,1,NR_103643 Fungi,https://www.ncbi.nlm.nih.gov/nuccore/NR_103643
NR_111065,Hannaella kunmingensis,type,high,GenBank /type_material qualifier,type material of Bullera kunmingensis,CBS:8960,AF325171,yes,1,NR_111065 Hannaella kunmingensis,https://www.ncbi.nlm.nih.gov/nuccore/NR_111065
NR_111226,Resinicium monticola,ex-holotype,high,GenBank /type_material qualifier,culture from holotype of Resinicium monticola,CFMR:FP-150360,DQ826552,yes,1,NR_111226 Resinicium monticola Saint Andrew JM,https://www.ncbi.nlm.nih.gov/nuccore/NR_111226
NR_111268,Flavocillium acerosum,ex-type,high,GenBank /type_material qualifier,culture from type material of Lecanicillium acerosum,CBS:418.81,EF641893,yes,1,NR_111268 Flavocillium acerosum Brazil,https://www.ncbi.nlm.nih.gov/nuccore/NR_111268
NR_111314,Borealophlyctis paxensis,ex-holotype,high,GenBank /type_material qualifier,culture from holotype of Borealophlyctis paxensis,DAOM:BR 368,EU379213,yes,1,NR_111314 Borealophlyctis paxensis,https://www.ncbi.nlm.nih.gov/nuccore/NR_111314
NR_111399,Teunomyces tritomae,ex-type,high,GenBank /type_material qualifier,culture from type material of Candida tritomae,ATCC:MYA-4348,FJ623616,yes,1,NR_111399 Teunomyces tritomae,https://www.ncbi.nlm.nih.gov/nuccore/NR_111399
NR_111400,Teunomyces lycoperdinae,ex-type,high,GenBank /type_material qualifier,culture from type material of Candida lycoperdinae,ATCC:MYA-4350,FJ623617,yes,1,NR_111400 Teunomyces lycoperdinae,https://www.ncbi.nlm.nih.gov/nuccore/NR_111400
NR_111401,Teunomyces atbi,ex-type,high,GenBank /type_material qualifier,culture from type material of Candida atbi,ATCC:MYA-4351,FJ623618,yes,1,NR_111401 Teunomyces atbi,https://www.ncbi.nlm.nih.gov/nuccore/NR_111401
NR_111579,Linnemannia amoeboidea,type,high,GenBank /type_material qualifier,type material of Mortierella amoeboidea,CBS:889.72,HQ630346,yes,1,NR_111579 Fungi,https://www.ncbi.nlm.nih.gov/nuccore/NR_111579
NR_111604,Microcera rubra,type,high,GenBank /type_material qualifier,type material of Microcera rubra,CBS:638.76,HQ897820,yes,1,NR_111604 Microcera rubra,https://www.ncbi.nlm.nih.gov/nuccore/NR_111604
NR_119418,Lecanicillium primulinum,ex-holotype,high,GenBank /type_material qualifier,culture from holotype of Lecanicillium primulinum,JCM:18525,AB712266,no,1,NR_119418 Lecanicillium primulinum Okinawa JP,https://www.ncbi.nlm.nih.gov/nuccore/NR_119418
NR_119439,Rhizopogon rudus,holotype,high,GenBank /type_material qualifier,holotype of Rhizopogon rudus,MICH:5488,AF377107,no,1,NR_119439 Rhizopogon rudus MICH:5488,https://www.ncbi.nlm.nih.gov/nuccore/NR_119439
NR_119459,Volvolepiota velosa,type,high,GenBank /type_material qualifier,type material of Macrolepiota velosa,HKAS:29487,AF482853,no,1,NR_119459 Fungi,https://www.ncbi.nlm.nih.gov/nuccore/NR_119459
NR_119463,Collybiopsis luxurians,holotype,high,GenBank /type_material qualifier,holotype of Gymnopus luxurians var. copeyi,TENN:058634,AF505764,yes,1,NR_119463 Gymnopus luxurians var. copeyi TENN:058634 Costa Rica,https://www.ncbi.nlm.nih.gov/nuccore/NR_119463
NR_119470,Rhizopogon graveolens f. pomaceus,isotype,high,GenBank /type_material qualifier,isotype of Rhizopogon graveolens f. pomaceus,PRM:619028,AJ810037,no,1,NR_119470 Rhizopogon graveolens f. pomaceus PRM:619028 Central Bohemian CZ,https://www.ncbi.nlm.nih.gov/nuccore/NR_119470
NR_119471,Rhizopogon luteorubescens,holotype,high,GenBank /type_material qualifier,holotype of Rhizopogon luteorubescens,MICH:5462,AJ810038,no,1,NR_119471 Rhizopogon luteorubescens MICH:5462 Idaho US,https://www.ncbi.nlm.nih.gov/nuccore/NR_119471
NR_119476,Cystoderma japonicum,holotype,high,GenBank /type_material qualifier,holotype of Cystoderma japonicum,personal:Hongo:6221,AM946491,no,1,NR_119476 Cystoderma japonicum personal:Hongo:6221 Japan,https://www.ncbi.nlm.nih.gov/nuccore/NR_119476
NR_119489,Cadophora dextrinospora,ex-holotype,high,GenBank /type_material qualifier,culture from holotype of Mollisia dextrinospora,STEU:5093,AY259134,yes,1,NR_119489.1 Cadophora dextrinospora culture_collection STEU:5093 holotype,https://www.ncbi.nlm.nih.gov/nuccore/NR_119489
NR_119500,Pilidium acerinum,ex-epitype,high,GenBank /type_material qualifier,culture from epitype of Sclerotium acerinum,BPI:843555,AY487091,yes,1,NR_119500 Fungi BPI:843555,https://www.ncbi.nlm.nih.gov/nuccore/NR_119500
NR_119562,Podospora fabiformis,holotype,high,GenBank /type_material qualifier,holotype of Podospora fabiformis,PDD:76455,DQ166958,yes,1,NR_119562 Podospora fabiformis PDD:76455,https://www.ncbi.nlm.nih.gov/nuccore/NR_119562
NR_119593,Cleistocybe vernalis,holotype,high,GenBank /type_material qualifier,holotype of Cleistocybe vernalis,WTU:F-045934,DQ486692,no,1,NR_119593 Cleistocybe vernalis (Etats-Unis) TYPE,https://www.ncbi.nlm.nih.gov/nuccore/NR_119593
NR_119612,Resinicium mutabile,ex-holotype,high,GenBank /type_material qualifier,culture from holotype of Resinicium mutabile,CFMR:FP-102989,DQ826556,yes,1,NR_119612 Resinicium mutabile Río Grande PR,https://www.ncbi.nlm.nih.gov/nuccore/NR_119612
NR_119689,Laetisaria arvalis,holotype,high,GenBank /type_material qualifier,holotype of Laetisaria arvalis,CBS:131.82,EU622841,yes,1,NR_119689 Fungi,https://www.ncbi.nlm.nih.gov/nuccore/NR_119689
NR_119691,Megacollybia marginata,holotype,high,GenBank /type_material qualifier,holotype of Megacollybia marginata,TENN:060752,EU623685,yes,1,NR_119691 Megacollybia marginata TENN:060752 Arkhangelsk RU,https://www.ncbi.nlm.nih.gov/nuccore/NR_119691
NR_119707,Crinipellis cupreostipes,holotype,high,GenBank /type_material qualifier,holotype of Crinipellis cupreostipes,CMU:JFK131,FJ167642,yes,1,NR_119707 Fungi CMU:JFK131,https://www.ncbi.nlm.nih.gov/nuccore/NR_119707
NR_119708,Crinipellis tabtim,holotype,high,GenBank /type_material qualifier,holotype of Crinipellis tabtim,CMU:JFK129,FJ167643,yes,1,NR_119708 Fungi CMU:JFK129,https://www.ncbi.nlm.nih.gov/nuccore/NR_119708
NR_119719,Inocybe luteifolia,isotype,high,GenBank /type_material qualifier,isotype of Inocybe luteifolia,TENN:022958,FJ436331,yes,1,NR_119719 Inocybe luteifolia TENN:022958 Michigan US,https://www.ncbi.nlm.nih.gov/nuccore/NR_119719
NR_119744,Pisolithus capsulifer,holotype,high,GenBank /type_material qualifier,holotype of Lycoperdon capsuliferum,E:00290168,FR748135,no,1,NR_119744 Pisolithus capsulifer E:00290168 England GB,https://www.ncbi.nlm.nih.gov/nuccore/NR_119744
NR_119745,Pisolithus orientalis,holotype,high,GenBank /type_material qualifier,holotype of Pisolithus orientalis,BBH:28597,FR748148,no,1,NR_119745 Fungi BBH:28597 Chiang Mai TH,https://www.ncbi.nlm.nih.gov/nuccore/NR_119745
NR_119749,Pallidophorina paarla,ex-holotype,high,GenBank /type_material qualifier,culture from holotype of Collophoria paarla,STEU:6114,GQ154586,yes,1,NR_119749 Fungi South Africa,https://www.ncbi.nlm.nih.gov/nuccore/NR_119749
NR_119775,Cortinarius cardinalis,holotype,high,GenBank /type_material qualifier,holotype of Dermocybe cardinalis,PDD:27174,GU233321,yes,1,NR_119775 Fungi,https://www.ncbi.nlm.nih.gov/nuccore/NR_119775
NR_119776,Cortinarius egmontianus,holotype,high,GenBank /type_material qualifier,holotype of Dermocybe egmontiana,PDD:27177,GU233322,yes,1,NR_119776 Cortinarius egmontianus PDD:27177 New Zealand,https://www.ncbi.nlm.nih.gov/nuccore/NR_119776
NR_119778,Cortinarius largofulgens,holotype,high,GenBank /type_material qualifier,holotype of Dermocybe largofulgens,PDD:27181,GU233324,yes,1,NR_119778 Cortinarius largofulgens PDD:27181 New Zealand,https://www.ncbi.nlm.nih.gov/nuccore/NR_119778
NR_119781,Cuphophyllus impurus,holotype,high,GenBank /type_material qualifier,holotype of Camarophyllus impurus,PDD:27226,GU233327,yes,1,NR_119781 Camarophyllus impurus PDD:27226 New Zealand,https://www.ncbi.nlm.nih.gov/nuccore/NR_119781
NR_119786,Cortinarius castaneiceps,holotype,high,GenBank /type_material qualifier,holotype of Cortinarius castaneiceps,PDD:27269,GU233332,yes,1,NR_119786 Fungi New Zealand,https://www.ncbi.nlm.nih.gov/nuccore/NR_119786
NR_119788,Cortinarius vitreopileatus,holotype,high,GenBank /type_material qualifier,holotype of Cortinarius vitreopileatus,PDD:27271,GU233334,yes,1,NR_119788 Fungi,https://www.ncbi.nlm.nih.gov/nuccore/NR_119788
NR_119799,Aureonarius collybianus,holotype,high,GenBank /type_material qualifier,holotype of Cortinarius collybianus,PDD:70509,GU233346,yes,1,NR_119799 Aureonarius collybianus PDD:70509 New Zealand,https://www.ncbi.nlm.nih.gov/nuccore/NR_119799
NR_119803,Cortinarius anauensis,holotype,high,GenBank /type_material qualifier,holotype of Cortinarius anauensis,PDD:71007,GU233350,yes,1,NR_119803 Cortinarius anauensis PDD:71007 New Zealand,https://www.ncbi.nlm.nih.gov/nuccore/NR_119803
NR_119804,Thaxterogaster periclymenus,holotype,high,GenBank /type_material qualifier,holotype of Cortinarius periclymenus,PDD:71008,GU233351,yes,1,NR_119804 Fungi,https://www.ncbi.nlm.nih.gov/nuccore/NR_119804
NR_119805,Phlegmacium rattinum,holotype,high,GenBank /type_material qualifier,holotype of Cortinarius rattinus,PDD:71009,GU233352,yes,1,NR_119805 Fungi PDD:71009 New Zealand,https://www.ncbi.nlm.nih.gov/nuccore/NR_119805
NR_119819,Hydnum vesterholtii,holotype,high,GenBank /type_material qualifier,holotype of Hydnum vesterholtii,BIO:Fungi 12904,HE611087,no,1,NR_119819 Hydnum vesterholtii BIO:Fungi 12904 Pyrénées-Atlantiques FR,https://www.ncbi.nlm.nih.gov/nuccore/NR_119819
NR_119865,Tuber castilloi,holotype,high,GenBank /type_material qualifier,holotype of Tuber castilloi,ITCV:149,HM485403,yes,1,NR_119865 Fungi ITCV:149 Mexico,https://www.ncbi.nlm.nih.gov/nuccore/NR_119865
NR_119870,Pluteus atropungens,holotype,high,GenBank /type_material qualifier,holotype of Pluteus atropungens,MICH:11756,HM562059,no,1,NR_119870 Pluteus atropungens MICH:11756 Michigan US,https://www.ncbi.nlm.nih.gov/nuccore/NR_119870
NR_119886,Clitocybe carolinensis,holotype,high,GenBank /type_material qualifier,holotype of Clitocybe carolinensis,TENN:021888,HQ179662,yes,1,NR_119886 Fungi,https://www.ncbi.nlm.nih.gov/nuccore/NR_119886
NR_119888,Cercopemyces ponderosus,holotype,high,GenBank /type_material qualifier,holotype of Cystoderma ponderosum,TENN:014390,HQ179669,yes,1,NR_119888 Cercopemyces ponderosus TENN:014390 Tennessee US,https://www.ncbi.nlm.nih.gov/nuccore/NR_119888
NR_119890,Hebeloma angustisporium,holotype,high,GenBank /type_material qualifier,holotype of Hebeloma angustisporium,TENN:023364,HQ179674,yes,1,NR_119890 Hebeloma angustisporium TENN:023364 Tennessee US,https://www.ncbi.nlm.nih.gov/nuccore/NR_119890
NR_119894,Cuphophyllus acutoides,paratype,high,GenBank /type_material qualifier,paratype of Cuphophyllus acutoides,TENN:023645,HQ179684,yes,1,NR_119894 Fungi TENN:023645 Michigan US,https://www.ncbi.nlm.nih.gov/nuccore/NR_119894
NR_119905,Inocybe semifulva,isotype,high,GenBank /type_material qualifier,isotype of Inocybe semifulva,WTU:F-043791,HQ222006,yes,1,NR_119905 Inocybe semifulva WTU:F-043791 Nova Scotia CA,https://www.ncbi.nlm.nih.gov/nuccore/NR_119905
NR_119907,Flammula abieticola,holotype,high,GenBank /type_material qualifier,holotype of Pholiota abieticola,TENN:014000,HQ222017,yes,1,NR_119907 Pholiota abieticola TENN:014000 North Carolina US,https://www.ncbi.nlm.nih.gov/nuccore/NR_119907
NR_119911,Pholiota virescentifolia,holotype,high,GenBank /type_material qualifier,holotype of Pholiota virescentifolia,TENN:020591,HQ222029,yes,1,NR_119911 Fungi TENN:020591 Tennessee US,https://www.ncbi.nlm.nih.gov/nuccore/NR_119911
NR_119928,Pleurocordyceps sinensis,holotype,high,GenBank /type_material qualifier,holotype of Polycephalomyces sinensis,HMAS:43720,HQ832884,yes,1,NR_119928 Pleurocordyceps sinensis HMAS:43720 China,https://www.ncbi.nlm.nih.gov/nuccore/NR_119928
NR_119929,Cortinarius suboenochelis,holotype,high,GenBank /type_material qualifier,holotype of Cortinarius suboenochelis,H:TN05-028,HQ845121,no,1,NR_119929 Cortinarius suboenochelis H:TN05-028 Finland,https://www.ncbi.nlm.nih.gov/nuccore/NR_119929
NR_119962,Cerothallia yarraensis,isotype,high,GenBank /type_material qualifier,isotype of Caloplaca yarraensis,LD:1270694,JF826399,no,1,NR_119962 Fungi,https://www.ncbi.nlm.nih.gov/nuccore/NR_119962
NR_119977,Octaviania decimae,holotype,high,GenBank /type_material qualifier,holotype of Octaviania decimae,KPM:NC-0017763,JN257991,yes,1,NR_119977 Fungi KPM:NC-0017763 Kyoto JP,https://www.ncbi.nlm.nih.gov/nuccore/NR_119977
NR_120024,Phylloporus castanopsidis,isotype,high,GenBank /type_material qualifier,isotype of Phylloporus castanopsidis,NY:1491225,JQ003642,yes,1,NR_120024 Fungi NY:1491225 Thailand,https://www.ncbi.nlm.nih.gov/nuccore/NR_120024
NR_120035,Trogia venenata,holotype,high,GenBank /type_material qualifier,holotype of Trogia venenata,HKAS:56679,JQ031773,no,1,NR_120035 Trogia venenata HKAS:56679 China,https://www.ncbi.nlm.nih.gov/nuccore/NR_120035
NR_120041,Hymenochaete huangshanensis,holotype,high,GenBank /type_material qualifier,holotype of Hymenochaete huangshanensis,BJFC:He432,JQ279533,yes,1,NR_120041 Hymenochaete huangshanensis BJFC:He432,https://www.ncbi.nlm.nih.gov/nuccore/NR_120041
NR_120051,Megasporoporiella lacerata,holotype,high,GenBank /type_material qualifier,holotype of Megasporoporiella lacerata,IFP:Yuan 3880,JQ314377,yes,1,NR_120051 Megasporoporiella lacerata IFP Yuan 3880 from TYPE material,https://www.ncbi.nlm.nih.gov/nuccore/NR_120051
NR_120096,Cortinarius brunneocalcarius,holotype,high,GenBank /type_material qualifier,holotype of Cortinarius brunneocalcarius,H:TN10-150,JQ746602,yes,1,NR_120096 Fungi,https://www.ncbi.nlm.nih.gov/nuccore/NR_120096
NR_120099,Hebeloma griseopruinatum,isotype,high,GenBank /type_material qualifier,isotype of Hebeloma griseopruinatum,BR<BEL>:5020169128570,JQ751183,no,1,NR_120099 Hebeloma griseopruinatum BR:5020169128570 Denmark,https://www.ncbi.nlm.nih.gov/nuccore/NR_120099
NR_120123,Phylloporus rubeolus,holotype,high,GenBank /type_material qualifier,holotype of Phylloporus rubeolus,HKAS:52573,JQ967259,yes,1,NR_120123 Fungi,https://www.ncbi.nlm.nih.gov/nuccore/NR_120123
NR_120146,Cortinarius aurantiobasis,holotype,high,GenBank /type_material qualifier,holotype of Cortinarius aurantiobasis,MICH:10318,JX045670,yes,1,NR_120146 Fungi USA,https://www.ncbi.nlm.nih.gov/nuccore/NR_120146
NR_120151,Cortinarius marylandensis,holotype,high,GenBank /type_material qualifier,holotype of Cortinarius marylandensis,WTU:F-040674,JX045690,yes,1,NR_120151 Cortinarius marylandensis WTU:F-040674 United States,https://www.ncbi.nlm.nih.gov/nuccore/NR_120151
NR_120161,Fomitiporia castilloi,paratype,high,GenBank /type_material qualifier,paratype of Fomitiporia castilloi,MUCL:53980,JX093786,yes,1,NR_120161 Fomitiporia castilloi French Guiana,https://www.ncbi.nlm.nih.gov/nuccore/NR_120161
NR_120162,Antella chinensis,holotype,high,GenBank /type_material qualifier,holotype of Antrodiella chinensis,IFP:Dai 9019,JX110844,yes,1,NR_120162 Fungi,https://www.ncbi.nlm.nih.gov/nuccore/NR_120162
NR_120167,Leucoagaricus proximus,holotype,high,GenBank /type_material qualifier,holotype of Leucoagaricus proximus,LE<RUS>:262861,JX133172,yes,1,NR_120167 Leucoagaricus proximus LE:262861 Russia,https://www.ncbi.nlm.nih.gov/nuccore/NR_120167
NR_120177,Hebeloma theobrominum,holotype,high,GenBank /type_material qualifier,holotype of Hebeloma theobrominum,ROHB:925 LQ,JX275966,yes,1,NR_120177 Hebeloma theobrominum ROHB:925 LQ,https://www.ncbi.nlm.nih.gov/nuccore/NR_120177
NR_120190,Meira miltonrushii,holotype,high,GenBank /type_material qualifier,holotype of Meira miltonrushii,CBS:12591,JX432963,yes,1,NR_120190 Meira miltonrushii from TYPE material,https://www.ncbi.nlm.nih.gov/nuccore/NR_120190
NR_120218,Urnula padeniana,holotype,high,GenBank /type_material qualifier,holotype of Urnula padeniana,WTU:F-033051,JX669825,yes,1,NR_120218 Urnula padeniana WTU:F-033051 United States,https://www.ncbi.nlm.nih.gov/nuccore/NR_120218
NR_120222,Entoloma furfuraceum,holotype,high,GenBank /type_material qualifier,holotype of Entoloma furfuraceum,GDGM:28818,JX975293,yes,1,NR_120222 Entoloma furfuraceum GDGM:28818,https://www.ncbi.nlm.nih.gov/nuccore/NR_120222
NR_120290,Otidea nannfeldtii,holotype,high,GenBank /type_material qualifier,holotype of Otidea nannfeldtii,H:6002902,KF717581,yes,1,NR_120290 Fungi H:6002902 Aland Islands,https://www.ncbi.nlm.nih.gov/nuccore/NR_120290
NR_120301,Jorgewrightia guangdongensis,holotype,high,GenBank /type_material qualifier,holotype of Megasporia guangdongensis,BJFC:Cui 9130,JQ314373,yes,1,NR_120301 Megasporia guangdongensis BJFC:Cui 9130,https://www.ncbi.nlm.nih.gov/nuccore/NR_120301
NR_121301,Neocudoniella radicella,ex-paratype,high,GenBank /type_material qualifier,culture from paratype of Neocudoniella radicella,UAMH:5794,AY524843,yes,1,NR_121301 Neocudoniella radicella,https://www.ncbi.nlm.nih.gov/nuccore/NR_121301
NR_121345,Hygrocybe roseopallida,holotype,high,GenBank /type_material qualifier,holotype of Hygrocybe roseopallida,PMA<PAN>:Ovrebo 4073,EU435152,yes,1,NR_121345 Hygrocybe roseopallida PMA:Ovrebo 4073 Colorado US,https://www.ncbi.nlm.nih.gov/nuccore/NR_121345
NR_121430,Hypomyces samuelsii,type,high,GenBank /type_material qualifier,type material of Hypomyces samuelsii,CBS:127157,FN859449,no,1,NR_121430 Hypomyces samuelsii,https://www.ncbi.nlm.nih.gov/nuccore/NR_121430
NR_121477,Redeckera megalocarpum,holotype,high,GenBank /type_material qualifier,holotype of Glomus megalocarpum,LIP:CL/Guad05-051,HG518628,no,1,NR_121477 Redeckera megalocarpum LIP CL/Guad05-051 from TYPE material,https://www.ncbi.nlm.nih.gov/nuccore/NR_121477
NR_121478,Redeckera megalocarpum,holotype,high,GenBank /type_material qualifier,holotype of Glomus megalocarpum,LIP:CL/Guad05-051,HG518629,no,1,NR_121478 Redeckera megalocarpum LIP CL/Guad05-051 from TYPE material,https://www.ncbi.nlm.nih.gov/nuccore/NR_121478
NR_121485,Pseudoomphalina cokeri,holotype,high,GenBank /type_material qualifier,holotype of Clitocybe cokeri,TENN:012963,HQ179663,yes,1,NR_121485 Fungi TENN:012963 Tennessee US,https://www.ncbi.nlm.nih.gov/nuccore/NR_121485
NR_121527,Talaromyces minioluteus,ex-holotype,high,GenBank /type_material qualifier,culture from holotype of Penicillium minioluteum,CBS:642.68,JN899346,yes,1,NR_121527 Talaromyces minioluteus,https://www.ncbi.nlm.nih.gov/nuccore/NR_121527
NR_121534,Aurantiosacculus acutatus,ex-holotype,high,GenBank /type_material qualifier,culture from holotype of Aurantiosacculus acutatus,CBS:H-20933,JQ685514,yes,1,NR_121534 Fungi CBS:H-20933 Tasmania AU,https://www.ncbi.nlm.nih.gov/nuccore/NR_121534
NR_121535,Aurantiosacculus eucalyptorum,ex-holotype,high,GenBank /type_material qualifier,culture from holotype of Aurantiosacculus eucalyptorum,CBS:H-20934,JQ685515,yes,1,NR_121535 Crepidotus innuopurpureus CBS:H-20934 Tasmania AU,https://www.ncbi.nlm.nih.gov/nuccore/NR_121535
NR_121550,Lactifluus igniculus,holotype,high,GenBank /type_material qualifier,holotype of Lactifluus igniculus,LE<RUS>:262983,JX442759,yes,1,NR_121550 Lactifluus igniculus LE:262983 Vietnam,https://www.ncbi.nlm.nih.gov/nuccore/NR_121550
NR_130183,Phlegmacium albescens,holotype,high,GenBank /type_material qualifier,holotype of Cortinarius albescens,MICH:10312,KF732244,yes,1,NR_130183 Phlegmacium albescens MICH:10312 United States,https://www.ncbi.nlm.nih.gov/nuccore/NR_130183
NR_130187,Phlegmacium albofragrans,holotype,high,GenBank /type_material qualifier,holotype of Cortinarius albofragrans,IB:19950595,KF732245,yes,1,NR_130187 Phlegmacium albofragrans IB:19950595,https://www.ncbi.nlm.nih.gov/nuccore/NR_130187
NR_130195,Calonarius bigelowii,holotype,high,GenBank /type_material qualifier,holotype of Cortinarius bigelowii,MICH:8052,KF732265,yes,1,NR_130195 Cortinarius bigelowii MICH:8052 United States,https://www.ncbi.nlm.nih.gov/nuccore/NR_130195
NR_130206,Phlegmacium citrinifolium,holotype,high,GenBank /type_material qualifier,holotype of Cortinarius citrinifolius,MICH:10334,KF732280,yes,1,NR_130206 Phlegmacium citrinifolium MICH:10334 United States,https://www.ncbi.nlm.nih.gov/nuccore/NR_130206
NR_130207,Calonarius citrinipedes,holotype,high,GenBank /type_material qualifier,holotype of Cortinarius citrinipedes,MICH:10335,KF732281,yes,1,NR_130207 Calonarius citrinipedes MICH:10335 United States,https://www.ncbi.nlm.nih.gov/nuccore/NR_130207
NR_130225,Cortinarius infractus,neotype,high,GenBank /type_material qualifier,neotype of Agaricus infractus,S:F41138,KF732325,yes,1,NR_130225 Cortinarius infractus S:F41138 Sweden,https://www.ncbi.nlm.nih.gov/nuccore/NR_130225
NR_130227,Phlegmacium luteobrunnescens,holotype,high,GenBank /type_material qualifier,holotype of Cortinarius luteobrunnescens,MICH:10371,KF732342,yes,1,NR_130227 Cortinarius luteobrunnescens MICH:10371 United States,https://www.ncbi.nlm.nih.gov/nuccore/NR_130227
NR_130228,Cortinarius maculatocaespitosus,holotype,high,GenBank /type_material qualifier,holotype of Cortinarius maculatocaespitosus,PC:A. Bidaud 08-10-302,KF732346,yes,1,NR_130228 Cortinarius maculatocaespitosus PC:A. Bidaud 08-10-302 France,https://www.ncbi.nlm.nih.gov/nuccore/NR_130228
NR_130235,Phlegmacium ochraceobrunneum,holotype,high,GenBank /type_material qualifier,holotype of Cortinarius ochraceobrunneus,G:00126800,KF732359,yes,1,NR_130235 Cortinarius ochraceobrunneus G:00126800 France,https://www.ncbi.nlm.nih.gov/nuccore/NR_130235
NR_130245,Phlegmacium ponderosum,holotype,high,GenBank /type_material qualifier,holotype of Cortinarius ponderosus,MICH:5846,KF732386,yes,1,NR_130245 Phlegmacium ponderosum MICH:5846 United States,https://www.ncbi.nlm.nih.gov/nuccore/NR_130245
NR_130252,Thaxterogaster purpurascens,neotype,high,GenBank /type_material qualifier,neotype of Cortinarius purpurascens,H:I. Kytovuori 98-2121,KF732406,yes,1,NR_130252 Cortinarius purpurascens H:I. Kytovuori 98-2121 Sweden,https://www.ncbi.nlm.nih.gov/nuccore/NR_130252
NR_130265,Phlegmacium squamosocephalum,holotype,high,GenBank /type_material qualifier,holotype of Cortinarius squamosocephalus,PC:P. Reumaux 99670,KF732432,yes,1,NR_130265 Cortinarius squamosocephalus PC:P. Reumaux 99670 France,https://www.ncbi.nlm.nih.gov/nuccore/NR_130265
NR_130269,Phlegmacium subolivascens,holotype,high,GenBank /type_material qualifier,holotype of Cortinarius subolivascens,MICH:10418,KF732447,yes,1,NR_130269 Phlegmacium subolivascens MICH:10418 United States,https://www.ncbi.nlm.nih.gov/nuccore/NR_130269
NR_130271,Phlegmacium subrugulosum,holotype,high,GenBank /type_material qualifier,holotype of Cortinarius subrugulosus,PC:A. Bidaud 05-10-263,KF732451,yes,1,NR_130271 Cortinarius subrugulosus PC:A. Bidaud 05-10-263 France,https://www.ncbi.nlm.nih.gov/nuccore/NR_130271
NR_130286,Phlegmacium vixolivascens,holotype,high,GenBank /type_material qualifier,holotype of Cortinarius vixolivascens,PC:R. Henry 89.123,KF732477,yes,1,NR_130286 Cortinarius vixolivascens PC:R. Henry 89.123 France,https://www.ncbi.nlm.nih.gov/nuccore/NR_130286
NR_130300,Calonarius sublilacinopes,holotype,high,GenBank /type_material qualifier,holotype of Cortinarius sublilacinopes,personal:P. Moenne-Loccoz:4819,KF732561,yes,1,NR_130300 Cortinarius sublilacinopes personal:P. Moenne-Loccoz:4819 France,https://www.ncbi.nlm.nih.gov/nuccore/NR_130300
NR_130308,Phlegmacium balteatibulbosum,holotype,high,GenBank /type_material qualifier,holotype of Cortinarius balteatibulbosus,H:6033539,KF732589,yes,1,NR_130308 Cortinarius balteatibulbosus H:6033539 Finland,https://www.ncbi.nlm.nih.gov/nuccore/NR_130308
NR_131264,Trichoderma lixii,ex-epitype,high,GenBank /type_material qualifier,culture from epitype of Hypocrea lixii,CBS:110080,AF443920,yes,1,NR_131264 Trichoderma lixii Nakhon Ratchasima TH,https://www.ncbi.nlm.nih.gov/nuccore/NR_131264
NR_131797,Cortinarius savegrensis,holotype,high,GenBank /type_material qualifier,holotype of Cortinarius savegrensis,USJ:J.F. Ammirati 11950,EF420145,no,1,NR_131797 Cortinarius savegrensis USJ J.F. Ammirati 11950 from TYPE material USJ:J.F. Ammirati 11950,https://www.ncbi.nlm.nih.gov/nuccore/NR_131797
NR_131807,Cortinarius orellanosus,holotype,high,GenBank /type_material qualifier,holotype of Cortinarius orellanosus,WTU:Trestrail 07112008,FJ263280,no,1,NR_131807 Cortinarius orellanosus WTU:Trestrail 07112008 Michigan US,https://www.ncbi.nlm.nih.gov/nuccore/NR_131807
NR_131811,Calonarius elegantio-occidentalis,type,high,GenBank /type_material qualifier,type material of Cortinarius elegantio-occidentalis,WTU:JFA 13226,GU363477,yes,1,NR_131811 Cortinarius elegantio-occidentalis WTU:JFA 13226,https://www.ncbi.nlm.nih.gov/nuccore/NR_131811
NR_131812,Cortinarius badiolaevis,holotype,high,GenBank /type_material qualifier,holotype of Cortinarius badiolaevis,personal:T. Niskanen:04-960,HM017846,no,1,NR_131812 Cortinarius badiolaevis personal:T. Niskanen:04-960 Sweden,https://www.ncbi.nlm.nih.gov/nuccore/NR_131812
NR_131820,Cortinarius bovinaster,holotype,high,GenBank /type_material qualifier,holotype of Cortinarius bovinaster,personal:T. Niskanen:04-669,JX407264,no,1,NR_131820 Cortinarius bovinaster personal:T. Niskanen:04-669 Finland,https://www.ncbi.nlm.nih.gov/nuccore/NR_131820
NR_131821,Cortinarius bovinatus,holotype,high,GenBank /type_material qualifier,holotype of Cortinarius bovinatus,H:6000849,JX407268,yes,1,NR_131821 Cortinarius bovinatus H:6000849 Finland,https://www.ncbi.nlm.nih.gov/nuccore/NR_131821
NR_131822,Cortinarius oulankaensis,holotype,high,GenBank /type_material qualifier,holotype of Cortinarius oulankaensis,H:T. Niskanen 05-169,JX407292,no,1,NR_131822 Cortinarius oulankaensis H T. Niskanen 05-169 from TYPE material Finland,https://www.ncbi.nlm.nih.gov/nuccore/NR_131822
NR_131843,Phlegmacium fraudulosoides,holotype,high,GenBank /type_material qualifier,holotype of Cortinarius fraudulosoides,H:T. Niskanen 11-079,KM273107,yes,1,NR_131843 Cortinarius fraudulosoides H:T. Niskanen 11-079 Alaska US,https://www.ncbi.nlm.nih.gov/nuccore/NR_131843
NR_131854,Cortinarius hadrocroceus,holotype,high,GenBank /type_material qualifier,holotype of Cortinarius hadrocroceus,H:T. Niskanen 10-122,KP087978,yes,1,NR_131854 Cortinarius hadrocroceus H:T. Niskanen 10-122 Quebec CA,https://www.ncbi.nlm.nih.gov/nuccore/NR_131854
NR_131860,Cortinarius ammiratii,holotype,high,GenBank /type_material qualifier,holotype of Cortinarius ammiratii,H:T. Niskanen 09-146,KP087984,yes,1,NR_131860 Cortinarius ammiratii H:T. Niskanen 09-146 Florida US,https://www.ncbi.nlm.nih.gov/nuccore/NR_131860
NR_131868,Cortinarius roseivelatus,holotype,high,GenBank /type_material qualifier,holotype of Cortinarius roseivelatus,H:T. Niskanen 01-2001,KP114464,yes,1,NR_131868 Cortinarius roseivelatus H:T. Niskanen 01-2001 Finland,https://www.ncbi.nlm.nih.gov/nuccore/NR_131868
NR_131876,Cortinarius furvoumbrinus,holotype,high,GenBank /type_material qualifier,holotype of Cortinarius furvoumbrinus,personal:T. Niskanen:03-1288,KP137509,yes,1,NR_131876 Cortinarius furvoumbrinus personal:T. Niskanen:03-1288 Sweden,https://www.ncbi.nlm.nih.gov/nuccore/NR_131876
NR_131877,Cortinarius nucicolor,holotype,high,GenBank /type_material qualifier,holotype of Cortinarius nucicolor,personal:T. Niskanen:03-1599,KP137510,yes,1,NR_131877 Cortinarius nucicolor personal:T. Niskanen:03-1599 Sweden,https://www.ncbi.nlm.nih.gov/nuccore/NR_131877
NR_131878,Cortinarius uraceisporus,holotype,high,GenBank /type_material qualifier,holotype of Cortinarius uraceisporus,personal:T. Niskanen:07-050a,KP165543,yes,1,NR_131878 Cortinarius uraceisporus personal:T. Niskanen:07-050a Finland,https://www.ncbi.nlm.nih.gov/nuccore/NR_131878
NR_131881,Cortinarius subserratissimus,holotype,high,GenBank /type_material qualifier,holotype of Cortinarius subserratissimus,H:I. Kytovuori 11-017,KP165552,yes,1,NR_131881 Cortinarius subserratissimus H:I. Kytovuori 11-017 Sweden,https://www.ncbi.nlm.nih.gov/nuccore/NR_131881
NR_131891,Cortinarius armillatus,neotype,high,GenBank /type_material qualifier,neotype of Agaricus armillatus,S:F256861,DQ114744,no,1,NR_131891 Cortinarius armillatus S:F256861 Jönköping SE,https://www.ncbi.nlm.nih.gov/nuccore/NR_131891
NR_132030,Lopadostoma gastrinum,ex-neotype,high,GenBank /type_material qualifier,culture from neotype of Sphaeria gastrina,CBS:134632,KC774584,yes,1,NR_132030 Lopadostoma gastrinum,https://www.ncbi.nlm.nih.gov/nuccore/NR_132030
NR_132033,Lopadostoma linospermum,ex-epitype,high,GenBank /type_material qualifier,culture from epitype of Lopadostoma linospermum,CBS:133208,KC774591,yes,1,NR_132033 Lopadostoma linospermum,https://www.ncbi.nlm.nih.gov/nuccore/NR_132033
NR_132036,Lopadostoma turgidum,epitype,high,GenBank /type_material qualifier,epitype of Sphaeria turgida,CBS:133207,KC774618,yes,1,NR_132036 Lopadostoma turgidum,https://www.ncbi.nlm.nih.gov/nuccore/NR_132036
NR_132076,Thyridium curvatum,ex-holotype,high,GenBank /type_material qualifier,culture from holotype of Phialemoniopsis curvata,CBS:490.82,KJ573443,yes,1,NR_132076 Thyridium curvatum,https://www.ncbi.nlm.nih.gov/nuccore/NR_132076
NR_132848,Melanogaster rivularis,holotype,high,GenBank /type_material qualifier,holotype of Melanogaster rivularis,LIP:PAM08090514,HQ714731,yes,1,NR_132848 Melanogaster rivularis LIP:PAM08090514 Haute-Corse FR,https://www.ncbi.nlm.nih.gov/nuccore/NR_132848
NR_132886,Hydnotrya laojunshanensis,holotype,high,GenBank /type_material qualifier,holotype of Hydnotrya laojunshanensis,YAAS:L2425,KC878618,yes,1,NR_132886 Hydnotrya laojunshanensis YAAS:L2425,https://www.ncbi.nlm.nih.gov/nuccore/NR_132886
NR_132918,Ganoderma enigmaticum,ex-holotype,high,GenBank /type_material qualifier,culture from holotype of Ganoderma enigmaticum,CBS:139792,KR183855,yes,1,NR_132918 Fungi,https://www.ncbi.nlm.nih.gov/nuccore/NR_132918
NR_132921,Allantophomopsis cytisporea,ex-epitype,high,GenBank /type_material qualifier,culture from epitype of Sphaeria cytisporea,CPC:24977,KR873228,yes,1,NR_132921 Allantophomopsis cytisporea Alūksne LV,https://www.ncbi.nlm.nih.gov/nuccore/NR_132921
NR_132922,Allantophomopsis lunata,ex-epitype,high,GenBank /type_material qualifier,culture from epitype of Ceuthospora lunata,CPC:24514,KR873229,yes,1,NR_132922 Allantophomopsis lunata New Jersey US,https://www.ncbi.nlm.nih.gov/nuccore/NR_132922
NR_134346,Trichoderma cremeum,holotype,high,GenBank /type_material qualifier,holotype of Hypocrea cremea,BPI:1112894,AY737760,yes,1,NR_134346 Trichoderma cremeum BPI:1112894 New York US,https://www.ncbi.nlm.nih.gov/nuccore/NR_134346
NR_134350,Trichoderma surrotundum,ex-type,high,GenBank /type_material qualifier,culture from type material of Hypocrea surrotunda,BPI:GJS 88-73,AY737769,yes,1,NR_134350 Trichoderma surrotundum Connecticut US,https://www.ncbi.nlm.nih.gov/nuccore/NR_134350
NR_134386,Trichoderma calamagrostidis,ex-holotype,high,GenBank /type_material qualifier,culture from holotype of Hypocrea calamagrostidis,CBS:121133,FJ860739,yes,1,NR_134386 Trichoderma calamagrostidis North Denmark Region DK,https://www.ncbi.nlm.nih.gov/nuccore/NR_134386
NR_134420,Trichoderma pleuroticola,ex-holotype,high,GenBank /type_material qualifier,culture from holotype of Trichoderma pleuroticola,CBS:124383,HM142362,yes,1,NR_134420 Trichoderma pleuroticola Gyeonggi-do KR,https://www.ncbi.nlm.nih.gov/nuccore/NR_134420
NR_135975,Foliocryphia eucalypti,ex-holotype,high,GenBank /type_material qualifier,culture from holotype of Foliocryphia eucalypti,CBS:124779,GQ303276,yes,1,NR_135975 Foliocryphia eucalypti Australia,https://www.ncbi.nlm.nih.gov/nuccore/NR_135975
NR_136969,Teunomyces cretensis,ex-holotype,high,GenBank /type_material qualifier,culture from holotype of Candida cretensis,CBS:9453,AY498862,yes,1,NR_136969 Teunomyces cretensis,https://www.ncbi.nlm.nih.gov/nuccore/NR_136969
NR_137080,Talaromyces subinflatus,ex-holotype,high,GenBank /type_material qualifier,culture from holotype of Talaromyces subinflatus,CBS:652.95,JN899397,yes,1,NR_137080 Talaromyces subinflatus,https://www.ncbi.nlm.nih.gov/nuccore/NR_137080
NR_137128,Pilidium pseudoconcavum,ex-holotype,high,GenBank /type_material qualifier,culture from holotype of Pilidium pseudoconcavum,CPC:21642,KF777184,yes,1,NR_137128 Fungi Mpumalanga ZA,https://www.ncbi.nlm.nih.gov/nuccore/NR_137128
NR_137130,Lactarius perparvus,holotype,high,GenBank /type_material qualifier,holotype of Lactarius perparvus,GENT:KW320,KJ458981,yes,1,NR_137130 Lactarius perparvus GENT:KW320,https://www.ncbi.nlm.nih.gov/nuccore/NR_137130
NR_137547,Hirsutella vermicola,ex-holotype,high,GenBank /type_material qualifier,culture from holotype of Hirsutella vermicola,CGMCC:3.7877,DQ345589,yes,1,NR_137547 Hirsutella vermicola,https://www.ncbi.nlm.nih.gov/nuccore/NR_137547
NR_137558,Aschersonia minutispora,ex-holotype,high,GenBank /type_material qualifier,culture from holotype of Aschersonia minutispora,BCC<THA>:20635,EU409583,yes,1,NR_137558 Aschersonia minutispora,https://www.ncbi.nlm.nih.gov/nuccore/NR_137558
NR_137566,Geosmithia microcorthyli,ex-holotype,high,GenBank /type_material qualifier,culture from holotype of Geosmithia microcorthyli,CCF<CZE>:3861,FM986798,no,1,NR_137566 Geosmithia microcorthyli Costa Rica,https://www.ncbi.nlm.nih.gov/nuccore/NR_137566
NR_137574,Fomitiporia gabonensis,ex-holotype,high,GenBank /type_material qualifier,culture from holotype of Fomitiporia gabonensis,MUCL:47576,GU461971,yes,1,NR_137574 Fomitiporia gabonensis Gabon,https://www.ncbi.nlm.nih.gov/nuccore/NR_137574
NR_137575,Fomitiporia aethiopica,ex-holotype,high,GenBank /type_material qualifier,culture from holotype of Fomitiporia aethiopica,MUCL:44777,GU478341,yes,1,NR_137575 Fomitiporia aethiopica Ethiopia,https://www.ncbi.nlm.nih.gov/nuccore/NR_137575
NR_137593,Entoloma subtenuicystidiatum,holotype,high,GenBank /type_material qualifier,holotype of Entoloma subtenuicystidiatum,GDGM:28459,JQ320109,yes,1,NR_137593 Entoloma subtenuicystidiatum GDGM:28459,https://www.ncbi.nlm.nih.gov/nuccore/NR_137593
NR_137601,Tylopilus plumbeoviolaceoides,holotype,high,GenBank /type_material qualifier,holotype of Tylopilus plumbeoviolaceoides,GDGM:20311,KC984859,yes,1,NR_137601 Tylopilus plumbeoviolaceoides GDGM:20311 China,https://www.ncbi.nlm.nih.gov/nuccore/NR_137601
NR_137614,Inocybe lanatopurpurea,holotype,high,GenBank /type_material qualifier,holotype of Inocybe lanatopurpurea,AH:40445,KJ432290,yes,1,NR_137614 Inocybe lanatopurpurea AH:40445 Jaén ES,https://www.ncbi.nlm.nih.gov/nuccore/NR_137614
NR_137622,Lactarius glabrigracilis,holotype,high,GenBank /type_material qualifier,holotype of Lactarius glabrigracilis,KW:093,KR025606,yes,1,NR_137622 Lactarius glabrigracilis KW:093 Thailand,https://www.ncbi.nlm.nih.gov/nuccore/NR_137622
NR_137722,Lyophyllum chilense,ex-holotype,high,GenBank /type_material qualifier,culture from holotype of Fibulochlamys chilensis,CBS:123018,FM955450,no,1,NR_137722 Fibulochlamys chilensis Chile,https://www.ncbi.nlm.nih.gov/nuccore/NR_137722
NR_137729,Pleosporormiella polymorpha,ex-holotype,high,GenBank /type_material qualifier,culture from holotype of Preussia polymorpha,IRAN:12398 F,GQ292749,yes,1,NR_137729 Preussia polymorpha IRAN:12398 F Iran,https://www.ncbi.nlm.nih.gov/nuccore/NR_137729
NR_137807,Mycosymbioces mycenophila,holotype,high,GenBank /type_material qualifier,holotype of Mycosymbioces mycenophila,OSC:148294,KF030236,yes,1,NR_137807 Mycosymbioces mycenaphila OSC:148294 Oregon US,https://www.ncbi.nlm.nih.gov/nuccore/NR_137807
NR_137821,Hazslinszkyomyces aloes,ex-holotype,high,GenBank /type_material qualifier,culture from holotype of Camarosporium aloes,CPC:21572,KF777142,yes,1,NR_137821 Fungi Western Cape ZA,https://www.ncbi.nlm.nih.gov/nuccore/NR_137821
NR_137852,Cantharellus ambohitantelyensis,holotype,high,GenBank /type_material qualifier,holotype of Cantharellus ambohitantelyensis,PC:0084754,KF981366,yes,1,NR_137852 Cantharellus ambohitantelyensis PC:0084754 Madagascar,https://www.ncbi.nlm.nih.gov/nuccore/NR_137852
NR_137872,Phacidium pseudophacidioides,ex-holotype,high,GenBank /type_material qualifier,culture from holotype of Phacidium pseudophacidioides,CBS:590.69,KJ663853,yes,1,NR_137872 Phacidium pseudophacidioides Netherlands,https://www.ncbi.nlm.nih.gov/nuccore/NR_137872
NR_137949,Tropicoporus excentrodendri,holotype,high,GenBank /type_material qualifier,holotype of Tropicoporus excentrodendri,IFP:Yuan 6232,KP030790,yes,1,NR_137949 Tropicoporus excentrodendri IFP:Yuan 6232,https://www.ncbi.nlm.nih.gov/nuccore/NR_137949
NR_138006,Xerocomellus sarnarii,holotype,high,GenBank /type_material qualifier,holotype of Xerocomellus sarnarii,MCVE:28577,KT271749,yes,1,NR_138006 Xerocomellus sarnarii MCVE:28577 Italy,https://www.ncbi.nlm.nih.gov/nuccore/NR_138006
NR_138015,Conicomyces pseudotransvaalensis,holotype,high,GenBank /type_material qualifier,holotype of Conicomyces pseudotransvaalensis,HHUF:29956,LC001710,no,1,NR_138015 Conicomyces pseudotransvaalensis HHUF:29956 Kagoshima JP,https://www.ncbi.nlm.nih.gov/nuccore/NR_138015
NR_138380,Phycomyces blakesleeanus var. piloboloides,type,high,GenBank /type_material qualifier,type material of Phycomyces blakesleeanus var. piloboloides,CBS:112.20,JN206303,yes,1,NR_138380 Phycomyces blakesleeanus var. piloboloides,https://www.ncbi.nlm.nih.gov/nuccore/NR_138380
NR_138381,Jobellisia guangdongensis,holotype,high,GenBank /type_material qualifier,holotype of Jobellisia guangdongensis,HMAS:251240,JN936994,yes,1,NR_138381 Jobellisia guangdongensis,https://www.ncbi.nlm.nih.gov/nuccore/NR_138381
NR_138383,Sparassis cystidiosa f. flabelliformis,holotype,high,GenBank /type_material qualifier,holotype of Sparassis cystidiosa f. flabelliformis,HKAS:59855,JQ743078,yes,1,NR_138383 Sparassis cystidiosa f. flabelliformis HKAS:59855,https://www.ncbi.nlm.nih.gov/nuccore/NR_138383
NR_138384,Helvella pseudoreflexa,holotype,high,GenBank /type_material qualifier,holotype of Helvella pseudoreflexa,HKAS:74311,JX462593,yes,1,NR_138384 Helvella pseudoreflexa HKAS:74311,https://www.ncbi.nlm.nih.gov/nuccore/NR_138384
NR_138390,Ceriporiopsis alboaurantia,holotype,high,GenBank /type_material qualifier,holotype of Ceriporiopsis alboaurantia,BJFC:Cui 4136,KF845955,yes,1,NR_138390 Ceriporiopsis alboaurantia BJFC:Cui 4136 China,https://www.ncbi.nlm.nih.gov/nuccore/NR_138390
NR_138391,Wrightoporia subavellanea,holotype,high,GenBank /type_material qualifier,holotype of Wrightoporia subavellanea,BJFC:Dai 11484,KJ513295,yes,1,NR_138391 Wrightoporia subavellanea BJFC:Dai 11484,https://www.ncbi.nlm.nih.gov/nuccore/NR_138391
NR_144771,Hannaella zeae,type,high,GenBank /type_material qualifier,type material of Cryptococcus zeae,CBS:10801,AJ965481,no,1,NR_144771 Hannaella zeae Burgenland AT,https://www.ncbi.nlm.nih.gov/nuccore/NR_144771
NR_144866,Penicillium robsamsonii,ex-holotype,high,GenBank /type_material qualifier,culture from holotype of Penicillium robsamsonii,CBS:140573,KU904339,yes,1,NR_144866 Penicillium robsamsonii Denmark,https://www.ncbi.nlm.nih.gov/nuccore/NR_144866
NR_144872,Trichoderma sinuosum,holotype,high,GenBank /type_material qualifier,holotype of Trichoderma sinuosum,BPI:843649,AY737771,yes,1,NR_144872 Trichoderma sinuosum BPI:843649 New York US,https://www.ncbi.nlm.nih.gov/nuccore/NR_144872
NR_144926,Neofabraea malicorticis,ex-epitype,high,GenBank /type_material qualifier,culture from epitype of Neofabraea malicorticis,OSC:100036,KR859086,yes,1,NR_144926.1 Neofabraea malicorticis EPITYPE OR (type of genus) (Dermateaceae),https://www.ncbi.nlm.nih.gov/nuccore/NR_144926
NR_144980,Agaricus amicosus,holotype,high,GenBank /type_material qualifier,holotype of Agaricus amicosus,SFSU:F-020923,KJ577957,yes,1,NR_144980 / KJ577958 Agaricus amicosus SFSU:F-020923 Colorado US,https://www.ncbi.nlm.nih.gov/nuccore/NR_144980
NR_144981,Agaricus brunneofibrillosus,holotype,high,GenBank /type_material qualifier,holotype of Agaricus brunneofibrillosus,SFSU:F-020921,KJ577963,yes,1,NR_144981 / KJ577961 Agaricus brunneofibrillosus SFSU:F-020921 California US,https://www.ncbi.nlm.nih.gov/nuccore/NR_144981
NR_144993,Agaricus diospyros,holotype,high,GenBank /type_material qualifier,holotype of Agaricus diospyros,CFMR:BOS 722,KJ859110,yes,1,NR_144993 Agaricus diospyros CFMR:BOS 722 Wisconsin US,https://www.ncbi.nlm.nih.gov/nuccore/NR_144993
NR_144994,Agaricus reducibulbus,holotype,high,GenBank /type_material qualifier,holotype of Agaricus reducibulbus,SFSU:F-020926,KJ859129,yes,1,NR_144994 Agaricus reducibulbus SFSU:F-020926 Pennsylvania US,https://www.ncbi.nlm.nih.gov/nuccore/NR_144994
NR_144996,Agaricus argenteus subsp. annetteae,holotype,high,GenBank /type_material qualifier,holotype of Agaricus argenteus subsp. annetteae,SFSU:F-021069,KJ877745,yes,1,NR_144996 Agaricus argenteus subsp. annetteae SFSU:F-021069 California US,https://www.ncbi.nlm.nih.gov/nuccore/NR_144996
NR_145001,Agaricus bellanniae,holotype,high,GenBank /type_material qualifier,holotype of Agaricus bellanniae,SFSU:F-020934,KJ877782,yes,1,NR_145001 Agaricus bellanniae SFSU:F-020934 Pennsylvania US,https://www.ncbi.nlm.nih.gov/nuccore/NR_145001
NR_145007,Agaricus melanocarpus,holotype,high,GenBank /type_material qualifier,holotype of Agaricus melanocarpus,HMAS:275734,KM657881,yes,1,NR_145007 Agaricus melanocapus HMAS:275734,https://www.ncbi.nlm.nih.gov/nuccore/NR_145007
NR_145008,Agaricus nigrogracilis,holotype,high,GenBank /type_material qualifier,holotype of Agaricus nigrogracilis,HMAS:275735,KM657882,yes,1,NR_145008 Agaricus nigrogracilis HMAS:275735,https://www.ncbi.nlm.nih.gov/nuccore/NR_145008
NR_145032,Thelonectria theobromicola,type,high,GenBank /type_material qualifier,type material of Cylindrocarpon theobromicola,CBS:218.67,EF607092,yes,1,NR_145032 Thelonectria theobromicola CBS 218.67 from TYPE material,https://www.ncbi.nlm.nih.gov/nuccore/NR_145032
NR_145062,Cosmospora arxii,ex-holotype,high,GenBank /type_material qualifier,culture from holotype of Acremonium arxii,CBS:748.69,KM231819,yes,1,NR_145062 Cosmospora arxii Germany,https://www.ncbi.nlm.nih.gov/nuccore/NR_145062
NR_145066,Achroiostachys levigata,ex-holotype,high,GenBank /type_material qualifier,culture from holotype of Achroiostachys levigata,CBS:185.79,KU845805,yes,1,NR_145066 Achroiostachys levigata Sudan,https://www.ncbi.nlm.nih.gov/nuccore/NR_145066
NR_145067,Achroiostachys saccharicola,ex-holotype,high,GenBank /type_material qualifier,culture from holotype of Achroiostachys saccharicola,CBS:268.76,KU845808,yes,1,NR_145067 Achroiostachys saccharicola Taiwan,https://www.ncbi.nlm.nih.gov/nuccore/NR_145067
NR_145079,Myrothecium simplex,ex-holotype,high,GenBank /type_material qualifier,culture from holotype of Myrothecium simplex,CBS:582.93,KU846456,yes,1,NR_145079 Myrothecium simplex Japan,https://www.ncbi.nlm.nih.gov/nuccore/NR_145079
NR_145083,Stachybotrys chartarum,ex-epitype,high,GenBank /type_material qualifier,culture from epitype of Stilbospora chartarum,CBS:182.80,KU846679,yes,1,NR_145083 Stachybotrys chartarum CBS 182.80 from TYPE material,https://www.ncbi.nlm.nih.gov/nuccore/NR_145083
NR_145148,Parachaetomium iranianum,ex-holotype,high,GenBank /type_material qualifier,culture from holotype of Chaetomium iranianum,IRAN:861C,HM365257,yes,1,NR_145148 Parachaetomium iranianum Iran,https://www.ncbi.nlm.nih.gov/nuccore/NR_145148
NR_145310,Phlyctema vincetoxici,ex-holotype,high,GenBank /type_material qualifier,culture from holotype of Phlyctema vincetoxici,CBS:123727,KR859278,yes,1,NR_145310 Phlyctema vincetoxici Czech Republic,https://www.ncbi.nlm.nih.gov/nuccore/NR_145310
NR_145350,Phellinus populicola,type,high,GenBank /type_material qualifier,type material of Phellinus populicola,CBS:638.75,AY558638,yes,1,NR_145350 Phellinus populicola,https://www.ncbi.nlm.nih.gov/nuccore/NR_145350
NR_145375,Spizellomyces acuminatus,type,high,GenBank /type_material qualifier,type material of Phlyctochytrium acuminatum,CBS:665.73,JN943809,yes,1,NR_145375 Spizellomyces acuminatus Canada,https://www.ncbi.nlm.nih.gov/nuccore/NR_145375
NR_145376,Tricharina hiemalis,type,high,GenBank /type_material qualifier,type material of Tricharina hiemalis,CBS:263.60,JQ824124,yes,1,NR_145376 Tricharina hiemalis,https://www.ncbi.nlm.nih.gov/nuccore/NR_145376
NR_145377,Tricharina groenlandica,type,high,GenBank /type_material qualifier,type material of Tricharina groenlandica,CBS:237.85,JQ824125,yes,1,NR_145377 Tricharina groenlandica,https://www.ncbi.nlm.nih.gov/nuccore/NR_145377
NR_145379,Amplistroma erinaceum,holotype,high,GenBank /type_material qualifier,holotype of Amplistroma erinaceum,AH:43902,KC907376,yes,1,NR_145379 Amplistroma erinaceum AH:43902 Panama,https://www.ncbi.nlm.nih.gov/nuccore/NR_145379
NR_147436,Tuber xuanhuaense,holotype,high,GenBank /type_material qualifier,holotype of Tuber xuanhuaense,HMAS:60213,KP276179,yes,1,NR_147436 Tuber xuanhuaense HMAS:60213 China,https://www.ncbi.nlm.nih.gov/nuccore/NR_147436
NR_147510,Ophiocordyceps arborescens,ex-holotype,high,GenBank /type_material qualifier,culture from holotype of Ophiocordyceps arborescens,NBRC:105891,AB968398,no,1,NR_147510 Ophiocordyceps arborescens Japan,https://www.ncbi.nlm.nih.gov/nuccore/NR_147510
NR_147567,Xylaria longissima,holotype,high,GenBank /type_material qualifier,holotype of Xylaria longissima,IRAN:16581 F,KP218905,yes,1,NR_147567 Xylaria longissima IRAN:16581 F,https://www.ncbi.nlm.nih.gov/nuccore/NR_147567
NR_147647,Ganoderma mbrekobenum,holotype,high,GenBank /type_material qualifier,holotype of Ganoderma mbrekobenum,MIN:850481,KX000896,yes,1,NR_147647 Ganoderma mbrekobenum MIN:850481 Ghana,https://www.ncbi.nlm.nih.gov/nuccore/NR_147647
NR_147649,Gliocladiopsis peggii,holotype,high,GenBank /type_material qualifier,holotype of Gliocladiopsis peggii,BRIP:60983,KX274083,yes,1,NR_147649 Gliocladiopsis peggii Queensland AU,https://www.ncbi.nlm.nih.gov/nuccore/NR_147649
NR_147659,Hapalopilus percoctus,holotype,high,GenBank /type_material qualifier,holotype of Hapalopilus percoctus,personal:R Miettinen:28.V.2008,KX752597,yes,1,NR_147659 Hapalopilus percoctus personal:R Miettinen:28.V.2008 Botswana,https://www.ncbi.nlm.nih.gov/nuccore/NR_147659
NR_148068,Coprinopsis fusispora,holotype,high,GenBank /type_material qualifier,holotype of Coprinopsis fusispora,BP:SZMC-NL-1227,JX118740,yes,1,NR_148068.1 Coprinopsis fusispora specimen_voucher BP:SZMC-NL-1227 holotype Coprinopsis fusispora,https://www.ncbi.nlm.nih.gov/nuccore/NR_148068
NR_148098,Fomitiporia subtilissima,holotype,high,GenBank /type_material qualifier,holotype of Fomitiporia subtilissima,FURB:47557,KU557531,yes,1,NR_148098 Fomitiporia subtilissima FURB:47557 Santa Catarina BR,https://www.ncbi.nlm.nih.gov/nuccore/NR_148098
NR_148120,Ceriporia humilis,holotype,high,GenBank /type_material qualifier,holotype of Ceriporia humilis,H:V. Spirin 4706,KX752608,no,1,NR_148120 Ceriporia humilis H:V. Spirin 4706 Russia,https://www.ncbi.nlm.nih.gov/nuccore/NR_148120
NR_148190,Dacrymyces cyrtosporus,holotype,high,GenBank /type_material qualifier,holotype of Dacrymyces cyrtosporus,PDD:107980,LC131422,no,1,NR_148190 Dacrymyces cyrtosporus PDD:107980 New Zealand,https://www.ncbi.nlm.nih.gov/nuccore/NR_148190
NR_151751,Agaricus parvibicolor,holotype,high,GenBank /type_material qualifier,holotype of Agaricus parvibicolor,MFLU:12-0953,KP715162,yes,1,NR_151751 Agaricus parvibicolor MFLU:12-0953 Thailand,https://www.ncbi.nlm.nih.gov/nuccore/NR_151751
NR_151756,Agaricus erectosquamosus,holotype,high,GenBank /type_material qualifier,holotype of Agaricus erectosquamosus,MFLU:12-0993,KT951338,yes,1,NR_151756 Agaricus erectosquamosus MFLU:12-0993 Thailand,https://www.ncbi.nlm.nih.gov/nuccore/NR_151756
NR_151760,Agaricus pallidobrunneus,holotype,high,GenBank /type_material qualifier,holotype of Agaricus pallidobrunneus,HMAS:273999,KT951370,yes,1,NR_151760 Agaricus pallidobrunneus HMAS:273999 China,https://www.ncbi.nlm.nih.gov/nuccore/NR_151760
NR_151761,Agaricus crassisquamosus,holotype,high,GenBank /type_material qualifier,holotype of Agaricus crassisquamosus,HMAS:273991,KT951376,yes,1,NR_151761 Agaricus crassisquamosus HMAS:273991 China,https://www.ncbi.nlm.nih.gov/nuccore/NR_151761
NR_151767,Agaricus dolichopus,holotype,high,GenBank /type_material qualifier,holotype of Agaricus dolichopus,HMAS:273989,KT951433,yes,1,NR_151767 Agaricus dolichopus HMAS:273989 China,https://www.ncbi.nlm.nih.gov/nuccore/NR_151767
NR_151768,Agaricus variabilicolor,holotype,high,GenBank /type_material qualifier,holotype of Agaricus variabilicolor,BBH:19637,KT951439,yes,1,NR_151768 Agaricus variabilicolor BBH:19637 Thailand,https://www.ncbi.nlm.nih.gov/nuccore/NR_151768
NR_151769,Agaricus luteofibrillosus,holotype,high,GenBank /type_material qualifier,holotype of Agaricus luteofibrillosus,HMAS:254487,KU245972,yes,1,NR_151769 Agaricus luteofibrillosus HMAS 254487 from TYPE material HMAS:254487,https://www.ncbi.nlm.nih.gov/nuccore/NR_151769
NR_151849,Auricularia tibetica,holotype,high,GenBank /type_material qualifier,holotype of Auricularia tibetica,BJFC:017181,KT152106,yes,1,NR_151849 Auricularia tibetica BJFC:017181 China,https://www.ncbi.nlm.nih.gov/nuccore/NR_151849
NR_152335,Inocybe leucotaenia,holotype,high,GenBank /type_material qualifier,holotype of Inocybe leucotaenia,PERTH:08363684,KF871784,yes,1,NR_152335 Inocybe leucotaenia PERTH:08363684 Western Australia AU,https://www.ncbi.nlm.nih.gov/nuccore/NR_152335
NR_152355,Inocybe ionocaulis,holotype,high,GenBank /type_material qualifier,holotype of Inocybe ionocaulis,PERTH:08241791,KP171134,yes,1,NR_152355 Inocybe ionocaulis PERTH:08241791 Western Australia AU,https://www.ncbi.nlm.nih.gov/nuccore/NR_152355
NR_152366,Inocybe pluviosilvestris,holotype,high,GenBank /type_material qualifier,holotype of Inocybe pluviosilvestris,PERTH:08517134,KP308802,yes,1,NR_152366 Inocybe pluviosilvestris PERTH:08517134 Tasmania AU,https://www.ncbi.nlm.nih.gov/nuccore/NR_152366
NR_152373,Eichleriella bactriana,holotype,high,GenBank /type_material qualifier,holotype of Eichleriella bactriana,TAAM:55071,KX262121,yes,1,NR_152373 Eichleriella bactriana TAAM:55071 Turkmenistan,https://www.ncbi.nlm.nih.gov/nuccore/NR_152373
NR_152897,Pusillomyces asetosus,holotype,high,GenBank /type_material qualifier,holotype of Gymnopus asetosus,BRNM:715010,KF251066,yes,1,NR_152897 Gymnopus asetosus BRNM:715010,https://www.ncbi.nlm.nih.gov/nuccore/NR_152897
NR_152898,Gymnopus cremeostipitatus,holotype,high,GenBank /type_material qualifier,holotype of Gymnopus cremeostipitatus,BRNM:747547,KF251071,yes,1,NR_152898 Gymnopus cremeostipitatus BRNM:747547,https://www.ncbi.nlm.nih.gov/nuccore/NR_152898
NR_152899,Pseudomarasmius glabrocystidiatus,holotype,high,GenBank /type_material qualifier,holotype of Gymnopus glabrocystidiatus,BRNM:718676,KF251073,yes,1,NR_152899 Gymnopus glabrocystidiatus BRNM:718676,https://www.ncbi.nlm.nih.gov/nuccore/NR_152899
NR_152932,Entoloma mirum,holotype,high,GenBank /type_material qualifier,holotype of Entoloma mirum,TUR:K. Kokkonen 99/14 TUR,LN850548,no,1,NR_152932 Entoloma mirum TUR:K. Kokkonen 99/14 TUR Finland,https://www.ncbi.nlm.nih.gov/nuccore/NR_152932
NR_152971,Lactarius rubrocorrugatus,type,high,GenBank /type_material qualifier,type material of Lactarius rubrocorrugatus,GENT:KW384,KR025590,yes,1,NR_152971 Lactarius rubrocorrugatus GENT:KW384 Thailand,https://www.ncbi.nlm.nih.gov/nuccore/NR_152971
NR_152976,Lactarius acatlanensis,type,high,GenBank /type_material qualifier,type material of Lactarius acatlanensis,XAL:LM5051,KT583643,yes,1,NR_152976 Lactarius acatlanensis XAL:LM5051 Mexico,https://www.ncbi.nlm.nih.gov/nuccore/NR_152976
NR_152995,Thaxterogaster nebulobrunneus,holotype,high,GenBank /type_material qualifier,holotype of Cortinarius nebulobrunneus,MEL:2331648,GQ890307,yes,1,NR_152995 Cortinarius nebulobrunneus MEL:2331648 Australia,https://www.ncbi.nlm.nih.gov/nuccore/NR_152995
NR_152999,Thaxterogaster argyrionus,holotype,high,GenBank /type_material qualifier,holotype of Cortinarius argyrionus,MEL:2331642,GQ890312,yes,1,NR_152999 Cortinarius argyrionus MEL:2331642 Australia,https://www.ncbi.nlm.nih.gov/nuccore/NR_152999
NR_153000,Thaxterogaster cinereoroseolus,holotype,high,GenBank /type_material qualifier,holotype of Cortinarius cinereoroseolus,MEL:2331646,GQ890315,yes,1,NR_153000 Thaxterogaster cinereoroseolus MEL:2331646 Australia,https://www.ncbi.nlm.nih.gov/nuccore/NR_153000
NR_153003,Cortinarius anfractoides var. cinereoclarus,holotype,high,GenBank /type_material qualifier,holotype of Cortinarius anfractoides var. cinereoclarus,PC:A. Bidaud 08-09-155,KF732251,yes,1,NR_153003 Cortinarius anfractoides var. cinereoclarus PC:A. Bidaud 08-09-155 France,https://www.ncbi.nlm.nih.gov/nuccore/NR_153003
NR_153016,Calonarius luteicolor,holotype,high,GenBank /type_material qualifier,holotype of Cortinarius orichalceus f. luteifolius,MICH:10389,KF732368,yes,1,NR_153016 Cortinarius luteicolor MICH:10389 United States,https://www.ncbi.nlm.nih.gov/nuccore/NR_153016
NR_153020,Phlegmacium pseudoturmale,holotype,high,GenBank /type_material qualifier,holotype of Cortinarius pseudoturmalis,PC:P. Moenne-Loccoz 3465,KF732403,yes,1,NR_153020 Phlegmacium pseudoturmale PC:P. Moenne-Loccoz 3465 France,https://www.ncbi.nlm.nih.gov/nuccore/NR_153020
NR_153021,Phlegmacium rufolatum,holotype,high,GenBank /type_material qualifier,holotype of Cortinarius rufolatus,G:293730/1,KF732415,yes,1,NR_153021 Phlegmacium rufolatum G:293730/1 France,https://www.ncbi.nlm.nih.gov/nuccore/NR_153021
NR_153026,Phlegmacium cistoglaucopus,holotype,high,GenBank /type_material qualifier,holotype of Cortinarius cistoglaucopus,LIP:JVG 1081108P,KF738089,yes,1,NR_153026 Cortinarius cistoglaucopus LIP:JVG 1081108P Spain,https://www.ncbi.nlm.nih.gov/nuccore/NR_153026
NR_153037,Cortinarius ferruginosus,holotype,high,GenBank /type_material qualifier,holotype of Inocybe ferruginosa,MICH:11058,KP087989,yes,1,NR_153037 Cortinarius ferruginosus MICH:11058 Florida US,https://www.ncbi.nlm.nih.gov/nuccore/NR_153037
NR_153042,Thaxterogaster alboamarescens,holotype,high,GenBank /type_material qualifier,holotype of Cortinarius alboamarescens,H:T. Niskanen 04-850,KR011136,yes,1,NR_153042 Cortinarius alboamarescens H:T. Niskanen 04-850 Finland,https://www.ncbi.nlm.nih.gov/nuccore/NR_153042
NR_153061,Cortinarius vinaceogrisescens,holotype,high,GenBank /type_material qualifier,holotype of Cortinarius vinaceogrisescens,WTU:M.Beug 03MWB111913,KU041743,yes,1,NR_153061 Cortinarius vinaceogrisescens WTU:M.Beug 03MWB111913 Florida US,https://www.ncbi.nlm.nih.gov/nuccore/NR_153061
NR_153064,Thaxterogaster cremeorufus,type,high,GenBank /type_material qualifier,type material of Cortinarius cremeorufus,PDD:94056,KU136439,yes,1,NR_153064 Thaxterogaster cremeorufus PDD:94056 New Zealand,https://www.ncbi.nlm.nih.gov/nuccore/NR_153064
NR_153068,Aureonarius tofaceus,neotype,high,GenBank /type_material qualifier,neotype of Cortinarius tofaceus,S:H. Lindstrom CFP366,KU236707,yes,1,NR_153068 Aureonarius tofaceus S:H. Lindstrom CFP366 Sweden,https://www.ncbi.nlm.nih.gov/nuccore/NR_153068
NR_153069,Cortinarius croceicolor,lectotype,high,GenBank /type_material qualifier,lectotype of Cortinarius croceicolor,MICH:10341,KU236708,yes,1,NR_153069 Cortinarius croceicolor MICH:10341 United States,https://www.ncbi.nlm.nih.gov/nuccore/NR_153069
NR_153074,Cortinarius pastoralis,holotype,high,GenBank /type_material qualifier,holotype of Cortinarius pastoralis,H:6031247,KX302258,yes,1,NR_153074 Cortinarius pastoralis H:6031247 Finland,https://www.ncbi.nlm.nih.gov/nuccore/NR_153074
NR_153082,Cortinarius subpuellaris,holotype,high,GenBank /type_material qualifier,holotype of Cortinarius subpuellaris,O:T.E. Brandrud TEB562-15,KX831129,yes,1,NR_153082 Cortinarius subpuellaris O:T.E. Brandrud TEB 562-15 Norway,https://www.ncbi.nlm.nih.gov/nuccore/NR_153082
NR_153085,Cortinarius flavobasilis,holotype,high,GenBank /type_material qualifier,holotype of Cortinarius flavobasilis,IB:M. Moser 19830164,KX882664,yes,1,NR_153085 Cortinarius flavobasilis IB:M. Moser 19830164 United States,https://www.ncbi.nlm.nih.gov/nuccore/NR_153085
NR_153089,Cortinarius hircinosmus,holotype,high,GenBank /type_material qualifier,holotype of Cortinarius hircinosmus,PC:P. Moenne-Locc. 334,KX964368,yes,1,NR_153089 Cortinarius hircinosmus PC:P. Moenne-Locc. 334 France,https://www.ncbi.nlm.nih.gov/nuccore/NR_153089
NR_153090,Cortinarius plumulosus,holotype,high,GenBank /type_material qualifier,holotype of Cortinarius plumulosus,PC:R. Henry 3417,KX964374,yes,1,NR_153090 Cortinarius plumulosus PC:R. Henry 3417 France,https://www.ncbi.nlm.nih.gov/nuccore/NR_153090
NR_153091,Cortinarius refectus,epitype,high,GenBank /type_material qualifier,epitype of Cortinarius refectus,PC:A. Bidaud 96-09-73,KX964385,yes,1,NR_153091 Cortinarius refectus PC:A. Bidaud 96-09-73 Germany,https://www.ncbi.nlm.nih.gov/nuccore/NR_153091
NR_153093,Cortinarius subcagei,holotype,high,GenBank /type_material qualifier,holotype of Cortinarius subcagei,H:T. Niskanen 12-217,KX964410,yes,1,NR_153093 Cortinarius subcagei H:T. Niskanen 12-217 California US,https://www.ncbi.nlm.nih.gov/nuccore/NR_153093
NR_153094,Cortinarius cystidiobicolor,holotype,high,GenBank /type_material qualifier,holotype of Cortinarius cystidiobicolor,H:T. Niskanen 05-033,KX964411,yes,1,NR_153094 Cortinarius cystidiobicolor H:T. Niskanen 05-033 Finland,https://www.ncbi.nlm.nih.gov/nuccore/NR_153094
NR_153096,Cortinarius cyprinus,holotype,high,GenBank /type_material qualifier,holotype of Cortinarius cyprinus,PC:X. Carteret 2012-26,KX964463,yes,1,NR_153096 Cortinarius cyprinus PC:X. Carteret 2012-26 France,https://www.ncbi.nlm.nih.gov/nuccore/NR_153096
NR_153129,Inocybe multifolia f. cryptophylla,holotype,high,GenBank /type_material qualifier,holotype of Inocybe multifolia f. cryptophylla,TENN:066926,KC305452,yes,1,NR_153129 Inocybe multifolia f. cryptophylla TENN:066926 California US,https://www.ncbi.nlm.nih.gov/nuccore/NR_153129
NR_153130,Inocybe fuscosquarrosa,type,high,GenBank /type_material qualifier,type material of Inocybe fuscosquarrosa,PBM:3447,KC305465,yes,1,NR_153130 Inocybe fuscosquarrosa PBM:3447 Tasmania AU,https://www.ncbi.nlm.nih.gov/nuccore/NR_153130
NR_153132,Inocybe multifolia f. multifolia,holotype,high,GenBank /type_material qualifier,holotype of Inocybe multifolia,TENN:065795,KC335526,yes,1,NR_153132 Inocybe multifolia f. multifolia TENN:065795 California US,https://www.ncbi.nlm.nih.gov/nuccore/NR_153132
NR_153143,Inocybe bulbinella,isotype,high,GenBank /type_material qualifier,isotype of Inocybe bulbinella,TENN:066537,KJ756486,yes,1,NR_153143 Inocybe bulbinella TENN:066537 Western Australia AU,https://www.ncbi.nlm.nih.gov/nuccore/NR_153143
NR_153145,Inocybe flavobrunnescens,holotype,high,GenBank /type_material qualifier,holotype of Inocybe flavobrunnescens,AH:29883,KJ938784,yes,1,NR_153145 Inocybe flavobrunnescens AH:29883,https://www.ncbi.nlm.nih.gov/nuccore/NR_153145
NR_153151,Inocybe hymenocarpa,holotype,high,GenBank /type_material qualifier,holotype of Inocybe hymenocarpa,PERTH:07676603,KP171132,yes,1,NR_153151 Inocybe hymenocarpa PERTH:07676603 Western Australia AU,https://www.ncbi.nlm.nih.gov/nuccore/NR_153151
NR_153153,Inocybe mellita,isotype,high,GenBank /type_material qualifier,isotype of Inocybe mellita,TENN:066622,KP308776,yes,1,NR_153153 Inocybe mellita TENN:066622 Western Australia AU,https://www.ncbi.nlm.nih.gov/nuccore/NR_153153
NR_153176,Inocybe babruka,holotype,high,GenBank /type_material qualifier,holotype of Inocybe babruka,CAL:1344,KY440086,yes,1,NR_153176 Inocybe babruka CAL:1344 India,https://www.ncbi.nlm.nih.gov/nuccore/NR_153176
NR_153199,Phellinus lundellii,type,high,GenBank /type_material qualifier,type material of Phellinus lundellii,CBS:540.72,AY558630,yes,1,NR_153199 Phellinus lundellii,https://www.ncbi.nlm.nih.gov/nuccore/NR_153199
NR_153212,Pluteus orestes,holotype,high,GenBank /type_material qualifier,holotype of Pluteus orestes,UC<USA-CA>:1861122,JX857467,yes,1,NR_153212 Pluteus orestes UC:1861122 California US,https://www.ncbi.nlm.nih.gov/nuccore/NR_153212
NR_153236,Pluteus elaphinus,type,high,GenBank /type_material qualifier,type material of Pluteus elaphinus,CUW:AJ783,KJ009663,yes,1,NR_153236 Pluteus elaphinus CUW:AJ783 Massachusetts US,https://www.ncbi.nlm.nih.gov/nuccore/NR_153236
NR_153243,Pluteus atrofibrillosus,type,high,GenBank /type_material qualifier,type material of Pluteus atrofibrillosus,TENN:E.C. Vellinga 4153a,KJ009774,yes,1,NR_153243 Pluteus atrofibrillosus TENN:E.C. Vellinga 4153a Tennessee US,https://www.ncbi.nlm.nih.gov/nuccore/NR_153243
NR_153257,Pluteus purpureofuscus,holotype,high,GenBank /type_material qualifier,holotype of Pluteus purpureofuscus,HKAS:48956,KR350489,yes,1,NR_153257 Pluteus purpureofuscus HKAS:48956 Sichuan CN,https://www.ncbi.nlm.nih.gov/nuccore/NR_153257
NR_153258,Pluteus griseodiscus,holotype,high,GenBank /type_material qualifier,holotype of Pluteus griseodiscus,GDGM:42280,KR350490,yes,1,NR_153258 Pluteus griseodiscus GDGM:42280 Guangdong CN,https://www.ncbi.nlm.nih.gov/nuccore/NR_153258
NR_153259,Russula pallidirosea,holotype,high,GenBank /type_material qualifier,holotype of Russula pallidirosea,UTC:00274382,KR831283,yes,1,NR_153259 Russula pallidirosea UTC:00274382 American Samoa,https://www.ncbi.nlm.nih.gov/nuccore/NR_153259
NR_153267,Penicillium fimorum,ex-holotype,high,GenBank /type_material qualifier,culture from holotype of Penicillium fimorum,CBS:140575,KU904341,yes,1,NR_153267 Penicillium fimorum Denmark,https://www.ncbi.nlm.nih.gov/nuccore/NR_153267
NR_153452,Spongiporus gloeoporus,holotype,high,GenBank /type_material qualifier,holotype of Postia gloeopora,BJFC:Cui 9507,KM107901,yes,1,NR_153452 Postia gloeopora BJFC:Cui 9507 China,https://www.ncbi.nlm.nih.gov/nuccore/NR_153452
NR_153456,Micarea soralifera,type,high,GenBank /type_material qualifier,type material of Micarea soralifera,UGDA:L 13001,KT119887,yes,1,NR_153456 Micarea soralifera UGDA:L 13001 Poland,https://www.ncbi.nlm.nih.gov/nuccore/NR_153456
NR_153519,Amauroderma floriformum,holotype,high,GenBank /type_material qualifier,holotype of Amauroderma floriformum,URM<BRA>:83250,JX310846,yes,1,NR_153519 Amauroderma floriformum URM:83250 Rondônia BR,https://www.ncbi.nlm.nih.gov/nuccore/NR_153519
NR_153535,Albomagister alesandrii,holotype,high,GenBank /type_material qualifier,holotype of Albomagister alesandrii,LIP:0400320,KT315645,yes,1,NR_153535 Albomagister alesandrii LIP:0400320 FR,https://www.ncbi.nlm.nih.gov/nuccore/NR_153535
NR_153548,Albifimbria lateralis,ex-holotype,high,GenBank /type_material qualifier,culture from holotype of Albifimbria lateralis,CBS:117712,KU845881,yes,1,NR_153548 Albifimbria lateralis United States,https://www.ncbi.nlm.nih.gov/nuccore/NR_153548
NR_153549,Albifimbria terrestris,ex-holotype,high,GenBank /type_material qualifier,culture from holotype of Albifimbria terrestris,CBS:126186,KU845883,yes,1,NR_153549 Albifimbria terrestris Namibia,https://www.ncbi.nlm.nih.gov/nuccore/NR_153549
NR_153551,Albifimbria viridis,ex-holotype,high,GenBank /type_material qualifier,culture from holotype of Albifimbria viridis,CBS:449.71,KU845898,yes,1,NR_153551 Albifimbria viridis India,https://www.ncbi.nlm.nih.gov/nuccore/NR_153551
NR_153554,Annulohypoxylon areolatum,ex-epitype,high,GenBank /type_material qualifier,culture from epitype of Annulohypoxylon areolatum,MFLUCC:14-1233,KX376327,yes,1,NR_153554 Annulohypoxylon areolatum Thailand,https://www.ncbi.nlm.nih.gov/nuccore/NR_153554
NR_153557,Anthostomella ravennica,ex-holotype,high,GenBank /type_material qualifier,culture from holotype of Anthostomella ravennica,MFLUCC:15-0012,KX533449,yes,1,NR_153557 Anthostomella ravennica Italy,https://www.ncbi.nlm.nih.gov/nuccore/NR_153557
NR_153579,Annulohypoxylon annulatum,ex-epitype,high,GenBank /type_material qualifier,culture from epitype of Sphaeria annulata,CBS:140775,KY610418,yes,1,NR_153579 Annulohypoxylon annulatum Texas US,https://www.ncbi.nlm.nih.gov/nuccore/NR_153579
NR_153580,Annulohypoxylon truncatum,ex-epitype,high,GenBank /type_material qualifier,culture from epitype of Annulohypoxylon truncatum,CBS:140778,KY610419,yes,1,NR_153580 Annulohypoxylon truncatum Texas US,https://www.ncbi.nlm.nih.gov/nuccore/NR_153580
NR_153899,Choiromyces helanshanensis,type,high,GenBank /type_material qualifier,type material of Choiromyces helanshanensis,HKAS:80634,KP019346,yes,1,NR_153899 Choiromyces helanshanensis HKAS:80634 China,https://www.ncbi.nlm.nih.gov/nuccore/NR_153899
NR_153912,Calocybella babruka,holotype,high,GenBank /type_material qualifier,holotype of Calocybella babruka,CAL:1289,KU366466,yes,1,NR_153912 Calocybella babruka CAL:1289 India,https://www.ncbi.nlm.nih.gov/nuccore/NR_153912
NR_153917,Coprinus pinetorum,holotype,high,GenBank /type_material qualifier,holotype of Coprinus pinetorum,AH:44094,KU686924,yes,1,NR_153917 Coprinus pinetorum AH:44094 Madrid ES,https://www.ncbi.nlm.nih.gov/nuccore/NR_153917
NR_153968,Epichloe coenophiala,type,high,GenBank /type_material qualifier,type material of Epichloe coenophiala,CBS:494.82,DQ119115,yes,1,NR_153968 Epichloe coenophiala CBS 494.82 from TYPE material,https://www.ncbi.nlm.nih.gov/nuccore/NR_153968
NR_153971,Eupenidiella venezuelensis,ex-holotype,high,GenBank /type_material qualifier,culture from holotype of Penidiella venezuelensis,CBS:106.75,EU019278,yes,1,NR_153971 Eupenidiella venezuelensis Venezuela,https://www.ncbi.nlm.nih.gov/nuccore/NR_153971
NR_153999,Flammulina filiformis,holotype,high,GenBank /type_material qualifier,holotype of Flammulina velutipes var. filiformis,HKAS:83890,KP867924,yes,1,NR_153999 Flammulina velutipes var. filiformis HKAS:83890 China,https://www.ncbi.nlm.nih.gov/nuccore/NR_153999
NR_154000,Flavodon ambrosius,holotype,high,GenBank /type_material qualifier,holotype of Flavodon ambrosius,BPI:893213,KR119072,yes,1,NR_154000 Flavodon ambrosius BPI:893213 Florida US,https://www.ncbi.nlm.nih.gov/nuccore/NR_154000
NR_154005,Fibroporia ceracea,holotype,high,GenBank /type_material qualifier,holotype of Fibroporia ceracea,BJFC:Dai 13013,KU550476,yes,1,NR_154005 Fibroporia ceracea BJFC:Dai 13013 China,https://www.ncbi.nlm.nih.gov/nuccore/NR_154005
NR_154013,Entalbostroma erumpens,holotype,high,GenBank /type_material qualifier,holotype of Entalbostroma erumpens,ICMP:21152,KX258206,yes,1,NR_154013 Entalbostroma erumpens New Zealand,https://www.ncbi.nlm.nih.gov/nuccore/NR_154013
NR_154019,Fulvifomes coffeatoporus,holotype,high,GenBank /type_material qualifier,holotype of Fulvifomes krugiodendri,PRM:JV0904_1,KX960762,yes,1,NR_154019 Fulvifomes krugiodendri PRM:JV0904_1 United States,https://www.ncbi.nlm.nih.gov/nuccore/NR_154019
NR_154020,Fulvifomes centroamericanus,holotype,high,GenBank /type_material qualifier,holotype of Fulvifomes centroamericanus,BJFC:JV0611_III,KX960763,yes,1,NR_154020 Fulvifomes centroamericanus BJFC:JV0611_III Guatemala,https://www.ncbi.nlm.nih.gov/nuccore/NR_154020
NR_154082,Hohenbuehelia mastrucata,epitype,high,GenBank /type_material qualifier,epitype of Agaricus mastrucatus,TRTC:152314,KU355336,yes,1,NR_154082 Hohenbuehelia mastrucata TRTC:152314,https://www.ncbi.nlm.nih.gov/nuccore/NR_154082
NR_154090,Geopyxis aleurioides,type,high,GenBank /type_material qualifier,type material of Geopyxis aleurioides,TUR:078772,KU932478,yes,1,NR_154090 Geopyxis aleurioides TUR:078772 Canada,https://www.ncbi.nlm.nih.gov/nuccore/NR_154090
NR_154101,Harusavskia elenkinianoides,holotype,high,GenBank /type_material qualifier,holotype of Harusavskia elenkinianoides,KoLRI:14493,KY614405,yes,1,NR_154101 Harusavskia elenkinianoides KoLRI:14493 Chile,https://www.ncbi.nlm.nih.gov/nuccore/NR_154101
NR_154145,Marasmius angustilamellatus,type,high,GenBank /type_material qualifier,type material of Marasmius angustilamellatus,KLU:M 33,FJ431219,yes,1,NR_154145 Marasmius angustilamellatus KLU:M 33 Malaysia,https://www.ncbi.nlm.nih.gov/nuccore/NR_154145
NR_154150,Marasmius ochropoides,type,high,GenBank /type_material qualifier,type material of Marasmius ochropoides,KLU:M 89,FJ431263,yes,1,NR_154150 Marasmius ochropoides KLU:M 89 Malaysia,https://www.ncbi.nlm.nih.gov/nuccore/NR_154150
NR_154151,Marasmius olivascens,type,high,GenBank /type_material qualifier,type material of Marasmius olivascens,KLU:M 90,FJ431265,yes,1,NR_154151 Marasmius olivascens KLU:M 90 Malaysia,https://www.ncbi.nlm.nih.gov/nuccore/NR_154151
NR_154154,Melanoleuca rasilis,neotype,high,GenBank /type_material qualifier,neotype of Agaricus rasilis,ANC:M0220,JN616461,yes,1,NR_154154 Melanoleuca rasilis ANC:M0220 Italy,https://www.ncbi.nlm.nih.gov/nuccore/NR_154154
NR_154172,Melanoleuca juliannae var. decolorans,holotype,high,GenBank /type_material qualifier,holotype of Melanoleuca juliannae var. decolorans,BRNM:751960,KJ425532,yes,1,NR_154172 Melanoleuca juliannae var. decolorans BRNM:751960,https://www.ncbi.nlm.nih.gov/nuccore/NR_154172
NR_154190,Melanconis betulae,ex-holotype,high,GenBank /type_material qualifier,culture from holotype of Melanconis betulae,CFCC:50471,KT732952,yes,1,NR_154190 Melanconis betulae China,https://www.ncbi.nlm.nih.gov/nuccore/NR_154190
NR_154218,Melanconis marginalis subsp. italica,ex-holotype,high,GenBank /type_material qualifier,culture from holotype of Melanconis italica,MFLUCC:16-1199,MF190151,yes,1,NR_154218 Melanconis marginalis subsp. italica Italy,https://www.ncbi.nlm.nih.gov/nuccore/NR_154218
NR_154286,Pochonia globispora,ex-type,high,GenBank /type_material qualifier,culture from type material of Pochonia globispora,CBS:203.86,DQ516079,yes,1,NR_154286 Pochonia globispora,https://www.ncbi.nlm.nih.gov/nuccore/NR_154286
NR_154296,Pyrenopolyporus laminosus,ex-epitype,high,GenBank /type_material qualifier,culture from epitype of Hypoxylon laminosum,MUCL:53305,KC968934,yes,1,NR_154296 Pyrenopolyporus laminosus,https://www.ncbi.nlm.nih.gov/nuccore/NR_154296
NR_154319,Pseudofabraea citricarpa,ex-type,high,GenBank /type_material qualifier,culture from type material of Cryptosporiopsis citricarpa,CGMCC:3.14880,KR859279,yes,1,NR_154319.1 Pseudofabraea citricarpa HOLOTYPE China (type of genus) (Dermateaceae),https://www.ncbi.nlm.nih.gov/nuccore/NR_154319
NR_154348,Pulveroboletus flaviscabrosus,holotype,high,GenBank /type_material qualifier,holotype of Pulveroboletus flaviscabrosus,HKAS:83190,KX453802,yes,1,NR_154348 Pulveroboletus flaviscabrosus HKAS:83190 Yunnan CN,https://www.ncbi.nlm.nih.gov/nuccore/NR_154348
NR_154349,Pulveroboletus rubroscabrosus,holotype,high,GenBank /type_material qualifier,holotype of Pulveroboletus rubroscabrosus,HKAS:75537,KX453816,yes,1,NR_154349 Pulveroboletus rubroscabrosus HKAS:75537 Hubei CN,https://www.ncbi.nlm.nih.gov/nuccore/NR_154349
NR_154434,Rhodocybe luteobrunnea,holotype,high,GenBank /type_material qualifier,holotype of Rhodocybe luteobrunnea,CAL:1322,KX083570,yes,1,NR_154434 Rhodocybe luteobrunnea CAL:1322 India,https://www.ncbi.nlm.nih.gov/nuccore/NR_154434
NR_154435,Rhodocybe griseoaurantia,holotype,high,GenBank /type_material qualifier,holotype of Rhodocybe griseoaurantia,CAL:1324,KX083571,yes,1,NR_154435 Rhodocybe griseoaurantia CAL:1324 India,https://www.ncbi.nlm.nih.gov/nuccore/NR_154435
NR_154445,Rhodocybe rubrobrunnea,type,high,GenBank /type_material qualifier,type material of Rhodocybe rubrobrunnea,CAL:1387,KX951452,yes,1,NR_154445 Rhodocybe rubrobrunnea CAL:1387 India,https://www.ncbi.nlm.nih.gov/nuccore/NR_154445
NR_154455,Rhodocybe matesina,holotype,high,GenBank /type_material qualifier,holotype of Rhodocybe matesina,MCVE:29262,KY629961,yes,1,NR_154455 Rhodocybe matesina MCVE:29262 Italy,https://www.ncbi.nlm.nih.gov/nuccore/NR_154455
NR_154470,Venturia catenospora,type,high,GenBank /type_material qualifier,type material of Pollaccia catenospora,CBS:447.91,EU035427,yes,1,NR_154470 Venturia catenospora Germany,https://www.ncbi.nlm.nih.gov/nuccore/NR_154470
NR_154522,Tulostoma pseudopulchellum,holotype,high,GenBank /type_material qualifier,holotype of Tulostoma pseudopulchellum,AH:11605,KX513827,yes,1,NR_154522 Tulostoma pseudopulchellum AH:11605 Spain,https://www.ncbi.nlm.nih.gov/nuccore/NR_154522
NR_154543,Zanclospora iberica,ex-holotype,high,GenBank /type_material qualifier,culture from holotype of Zanclospora iberica,CBS:130426,KY853480,yes,1,NR_154543 Zanclospora iberica Asturias ES,https://www.ncbi.nlm.nih.gov/nuccore/NR_154543
NR_154583,Trichoderma brevicrassum,holotype,high,GenBank /type_material qualifier,holotype of Trichoderma brevicrassum,HMAS:248871,KY687954,yes,1,NR_154583 Trichoderma brevicrassum HMAS:248871,https://www.ncbi.nlm.nih.gov/nuccore/NR_154583
NR_154604,Phlyctochytrium californicum,type,high,GenBank /type_material qualifier,type material of Phlyctochytrium californicum,CBS:667.73,FJ827743,yes,1,NR_154604 Phlyctochytrium californicum,https://www.ncbi.nlm.nih.gov/nuccore/NR_154604
NR_154676,Fomitopsis serialis,neotype,high,GenBank /type_material qualifier,neotype of Polyporus serialis,GB:KHL 12010,JX109844,yes,1,NR_154676 Neoantrodia serialis GB:KHL 12010 Norway,https://www.ncbi.nlm.nih.gov/nuccore/NR_154676
NR_154693,Amanita supravolvata,isotype,high,GenBank /type_material qualifier,isotype of Amanita supravolvata,RET:103-7,KP258995,yes,1,NR_154693 Amanita supravolvata RET:103-7 Gironde FR,https://www.ncbi.nlm.nih.gov/nuccore/NR_154693
NR_154703,Amanita levistriata,paratype,high,GenBank /type_material qualifier,paratype of Amanita levistriata,RET:003-7,KR822253,yes,1,NR_154703 Amanita levistriata RET:003-7 Mississippi US,https://www.ncbi.nlm.nih.gov/nuccore/NR_154703
NR_154710,Achroiostachys aurantispora,ex-holotype,high,GenBank /type_material qualifier,culture from holotype of Achroiostachys aurantispora,DAOM:225565,KU845804,yes,1,NR_154710 Achroiostachys aurantispora Canada,https://www.ncbi.nlm.nih.gov/nuccore/NR_154710
NR_154715,Brunneoporus cyclopis,holotype,high,GenBank /type_material qualifier,holotype of Antrodia cyclopis,MAN:Miettinen 9166,KU866249,yes,1,NR_154715 Antrodia cyclopis MAN:Miettinen 9166 Indonesia,https://www.ncbi.nlm.nih.gov/nuccore/NR_154715
NR_154756,Coprinopsis clastophylla,type,high,GenBank /type_material qualifier,type material of Coprinus clastophyllus,CBS:473.70,EU375242,yes,1,NR_154756 Coprinopsis clastophylla Uşak TR,https://www.ncbi.nlm.nih.gov/nuccore/NR_154756
NR_154757,Cladorrhinum flexuosum,ex-holotype,high,GenBank /type_material qualifier,culture from holotype of Cladorrhinum flexuosum,FMR:10415,FN662474,no,1,NR_154757 Cladorrhinum flexuosum Spain,https://www.ncbi.nlm.nih.gov/nuccore/NR_154757
NR_154780,Chaetopsina penicillata,type,high,GenBank /type_material qualifier,type material of Chaetopsina penicillata,CBS:608.92,HQ897798,yes,1,NR_154780 Chaetopsina penicillata,https://www.ncbi.nlm.nih.gov/nuccore/NR_154780
NR_154806,Coleophoma paracylindrospora,ex-holotype,high,GenBank /type_material qualifier,culture from holotype of Coleophoma paracylindrospora,CBS:109074,KU728491,yes,1,NR_154806 Coleophoma paracylindrospora Auckland NZ,https://www.ncbi.nlm.nih.gov/nuccore/NR_154806
NR_154841,Zanclospora jonesii,holotype,high,GenBank /type_material qualifier,holotype of Chaetosphaeria jonesii,MFLU:16-1020,KY212753,yes,1,NR_154841 Zanclospora jonesii MFLU:16-1020,https://www.ncbi.nlm.nih.gov/nuccore/NR_154841
NR_154846,Calycina alstrupii,type,high,GenBank /type_material qualifier,type material of Calycina alstrupii,BILAS:Motiejunaite 10761,KY305095,yes,1,NR_154846 Calycina alstrupii BILAS:Motiejunaite 10761 Norway,https://www.ncbi.nlm.nih.gov/nuccore/NR_154846
NR_154916,Russula nigrovirens,holotype,high,GenBank /type_material qualifier,holotype of Russula nigrovirens,HKAS:55222,KP171173,yes,1,NR_154916 / KP171174 / KP171173 Russula nigrovirens HKAS:55222 Yunnan CN,https://www.ncbi.nlm.nih.gov/nuccore/NR_154916
NR_155021,Hericium yumthangense,type,high,GenBank /type_material qualifier,type material of Hericium yumthangense,BSHC:KD-11-146,JX855033,yes,1,NR_155021 Hericium yumthangense BSHC:KD-11-146 Metropolitan CityBologna IT,https://www.ncbi.nlm.nih.gov/nuccore/NR_155021
NR_155027,Phanerochaete concrescens,isotype,high,GenBank /type_material qualifier,isotype of Phanerochaete concrescens,H:Spirin 7322,KP994380,yes,1,NR_155027 Phanerochaete concrescens H:Spirin 7322 Khabarovsk Krai RU,https://www.ncbi.nlm.nih.gov/nuccore/NR_155027
NR_155032,Conocybe confundens,holotype,high,GenBank /type_material qualifier,holotype of Conocybe confundens,LE<RUS>:313077,KY614063,yes,1,NR_155032 Conocybe confundens LE:313077 Russia,https://www.ncbi.nlm.nih.gov/nuccore/NR_155032
NR_155086,Fomitiporia expansa,isotype,high,GenBank /type_material qualifier,isotype of Fomitiporia expansa,MUCL:55026,KJ401031,yes,1,NR_155086 Fomitiporia expansa French Guiana,https://www.ncbi.nlm.nih.gov/nuccore/NR_155086
NR_155096,Fusicolla melogrammae,holotype,high,GenBank /type_material qualifier,holotype of Fusicolla melogrammae,CBS:141092,KX897140,yes,1,NR_155096 Fusicolla melogrammae United Kingdom,https://www.ncbi.nlm.nih.gov/nuccore/NR_155096
NR_155102,Foliocryphia eucalyptorum,ex-holotype,high,GenBank /type_material qualifier,culture from holotype of Foliocryphia eucalyptorum,CPC:29357,KY979772,yes,1,NR_155102 Foliocryphia eucalyptorum New Zealand,https://www.ncbi.nlm.nih.gov/nuccore/NR_155102
NR_155142,Geastrum ishikawae,holotype,high,GenBank /type_material qualifier,holotype of Geastrum ishikawae,UFRN:Fungos:2785,KX753671,yes,1,NR_155142 Geastrum ishikawae UFRN:Fungos:2785 Amazonas BR,https://www.ncbi.nlm.nih.gov/nuccore/NR_155142
NR_155143,Geastrum pusillipilosum,holotype,high,GenBank /type_material qualifier,holotype of Geastrum pusillipilosum,UFRN:Fungos:2315,KX761175,yes,1,NR_155143 Geastrum pusillipilosum UFRN:Fungos:2315 Brazil,https://www.ncbi.nlm.nih.gov/nuccore/NR_155143
NR_155154,Hypoxylon liviae,ex-epitype,high,GenBank /type_material qualifier,culture from epitype of Hypoxylon liviae,CBS:115282,KC968922,yes,1,NR_155154 Hypoxylon liviae,https://www.ncbi.nlm.nih.gov/nuccore/NR_155154
NR_155165,Helvella pseudolacunosa,holotype,high,GenBank /type_material qualifier,holotype of Helvella pseudolacunosa,HKAS:87594,KR493476,yes,1,NR_155165 Helvella pseudolacunosa HKAS:87594 Antwerp BE,https://www.ncbi.nlm.nih.gov/nuccore/NR_155165
NR_155166,Helvella involuta,holotype,high,GenBank /type_material qualifier,holotype of Helvella involuta,HKAS:74281,KT215608,yes,1,NR_155166 Helvella involuta HKAS:74281 China,https://www.ncbi.nlm.nih.gov/nuccore/NR_155166
NR_155168,Hypomyces ellipsosporus,ex-holotype,high,GenBank /type_material qualifier,culture from holotype of Hypomyces ellipsosporus,CBS:696.86,KU382158,yes,1,NR_155168 Hypomyces ellipsosporus India,https://www.ncbi.nlm.nih.gov/nuccore/NR_155168
NR_155174,Hypoxylon neosublenormandii,holotype,high,GenBank /type_material qualifier,holotype of Hypoxylon neosublenormandii,MFLU:15-1193,KU940157,yes,1,NR_155174 Hypoxylon neosublenormandii MFLU:15-1193 Thailand,https://www.ncbi.nlm.nih.gov/nuccore/NR_155174
NR_155180,Hannaella pagnoccae,ex-holotype,high,GenBank /type_material qualifier,culture from holotype of Hannaella pagnoccae,CBS:11142,KY103507,yes,1,NR_155180 Hannaella pagnoccae Brazil,https://www.ncbi.nlm.nih.gov/nuccore/NR_155180
NR_155222,Kodamaea leandrae,ex-holotype,high,GenBank /type_material qualifier,culture from holotype of Candida leandrae,CBS:9735,KY102180,yes,1,NR_155222 [Candida] leandrae Brazil,https://www.ncbi.nlm.nih.gov/nuccore/NR_155222
NR_155225,Kodamaea restingae,ex-type,high,GenBank /type_material qualifier,culture from type material of Candida restingae,CBS:8493,KY102360,yes,1,NR_155225 [Candida] restingae Brazil,https://www.ncbi.nlm.nih.gov/nuccore/NR_155225
NR_155345,Lactifluus melleus,type,high,GenBank /type_material qualifier,type material of Lactifluus melleus,TOGO:MD157,LK392597,no,1,NR_155345 Lactifluus melleus TOGO:MD157 Central SG,https://www.ncbi.nlm.nih.gov/nuccore/NR_155345
NR_155399,Myriostoma calongei,holotype,high,GenBank /type_material qualifier,holotype of Myriostoma calongei,UFRN:Fungos:2019,KY096676,yes,1,NR_155399 Myriostoma calongei UFRN:Fungos:2019 Rio Grande do Norte BR,https://www.ncbi.nlm.nih.gov/nuccore/NR_155399
NR_155604,Otidea pruinosa,holotype,high,GenBank /type_material qualifier,holotype of Otidea pruinosa,HKAS:81819,KY498602,yes,1,NR_155604 Otidea pruinosa HKAS:81819,https://www.ncbi.nlm.nih.gov/nuccore/NR_155604
NR_155651,Phylloporus attenuatus,holotype,high,GenBank /type_material qualifier,holotype of Phylloporus attenuatus,HKAS:76168,KR094777,yes,1,NR_155651 Phylloporus attenuatus HKAS:76168 Dhaka BD,https://www.ncbi.nlm.nih.gov/nuccore/NR_155651
NR_155686,Pseudozyma thailandica,type,high,GenBank /type_material qualifier,type material of Pseudozyma thailandica,CBS:10006,KY104689,yes,1,NR_155686 Pseudozyma thailandica CBS 10006 from TYPE material,https://www.ncbi.nlm.nih.gov/nuccore/NR_155686
NR_155770,Sporobolomyces pararoseus,type,high,GenBank /type_material qualifier,type material of Sporidiobolus pararoseus,CBS:491,AY015429,yes,1,NR_155770 Sporobolomyces pararoseus,https://www.ncbi.nlm.nih.gov/nuccore/NR_155770
NR_155794,Sarcoporia longitubulata,holotype,high,GenBank /type_material qualifier,holotype of Sarcoporia longitubulata,BPI:892956,KM207860,yes,1,NR_155794 Sarcoporia longitubulata BPI:892956 United States,https://www.ncbi.nlm.nih.gov/nuccore/NR_155794
NR_155908,Tremella subalpina,holotype,high,GenBank /type_material qualifier,holotype of Tremella subalpina,LE<RUS>:303578,KP986517,yes,1,NR_155908 Tremella subalpina LE:303578 Russia,https://www.ncbi.nlm.nih.gov/nuccore/NR_155908
NR_155922,Tuber badium,holotype,high,GenBank /type_material qualifier,holotype of Tuber badium,HKAS:88789,KX904889,yes,1,NR_155922 Tuber badium HKAS:88789,https://www.ncbi.nlm.nih.gov/nuccore/NR_155922
NR_155924,Teunomyces kruisii,type,high,GenBank /type_material qualifier,type material of Torulopsis kruisii,CBS:6451,KY102174,yes,1,NR_155924 Teunomyces kruisii,https://www.ncbi.nlm.nih.gov/nuccore/NR_155924
NR_155925,Teunomyces stri,type,high,GenBank /type_material qualifier,type material of Candida stri,CBS:10378,KY102418,yes,1,NR_155925 Teunomyces stri Panama,https://www.ncbi.nlm.nih.gov/nuccore/NR_155925
NR_155978,Verrucaria ahtii,holotype,high,GenBank /type_material qualifier,holotype of Verrucaria ahtii,H:Pykala 32349,KX720561,yes,1,NR_155978 Verrucaria ahtii H:Pykala 32349 Finland,https://www.ncbi.nlm.nih.gov/nuccore/NR_155978
NR_155980,Verrucaria vitikainenii,holotype,high,GenBank /type_material qualifier,holotype of Verrucaria vitikainenii,H:Pykala 45435,KX720579,yes,1,NR_155980 Verrucaria vitikainenii H:Pykala 45435 Finland,https://www.ncbi.nlm.nih.gov/nuccore/NR_155980
NR_156247,Chrysoporthe zambiensis,type,high,GenBank /type_material qualifier,type material of Chrysoporthe zambiensis,CBS:124503,JN942333,yes,1,NR_156247 Chrysoporthe zambiensis Zambia,https://www.ncbi.nlm.nih.gov/nuccore/NR_156247
NR_156267,Hydnophlebia canariensis,holotype,high,GenBank /type_material qualifier,holotype of Hydnophlebia canariensis,MA:Fungi:86622,KF483012,yes,1,NR_156267 Hydnophlebia canariensis MA:Fungi:86622 Canary Islands ES,https://www.ncbi.nlm.nih.gov/nuccore/NR_156267
NR_156289,Atractium crassum,type,high,GenBank /type_material qualifier,type material of Atractium crassum,NRRL:20894,KM231790,yes,1,NR_156289 Atractium crassum Germany,https://www.ncbi.nlm.nih.gov/nuccore/NR_156289
NR_156315,Castanediella communis,ex-holotype,high,GenBank /type_material qualifier,culture from holotype of Castanediella communis,CPC:27631,KY173393,yes,1,NR_156315 Castanediella communis Sabah MY,https://www.ncbi.nlm.nih.gov/nuccore/NR_156315
NR_156382,Cochlearomyces eucalypti,ex-holotype,high,GenBank /type_material qualifier,culture from holotype of Cochlearomyces eucalypti,CPC:33051,MG386025,yes,1,NR_156382 Cochlearomyces eucalypti Victoria AU,https://www.ncbi.nlm.nih.gov/nuccore/NR_156382
NR_156524,Pleosporormiella terricola,isotype,high,GenBank /type_material qualifier,isotype of Preussia terricola,CBS:317.65,GQ203765,yes,1,NR_156524 Preussia terricola Honduras,https://www.ncbi.nlm.nih.gov/nuccore/NR_156524
NR_156670,Pilidium anglicum,ex-holotype,high,GenBank /type_material qualifier,culture from holotype of Pilidium anglicum,CPC:32486,MG386065,yes,1,NR_156670 Pilidium anglicum England GB,https://www.ncbi.nlm.nih.gov/nuccore/NR_156670
NR_157877,Thaxterogaster fiordlandensis,holotype,high,GenBank /type_material qualifier,holotype of Cortinarius fiordlandensis,PDD:94013,JQ287680,yes,1,NR_157877 Cortinarius fiordlandensis PDD:94013 Southland NZ,https://www.ncbi.nlm.nih.gov/nuccore/NR_157877
NR_157881,Thaxterogaster turcopes,holotype,high,GenBank /type_material qualifier,holotype of Cortinarius turcopes,PDD:94051,JQ287697,yes,1,NR_157881 Thaxterogaster turcopes PDD:94051 Otago NZ,https://www.ncbi.nlm.nih.gov/nuccore/NR_157881
NR_157885,Cortinarius tuolumnensis,holotype,high,GenBank /type_material qualifier,holotype of Cortinarius tuolumnensis,UC<USA-CA>:1861347,JQ906762,yes,1,NR_157885 Cortinarius tuolumnensis UC:1861347 California US,https://www.ncbi.nlm.nih.gov/nuccore/NR_157885
NR_157886,Cortinarius truckeensis,holotype,high,GenBank /type_material qualifier,holotype of Cortinarius truckeensis,UC<USA-CA>:1861353,JQ937284,yes,1,NR_157886 Cortinarius truckeensis UC:1861353 California US,https://www.ncbi.nlm.nih.gov/nuccore/NR_157886
NR_157900,Cystinarius eutactus,holotype,high,GenBank /type_material qualifier,holotype of Cortinarius eutactus,PDD:78807,JX000366,yes,1,NR_157900 Cystinarius eutactus PDD:78807 Nelson NZ,https://www.ncbi.nlm.nih.gov/nuccore/NR_157900
NR_157915,Cortinarius elaiochrous var. leontis,holotype,high,GenBank /type_material qualifier,holotype of Cortinarius elaiochrous,PDD:77478,JX648598,yes,1,NR_157915 Cortinarius elaiochrous var. leontis PDD:77478 New Zealand,https://www.ncbi.nlm.nih.gov/nuccore/NR_157915
NR_157922,Cortinarius amarocaerulescens,holotype,high,GenBank /type_material qualifier,holotype of Cortinarius amarocaerulescens,PC:A. Bidaud 99-11-362,KF732248,yes,1,NR_157922 Cortinarius amarocaerulescens PC:A. Bidaud 99-11-362 France,https://www.ncbi.nlm.nih.gov/nuccore/NR_157922
NR_157930,Phlegmacium concrescens,holotype,high,GenBank /type_material qualifier,holotype of Cortinarius concrescens,G:286479_1,KF732288,yes,1,NR_157930 Phlegmacium concrescens G:286479_1 France,https://www.ncbi.nlm.nih.gov/nuccore/NR_157930
NR_157935,Thaxterogaster eumarginatus,holotype,high,GenBank /type_material qualifier,holotype of Cortinarius eumarginatus,PC:A. Bidaud 07-10-175,KF732301,yes,1,NR_157935 Cortinarius eumarginatus PC:A. Bidaud 07-10-175 France,https://www.ncbi.nlm.nih.gov/nuccore/NR_157935
NR_157940,Cortinarius infractus var. aeruginosus,holotype,high,GenBank /type_material qualifier,holotype of Cortinarius infractus var. aeruginosus,PC:X. Carteret 2006-66,KF732326,yes,1,NR_157940 Cortinarius infractus var. aeruginosus PC:X. Carteret 2006-66 France,https://www.ncbi.nlm.nih.gov/nuccore/NR_157940
NR_157945,Phlegmacium muricinicolor,holotype,high,GenBank /type_material qualifier,holotype of Cortinarius muricinicolor,G:292694_1,KF732352,yes,1,NR_157945 Cortinarius muricinicolor G:292694_1 France,https://www.ncbi.nlm.nih.gov/nuccore/NR_157945
NR_157963,Phlegmacium subfuligineum,holotype,high,GenBank /type_material qualifier,holotype of Cortinarius subfuligineus,PC:A. Bidaud 97-10-339,KF732445,yes,1,NR_157963 Phlegmacium subfuligineum PC:A. Bidaud 97-10-339 France,https://www.ncbi.nlm.nih.gov/nuccore/NR_157963
NR_158291,Coprinopsis annulopora,holotype,high,GenBank /type_material qualifier,holotype of Coprinopsis annulopora,ULM:Enderle 30.71987,HQ847017,yes,1,NR_158291 Coprinopsis annulopora ULM:Enderle 30.71987,https://www.ncbi.nlm.nih.gov/nuccore/NR_158291
NR_158298,Neoantrodia kmetii,holotype,high,GenBank /type_material qualifier,holotype of Antrodia kmetii,PRM:861180,KC886709,yes,1,NR_158298 Neoantrodia kmetii PRM:861180 Slovakia,https://www.ncbi.nlm.nih.gov/nuccore/NR_158298
NR_158322,Resinoporia ladiana,type,high,GenBank /type_material qualifier,type material of Antrodia ladiana,O:F-910054,KT711014,yes,1,NR_158322.1 Resinoporia ladiana specimen_voucher O F-910054 USA type material Antrodia ladiana Resinoporia ladiana,https://www.ncbi.nlm.nih.gov/nuccore/NR_158322
NR_158337,Agaricus coniferarum,holotype,high,GenBank /type_material qualifier,holotype of Agaricus coniferarum,LIP:0001282,KY474564,yes,1,NR_158337 / KY474565 / KY474563 / KY474561 / KY474560 Agaricus coniferarum LIP:0001282 France,https://www.ncbi.nlm.nih.gov/nuccore/NR_158337
NR_158350,Astrocystis bambusicola,holotype,high,GenBank /type_material qualifier,holotype of Astrocystis bambusicola,MFLU:17-0738,MF467942,yes,1,NR_158350 Astrocystis bambusicola MFLU:17-0738,https://www.ncbi.nlm.nih.gov/nuccore/NR_158350
NR_158409,Entoloma chamaemori,holotype,high,GenBank /type_material qualifier,holotype of Entoloma chamaemori,O:J.Loras JL69-14,KX928955,yes,1,NR_158409 Entoloma chamaemori O:J.Loras JL69-14 Norway,https://www.ncbi.nlm.nih.gov/nuccore/NR_158409
NR_158435,Fomitiporella austroasiana,type,high,GenBank /type_material qualifier,type material of Fomitiporella austroasiana,BJFC:Dai 16244,MG657328,yes,1,NR_158435 Fomitiporella austroasiana BJFC:Dai 16244 China,https://www.ncbi.nlm.nih.gov/nuccore/NR_158435
NR_158460,Hydnum slovenicum,holotype,high,GenBank /type_material qualifier,holotype of Hydnum slovenicum,LJU:GIS 1338,AJ547870,no,1,NR_158460 Hydnum slovenicum LJU:GIS 1338 Velike Lašče SI,https://www.ncbi.nlm.nih.gov/nuccore/NR_158460
NR_158462,Lepiota pallidiochracea,type,high,GenBank /type_material qualifier,type material of Lepiota pallidiochracea,HKAS:45579,JQ664551,yes,1,NR_158462 Lepiota pallidiochracea HKAS:45579 Tibet Autonomous Region CN,https://www.ncbi.nlm.nih.gov/nuccore/NR_158462
NR_158487,Hydnum subrufescens,holotype,high,GenBank /type_material qualifier,holotype of Hydnum subrufescens,H:7043705,KX388649,yes,1,NR_158487 Hydnum aerostatisporum H:7043705 Quebec CA,https://www.ncbi.nlm.nih.gov/nuccore/NR_158487
NR_158490,Hydnum olympicum,type,high,GenBank /type_material qualifier,type material of Hydnum olympicum,H:7043715,KX388661,yes,1,NR_158490 Hydnum olympicum H:7043715 Florida US,https://www.ncbi.nlm.nih.gov/nuccore/NR_158490
NR_158491,Hydnum quebecense,type,high,GenBank /type_material qualifier,type material of Hydnum quebecense,H:7043948,KX388662,yes,1,NR_158491.1 Hydnum quebecense H 7043948 ITS region; from TYPE material,https://www.ncbi.nlm.nih.gov/nuccore/NR_158491
NR_158513,Hydnum aerostatisporum,type,high,GenBank /type_material qualifier,type material of Hydnum aerostatisporum,PC:0142474,KY800343,yes,1,NR_158513 Hydnum aerostatisporum PC:0142474,https://www.ncbi.nlm.nih.gov/nuccore/NR_158513
NR_158530,Heliocybe villosa,holotype,high,GenBank /type_material qualifier,holotype of Heliocybe villosa,GDGM:45926,MG725253,yes,1,NR_158530 Heliocybe villosa GDGM:45926 China,https://www.ncbi.nlm.nih.gov/nuccore/NR_158530
NR_158533,Hydnum berkeleyanum,type,high,GenBank /type_material qualifier,type material of Hydnum berkeleyanum,CAL:1656,MG972968,yes,1,NR_158533 Hydnum berkeleyanum CAL:1656 Uttarakhand IN,https://www.ncbi.nlm.nih.gov/nuccore/NR_158533
NR_158795,Macroporia macropora,type,high,GenBank /type_material qualifier,type material of Perenniporia macropora,IFP:Zhou 407,JQ861746,yes,1,NR_158795 Perenniporia macropora IFP:Zhou 407 China,https://www.ncbi.nlm.nih.gov/nuccore/NR_158795
NR_158804,Phellinopsis helwingiae,holotype,high,GenBank /type_material qualifier,holotype of Phellinopsis helwingiae,BJFC:013194,KC843784,yes,1,NR_158804 Phellinopsis helwingiae BJFC:013194 China,https://www.ncbi.nlm.nih.gov/nuccore/NR_158804
NR_158811,Otidea brunneoparva,holotype,high,GenBank /type_material qualifier,holotype of Otidea brunneoparva,S:KH.08.107,KM010026,yes,1,NR_158811 Otidea brunneoparva S:KH.08.107 Örebro SE,https://www.ncbi.nlm.nih.gov/nuccore/NR_158811
NR_158816,Phaeophlebiopsis ignerii,holotype,high,GenBank /type_material qualifier,holotype of Phaeophlebiopsis ignerii,CFMR:FD-425,KP135418,yes,1,NR_158816 Phaeophlebiopsis ignerii CFMR:FD-425 Saint John VI,https://www.ncbi.nlm.nih.gov/nuccore/NR_158816
NR_158844,Parasola crataegi,holotype,high,GenBank /type_material qualifier,holotype of Parasola crataegi,M:0280274,KY928605,yes,1,NR_158844 Parasola crataegi M:0280274 Germany,https://www.ncbi.nlm.nih.gov/nuccore/NR_158844
NR_158878,Psathyrella kitsiana,type,high,GenBank /type_material qualifier,type material of Psathyrella kitsiana,GB:LO217-85,DQ389689,yes,1,NR_158878 Psathyrella kitsiana GB:LO217-85,https://www.ncbi.nlm.nih.gov/nuccore/NR_158878
NR_158885,Pleurotus ferulaginis,holotype,high,GenBank /type_material qualifier,holotype of Pleurotus ferulaginis,ACAM<GRC>:2010-0125,HM998831,no,1,NR_158885 Pleurotus ferulaginis ACAM:2010-0125 Slovenia,https://www.ncbi.nlm.nih.gov/nuccore/NR_158885
NR_158921,Russula catillus,holotype,high,GenBank /type_material qualifier,holotype of Russula catillus,SFC:20120827-01,KX574686,yes,1,NR_158921 Russula catillus SFC:20120827-01,https://www.ncbi.nlm.nih.gov/nuccore/NR_158921
NR_158927,Polyporus koreanus,type,high,GenBank /type_material qualifier,type material of Polyporus koreanus,SFC:20150813-58,KY038479,yes,1,NR_158927 Polyporus koreanus SFC:20150813-58 South Korea,https://www.ncbi.nlm.nih.gov/nuccore/NR_158927
NR_158935,Polyozellus atrolazulinus,holotype,high,GenBank /type_material qualifier,holotype of Polyozellus atrolazulinus,WTU:F:001763,MF100819,yes,1,NR_158935.1 Polyozellus atrolazulinus HOLOTYPE OR,https://www.ncbi.nlm.nih.gov/nuccore/NR_158935
NR_158936,Polyozellus multiplex,epitype,high,GenBank /type_material qualifier,epitype of Cantharellus multiplex,NY:2859132,MF100830,yes,1,NR_158936 Polyozellus multiplex NY:2859132 United States,https://www.ncbi.nlm.nih.gov/nuccore/NR_158936
NR_158953,Cyanosporus populi,holotype,high,GenBank /type_material qualifier,holotype of Postia populi,H:7008644,MG137092,yes,1,NR_158953 Cyanosporus populi H:7008644 New York US,https://www.ncbi.nlm.nih.gov/nuccore/NR_158953
NR_159011,Veluticeps fasciculata,type,high,GenBank /type_material qualifier,type material of Veluticeps fasciculata,BJFC:Dai 15092,KP670405,yes,1,NR_159011 Veluticeps fasciculata BJFC:Dai 15092 China,https://www.ncbi.nlm.nih.gov/nuccore/NR_159011
NR_159027,Suillus pseudobrevipes,holotype,high,GenBank /type_material qualifier,holotype of Suillus pseudobrevipes,MICH:340767,KX213783,yes,1,NR_159027 Suillus pseudobrevipes MICH:340767 Idaho US,https://www.ncbi.nlm.nih.gov/nuccore/NR_159027
NR_159030,Suillus albivelatus,holotype,high,GenBank /type_material qualifier,holotype of Suillus albivelatus,MICH:341810,KX213788,yes,1,NR_159030 Suillus pseudobrevipes MICH:341810 Idaho US,https://www.ncbi.nlm.nih.gov/nuccore/NR_159030
NR_159031,Suillus pseudoalbivelatus,type,high,GenBank /type_material qualifier,type material of Suillus pseudoalbivelatus,CFMR:DR2531,KX260617,yes,1,NR_159031 Suillus pseudoalbivelatus CFMR:DR2531 Santiago DO,https://www.ncbi.nlm.nih.gov/nuccore/NR_159031
NR_159564,Amanita variicolor,holotype,high,GenBank /type_material qualifier,holotype of Amanita variicolor,CMMF:003787,MG734656,yes,1,NR_159564 Amanita variicolor CMMF:003787 Quebec CA,https://www.ncbi.nlm.nih.gov/nuccore/NR_159564
NR_159577,Amanita flavopantherina,holotype,high,GenBank /type_material qualifier,holotype of Amanita flavopantherina,HKAS:82613,MH508355,yes,1,NR_159577 Amanita flavopantherina HKAS:82613 Yunnan CN,https://www.ncbi.nlm.nih.gov/nuccore/NR_159577
NR_159587,Amanita pseudopantherina,holotype,high,GenBank /type_material qualifier,holotype of Amanita pseudopantherina,HKAS:80007,MH508514,yes,1,NR_159587 Amanita pseudopantherina HKAS:80007 Yunnan CN,https://www.ncbi.nlm.nih.gov/nuccore/NR_159587
NR_159595,Amanita shennongjiana,holotype,high,GenBank /type_material qualifier,holotype of Amanita shennongjiana,HKAS:75553,MH508590,yes,1,NR_159595 Amanita shennongjiana HKAS:75553 Hubei CN,https://www.ncbi.nlm.nih.gov/nuccore/NR_159595
NR_159868,Cosmospora stegonsporii,isotype,high,GenBank /type_material qualifier,isotype of Cosmospora stegonsporii,CBS:122305,MH863199,yes,1,NR_159868 Cosmospora stegonsporii Ukraine,https://www.ncbi.nlm.nih.gov/nuccore/NR_159868
NR_160063,Stilbocrea walteri,holotype,high,GenBank /type_material qualifier,holotype of Stilbocrea walteri,WU:39972,MH562717,yes,1,NR_160063 Stilbocrea walteri WU:39972 Portugal,https://www.ncbi.nlm.nih.gov/nuccore/NR_160063
NR_160074,Tricladium splendens,type,high,GenBank /type_material qualifier,type material of Tricladium splendens,CBS:234.46,MH856171,yes,1,NR_160074 Tricladium splendens CBS 234.46 from TYPE material,https://www.ncbi.nlm.nih.gov/nuccore/NR_160074
NR_160076,Neonectria magnoliae,type,high,GenBank /type_material qualifier,type material of Nectria magnoliae,CBS:380.50,MH856671,yes,1,NR_160076 Neonectria magnoliae North Carolina US,https://www.ncbi.nlm.nih.gov/nuccore/NR_160076
NR_160095,Mycotypha africana,isotype,high,GenBank /type_material qualifier,isotype of Mycotypha africana,CBS:122.64,MH858384,yes,1,NR_160095 Mycotypha africana Zimbabwe,https://www.ncbi.nlm.nih.gov/nuccore/NR_160095
NR_160121,Mortierella globalpina,type,high,GenBank /type_material qualifier,type material of Mortierella globalpina,CBS:360.70,MH859709,yes,1,NR_160121 Mortierella globalpina Netherlands,https://www.ncbi.nlm.nih.gov/nuccore/NR_160121
NR_160167,Mycotypha indica,type,high,GenBank /type_material qualifier,type material of Mycotypha indica,CBS:245.84,MH861733,yes,1,NR_160167 Mycotypha indica Madhya Pradesh IN,https://www.ncbi.nlm.nih.gov/nuccore/NR_160167
NR_160203,Paliphora intermedia,isotype,high,GenBank /type_material qualifier,isotype of Paliphora intermedia,CBS:896.97,MH862682,yes,1,NR_160203 Paliphora intermedia Queensland AU,https://www.ncbi.nlm.nih.gov/nuccore/NR_160203
NR_160213,Ramophialophora vesiculosa,type,high,GenBank /type_material qualifier,type material of Ramophialophora vesiculosa,CBS:110629,MH862866,yes,1,NR_160213 Ramophialophora vesiculosa Spain,https://www.ncbi.nlm.nih.gov/nuccore/NR_160213
NR_160261,Vararia minispora,type,high,GenBank /type_material qualifier,type material of Vararia minispora,CBS:679.81,MH873166,yes,1,NR_160261 Vararia minispora Guadeloupe,https://www.ncbi.nlm.nih.gov/nuccore/NR_160261
NR_160456,Resinomycena petarensis,type,high,GenBank /type_material qualifier,type material of Resinomycena petarensis,SFSU:DED 8695,KX010911,yes,1,NR_160456 Resinomycena petarensis SFSU:DED 8695,https://www.ncbi.nlm.nih.gov/nuccore/NR_160456
NR_160481,Ophiocordyceps issidarum,holotype,high,GenBank /type_material qualifier,holotype of Ophiocordyceps issidarum,MFLU:17-0751,MF398185,yes,1,NR_160481 Ophiocordyceps issidarum MFLU:17-0751 Thailand,https://www.ncbi.nlm.nih.gov/nuccore/NR_160481
NR_160489,Tropicoporus drechsleri,holotype,high,GenBank /type_material qualifier,holotype of Tropicoporus drechsleri,CTES:570140,MG242439,yes,1,NR_160489 Tropicoporus drechsleri CTES 570140 from TYPE material,https://www.ncbi.nlm.nih.gov/nuccore/NR_160489
NR_160564,Inocybe occulta,holotype,high,GenBank /type_material qualifier,holotype of Inocybe occulta,AH:36443,KX290787,yes,1,NR_160564 Inocybe occulta AH:36443 La Rioja ES,https://www.ncbi.nlm.nih.gov/nuccore/NR_160564
NR_160565,Inocybe ceskae,holotype,high,GenBank /type_material qualifier,holotype of Inocybe ceskae,TUR:A203414,KX290789,yes,1,NR_160565 Inocybe ceskae TUR:A203414 Finland,https://www.ncbi.nlm.nih.gov/nuccore/NR_160565
NR_160598,Cortinarius magellanicoalbus,holotype,high,GenBank /type_material qualifier,holotype of Cortinarius magellanicoalbus,IB:20170101,MF964300,yes,1,NR_160598 Cortinarius magellanicoalbus IB:20170101 Chubut AR,https://www.ncbi.nlm.nih.gov/nuccore/NR_160598
NR_160600,Onnia kesiya,holotype,high,GenBank /type_material qualifier,holotype of Onnia kesiya,BJFC:Dai 18415,MG397042,yes,1,NR_160600 Onnia kesiya BJFC:Dai 18415,https://www.ncbi.nlm.nih.gov/nuccore/NR_160600
NR_160629,Dichostereum eburneum,type,high,GenBank /type_material qualifier,"type material of Dichostereum eburneum S.H. He & S.L. Liu, 2018",BJFC:He5374,MH538318,yes,1,NR_160629 Dichostereum eburneum BJFC:He5374 China,https://www.ncbi.nlm.nih.gov/nuccore/NR_160629
NR_160630,Dichostereum boidinii,holotype,high,GenBank /type_material qualifier,"holotype of Dichostereum boidinii S.H. He & S.L. Liu, 2018",BJFC:024544,MH538324,yes,1,NR_160630 Dichostereum boidinii BJFC:024544 China,https://www.ncbi.nlm.nih.gov/nuccore/NR_160630
NR_161046,Sistotremastrum aculeocrepitans,holotype,high,GenBank /type_material qualifier,holotype of Sistotremastrum aculeocrepitans,LIP:0001408,MG913215,yes,1,NR_161046 Sistotremastrum aculeocrepitans LIP:0001408,https://www.ncbi.nlm.nih.gov/nuccore/NR_161046
NR_161063,Kretzschmaria iranica,holotype,high,GenBank /type_material qualifier,holotype of Kretzschmaria iranica,GUM<IRN>:1551,MH084759,yes,1,NR_161063 Kretzschmaria iranica GUM:1551,https://www.ncbi.nlm.nih.gov/nuccore/NR_161063
NR_161071,Hydnotrya nigricans,holotype,high,GenBank /type_material qualifier,holotype of Hydnotrya nigricans,BJTC:FAN349,MH445400,yes,1,NR_161071 Hydnotrya nigricans BJTC:FAN349 Sichuan CN,https://www.ncbi.nlm.nih.gov/nuccore/NR_161071
NR_161072,Hydnotrya puberula,holotype,high,GenBank /type_material qualifier,holotype of Hydnotrya puberula,BJTC:FAN721,MH445401,yes,1,NR_161072 Hydnotrya puberula BJTC:FAN721 Yunnan CN,https://www.ncbi.nlm.nih.gov/nuccore/NR_161072
NR_161073,Hydnotrya brunneospora,holotype,high,GenBank /type_material qualifier,holotype of Hydnotrya brunneospora,HMAS:97138,MH445404,yes,1,NR_161073 Hydnotrya brunneospora HMAS 97138 from TYPE material HMAS:97138,https://www.ncbi.nlm.nih.gov/nuccore/NR_161073
NR_163288,Macrolepiota cyanolamellata,holotype,high,GenBank /type_material qualifier,holotype of Macrolepiota cyanolamellata,ICN<BRA>:187662,KY927713,yes,1,NR_163288 Macrolepiota cyanolamellata ICN:187662 Rio Grande do Sul BR,https://www.ncbi.nlm.nih.gov/nuccore/NR_163288
NR_163293,Inocybe roseascens,holotype,high,GenBank /type_material qualifier,holotype of Inocybe roseascens,MCVE:29329,MG210671,yes,1,NR_163293 Inocybe roseascens MCVE:29329 Italy,https://www.ncbi.nlm.nih.gov/nuccore/NR_163293
NR_163294,Inocybe erythospilota,holotype,high,GenBank /type_material qualifier,holotype of Inocybe erythospilota,ACAD:11699,MG489947,yes,1,NR_163294 Inocybe erythospilota ACAD:11699 Nova Scotia CA,https://www.ncbi.nlm.nih.gov/nuccore/NR_163294
NR_163305,Claviceps spartinae,holotype,high,GenBank /type_material qualifier,holotype of Claviceps spartinae,RUTPP:3419,MH477790,yes,1,NR_163305 Claviceps spartinae RUTPP:3419 United States,https://www.ncbi.nlm.nih.gov/nuccore/NR_163305
NR_163306,Claviceps arundinis,ex-holotype,high,GenBank /type_material qualifier,culture from holotype of Claviceps arundinis,DAOMC:251724,MH477791,yes,1,NR_163306 Claviceps arundinis Czech Republic,https://www.ncbi.nlm.nih.gov/nuccore/NR_163306
NR_163361,Hansfordia pruni,ex-holotype,high,GenBank /type_material qualifier,culture from holotype of Hansfordia pruni,IMI:146912,MK442585,yes,1,NR_163361 Hansfordia pruni Italy,https://www.ncbi.nlm.nih.gov/nuccore/NR_163361
NR_163528,Penicillium italicum,neotype,high,GenBank /type_material qualifier,neotype of Penicillium italicum,NRRL:983,KJ834509,yes,1,NR_163528 Penicillium expansum United States,https://www.ncbi.nlm.nih.gov/nuccore/NR_163528
NR_163751,Otidea pseudoformicarum,holotype,high,GenBank /type_material qualifier,holotype of Otidea pseudoformicarum,HKAS:101386,KY498601,yes,1,NR_163751 Otidea pseudoformicarum HKAS:101386,https://www.ncbi.nlm.nih.gov/nuccore/NR_163751
NR_164049,Ganoderma sanduense,holotype,high,GenBank /type_material qualifier,holotype of Ganoderma sanduense,GACP:18012501,MK345450,yes,1,NR_164049 Ganoderma sanduense GACP:18012501 Guizhou CN,https://www.ncbi.nlm.nih.gov/nuccore/NR_164049
NR_164068,Inocybe tahquamenonensis,holotype,high,GenBank /type_material qualifier,holotype of Inocybe tahquamenonensis,WTU:43798,MK607027,yes,1,NR_164068 Inocybe tahquamenonensis WTU:43798 Michigan US,https://www.ncbi.nlm.nih.gov/nuccore/NR_164068
NR_164214,Marchandiomyces marsonii,ex-holotype,high,GenBank /type_material qualifier,culture from holotype of Marchandiomyces marsonii,ATCC:MYA-4210,EU622840,yes,1,NR_164214 Marchandiomyces marsonii Queensland AU,https://www.ncbi.nlm.nih.gov/nuccore/NR_164214
NR_164248,Ramgea ozimecii,holotype,high,GenBank /type_material qualifier,holotype of Ramgea ozimecii,CNF:2/9997,KY368752,yes,1,NR_164248 Ramgea ozimecii CNF:2/9997 Croatia,https://www.ncbi.nlm.nih.gov/nuccore/NR_164248
NR_164407,Vanrija albida,type,high,GenBank /type_material qualifier,type material of Sporobolomyces albidus,CBS:2839,KY102945,yes,1,NR_164407 Vanrija albida France,https://www.ncbi.nlm.nih.gov/nuccore/NR_164407
NR_164466,Pyrenophora sieglingiae,ex-holotype,high,GenBank /type_material qualifier,culture from holotype of Pyrenophora sieglingiae,ICMP:6170,MK540002,yes,1,NR_164466 Pyrenophora sieglingiae Germany,https://www.ncbi.nlm.nih.gov/nuccore/NR_164466
NR_164490,Pluteus bizioi,holotype,high,GenBank /type_material qualifier,holotype of Pluteus bizioi,MCVE:29363,MG946813,yes,1,NR_164490 Pluteus bizioi MCVE:29363 Italy,https://www.ncbi.nlm.nih.gov/nuccore/NR_164490
NR_164491,Inocybe paleoveneta,holotype,high,GenBank /type_material qualifier,holotype of Inocybe grammopodia var. paleoveneta,MCVE:29415,MG952265,yes,1,NR_164491 Inocybe paleoveneta MCVE:29415 Venice IT,https://www.ncbi.nlm.nih.gov/nuccore/NR_164491
NR_164497,Otidea adorniae,holotype,high,GenBank /type_material qualifier,holotype of Otidea adorniae,MCVE:30102,MK850486,yes,1,NR_164497 Otidea adorniae MCVE:30102 Brindisi IT,https://www.ncbi.nlm.nih.gov/nuccore/NR_164497
NR_164498,Otidea kunmingensis,holotype,high,GenBank /type_material qualifier,holotype of Otidea kunmingensis,HKAS:49452,MK850489,yes,1,NR_164498 Otidea kunmingensis HKAS:49452 Yunnan CN,https://www.ncbi.nlm.nih.gov/nuccore/NR_164498
NR_164504,Calonarius flavaurora,holotype,high,GenBank /type_material qualifier,holotype of Cortinarius flavaurora,IB:19890187,AF325621,yes,1,NR_164504 Calonarius flavaurora IB:19890187,https://www.ncbi.nlm.nih.gov/nuccore/NR_164504
NR_164513,Acidothrix acidophila,ex-holotype,high,GenBank /type_material qualifier,culture from holotype of Acidothrix acidophila,CBS:136259,FJ430781,yes,1,NR_164513 Acidothrix acidophila,https://www.ncbi.nlm.nih.gov/nuccore/NR_164513
NR_164546,Russula dinghuensis,holotype,high,GenBank /type_material qualifier,holotype of Russula dinghuensis,GDGM:45244,KU863579,yes,1,NR_164546 / KU863579 Russula dinghuensis GDGM:45244 China,https://www.ncbi.nlm.nih.gov/nuccore/NR_164546
NR_164547,Russula subpallidirosea,holotype,high,GenBank /type_material qualifier,holotype of Russula subpallidirosea,GDGM:45242,KU863582,yes,1,NR_164547 / KU863582 Russula subpallidirosea GDGM 45242 from TYPE material China,https://www.ncbi.nlm.nih.gov/nuccore/NR_164547
NR_164575,Chroogomphus mediterraneus,holotype,high,GenBank /type_material qualifier,holotype of Gomphidius mediterraneus,BREM:2060,LT219430,no,1,NR_164575 Chroogomphus mediterraneus BREM:2060 Balearic Islands ES,https://www.ncbi.nlm.nih.gov/nuccore/NR_164575
NR_164578,Stereodiscus patagonicus,holotype,high,GenBank /type_material qualifier,holotype of Aleurodiscus patagonicus,MA:Fungi:90714,MF631177,yes,1,NR_164578 Aleurodiscus patagonicus MA:Fungi:90714 Los Lagos CL,https://www.ncbi.nlm.nih.gov/nuccore/NR_164578
NR_164613,Volvariella pulla,holotype,high,GenBank /type_material qualifier,holotype of Volvariella pulla,LE<RUS>:313325,MK882998,yes,1,NR_164613 Volvariella pulla LE:313325 Vietnam,https://www.ncbi.nlm.nih.gov/nuccore/NR_164613
NR_165229,Diatrype lijiangensis,holotype,high,GenBank /type_material qualifier,holotype of Diatrype lijiangensis,MFLU:19-0717,MK852582,yes,1,NR_165229 Diatrype lijiangensis MFLU:19-0717 China,https://www.ncbi.nlm.nih.gov/nuccore/NR_165229
NR_165507,Hormodochis melanochlora,ex-epitype,high,GenBank /type_material qualifier,culture from epitype of Epidochium melanochlorum,CPC:24125,KP004459,yes,1,NR_165507 Hormodochis melanochlora Germany,https://www.ncbi.nlm.nih.gov/nuccore/NR_165507
NR_165842,Ophioceras aquaticum,ex-holotype,high,GenBank /type_material qualifier,culture from holotype of Ophioceras aquaticum,IFRDCC:3091,JQ797440,yes,1,NR_165842 Ophioceras aquaticum IFRDCC 3091 from TYPE material,https://www.ncbi.nlm.nih.gov/nuccore/NR_165842
NR_165868,Ramoconidiophora euphorbiae,ex-holotype,high,GenBank /type_material qualifier,culture from holotype of Collophorina euphorbiae,IBRC:M 30207,MG592739,yes,1,NR_165868 Ramoconidiophora euphorbiae Iran,https://www.ncbi.nlm.nih.gov/nuccore/NR_165868
NR_165869,Inocybe carolinensis,holotype,high,GenBank /type_material qualifier,holotype of Inocybe carolinensis,TENN:071091,MG663294,yes,1,NR_165869 Inocybe carolinensis TENN:071091 North Carolina US,https://www.ncbi.nlm.nih.gov/nuccore/NR_165869
NR_165904,Capturomyces funiculosus,ex-holotype,high,GenBank /type_material qualifier,culture from holotype of Capturomyces funiculosus,CBS:144840,MK314552,yes,1,NR_165904 Capturomyces funiculosus Germany,https://www.ncbi.nlm.nih.gov/nuccore/NR_165904
NR_165906,Variabilispora flava,ex-holotype,high,GenBank /type_material qualifier,culture from holotype of Variabilispora flava,CBS:144845,MK314562,yes,1,NR_165906 Variabilispora flava Germany,https://www.ncbi.nlm.nih.gov/nuccore/NR_165906
NR_165948,Chrysoporthe doradensis,ex-holotype,high,GenBank /type_material qualifier,culture from holotype of Chrysoporthe doradensis,CBS:115735,JN942330,yes,1,NR_165948 Chrysoporthe doradensis Ecuador,https://www.ncbi.nlm.nih.gov/nuccore/NR_165948
NR_165962,Teunomyces aglyptinius,type,high,GenBank /type_material qualifier,type material of Candida aglyptinia,CBS:10311,KY101826,yes,1,NR_165962 Teunomyces aglyptinius Panama,https://www.ncbi.nlm.nih.gov/nuccore/NR_165962
NR_165964,Sugiyamaella grinbergsii,ex-holotype,high,GenBank /type_material qualifier,culture from holotype of Candida grinbergsii,CBS:5924,KY102116,yes,1,NR_165964.1 Sugiyamaella grinbergsii culture_collection CBS:5924 Chile holotype Sugiyamaella grinbergsii,https://www.ncbi.nlm.nih.gov/nuccore/NR_165964
NR_165994,Penicillium bialowiezense,type,high,GenBank /type_material qualifier,type material of Penicillium bialowiezense,CBS:227.28,MH854996,yes,1,NR_165994 Fungi Poland,https://www.ncbi.nlm.nih.gov/nuccore/NR_165994
NR_166002,Spizellomyces plurigibbosus,type,high,GenBank /type_material qualifier,type material of Phlyctochytrium plurigibbosum,CBS:668.73,MH860788,yes,1,NR_166002 Fungi Ontario CA,https://www.ncbi.nlm.nih.gov/nuccore/NR_166002
NR_166040,Gnomoniopsis smithogilvyi,ex-holotype,high,GenBank /type_material qualifier,culture from holotype of Gnomoniopsis smithogilvyi,CBS:130190,MH865607,yes,1,NR_166040 Gnomoniopsis smithogilvyi CBS 130190 from TYPE material,https://www.ncbi.nlm.nih.gov/nuccore/NR_166040
NR_166222,Psathyrella hellebosensis,holotype,high,GenBank /type_material qualifier,holotype of Psathyrella hellebosensis,LZ:P-7615,KY680789,yes,1,NR_166222 Psathyrella hellebosensis LZ:P-7615 Flemish Brabant BE,https://www.ncbi.nlm.nih.gov/nuccore/NR_166222
NR_166243,Rhodocybe fumanellii,holotype,high,GenBank /type_material qualifier,holotype of Rhodocybe fumanellii,MCVE:29550,MH399225,yes,1,NR_166243 Rhodocybe fumanellii MCVE:29550 Italy,https://www.ncbi.nlm.nih.gov/nuccore/NR_166243
NR_166257,Lactarius reticulisporus,holotype,high,GenBank /type_material qualifier,holotype of Lactarius reticulisporus,SFC:20160907-41,MH985008,yes,1,NR_166257 Lactarius reticulisporus SFC:20160907-41 South Korea,https://www.ncbi.nlm.nih.gov/nuccore/NR_166257
NR_166264,Suillus latteri,holotype,high,GenBank /type_material qualifier,holotype of Suillus latteri,FHMU:347,MK188415,yes,1,NR_166264 Suillus latteri FHMU:347 Hainan CN,https://www.ncbi.nlm.nih.gov/nuccore/NR_166264
NR_166281,Geastrum lanuginosum,holotype,high,GenBank /type_material qualifier,holotype of Geastrum lanuginosum,ALCB:129358,MK940901,yes,1,NR_166281 Geastrum lanuginosum ALCB:129358 Brazil,https://www.ncbi.nlm.nih.gov/nuccore/NR_166281
NR_166288,Hypoxylon mangrovei,holotype,high,GenBank /type_material qualifier,holotype of Hypoxylon mangrovei,MFLU:18-0559,MN047116,yes,1,NR_166288 Hypoxylon mangrovei MFLU:18-0559,https://www.ncbi.nlm.nih.gov/nuccore/NR_166288
NR_166307,Hormodochis aggregata,ex-holotype,high,GenBank /type_material qualifier,culture from holotype of Hormodochis aggregata,CPC:30683,MN313798,yes,1,NR_166307 Hormodochis aggregata Germany,https://www.ncbi.nlm.nih.gov/nuccore/NR_166307
NR_166352,Hodophilus decurrentior,holotype,high,GenBank /type_material qualifier,holotype of Hodophilus decurrentior,SAV:F:3498,MN619681,yes,1,NR_166352 Hodophilus decurrentior SAV:F:3498 Slovakia,https://www.ncbi.nlm.nih.gov/nuccore/NR_166352
NR_166355,Cortinarius brunneocarpus,holotype,high,GenBank /type_material qualifier,holotype of Cortinarius brunneocarpus,LAH:240810,MN738695,yes,1,NR_166355 Cortinarius brunneocarpus LAH:240810 Gilgit-Baltistan PK,https://www.ncbi.nlm.nih.gov/nuccore/NR_166355
NR_166545,Hirsutella liboensis,type,high,GenBank /type_material qualifier,type material of Hirsutella liboensis,GZAC:GZUIFR-Libo1,FJ957892,yes,1,NR_166545 Hirsutella liboensis GZAC:GZUIFR-Libo1 China,https://www.ncbi.nlm.nih.gov/nuccore/NR_166545
NR_166558,Xylodon hastifer,type,high,GenBank /type_material qualifier,type material of Hyphodontia hastifer,K(M):172400,KY081801,yes,1,NR_166558 Xylodon hastifer K(M):172400 Argentina,https://www.ncbi.nlm.nih.gov/nuccore/NR_166558
NR_166563,Clavaria tyrrhenica,holotype,high,GenBank /type_material qualifier,holotype of Clavaria tyrrhenica,ZT:Myc 58698,MF972890,yes,1,NR_166563 Clavaria tyrrhenica ZT:Myc 58698 Lucca IT,https://www.ncbi.nlm.nih.gov/nuccore/NR_166563
NR_166791,Caloplaca syvashica,isotype,high,GenBank /type_material qualifier,isotype of Caloplaca syvashica,CBFS:Vondrak & Soun JV7012,HM582201,yes,1,NR_166791 Caloplaca syvashica CBFS:Vondrak & Soun JV7012 Ukraine,https://www.ncbi.nlm.nih.gov/nuccore/NR_166791
NR_166793,Phellinus piceicola,type,high,GenBank /type_material qualifier,type material of Phellinus piceicola,BJFC:Cui 10440,JQ828908,yes,1,NR_166793 Phellinus piceicola BJFC:Cui 10440 China,https://www.ncbi.nlm.nih.gov/nuccore/NR_166793
NR_166795,Ceriporia bubalinomarginata,type,high,GenBank /type_material qualifier,type material of Ceriporia bubalinomarginata,BJFC:Dai 11327,JX623953,yes,1,NR_166795 Ceriporia bubalinomarginata BJFC:Dai 11327,https://www.ncbi.nlm.nih.gov/nuccore/NR_166795
NR_166796,Lepiota sanguineofracta,holotype,high,GenBank /type_material qualifier,holotype of Lepiota sanguineofracta,TO:HG2916,KF879620,yes,1,NR_166796 Lepiota sanguineofracta TO:HG2916 Turin IT,https://www.ncbi.nlm.nih.gov/nuccore/NR_166796
NR_167942,Psathyrella effibulata,type,high,GenBank /type_material qualifier,type material of Psathyrella effibulata,GB:LO37-96,DQ389672,yes,1,NR_167942 Psathyrella effibulata GB:LO37-96 Sweden,https://www.ncbi.nlm.nih.gov/nuccore/NR_167942
NR_167961,Psathyrella lyckebodensis,type,high,GenBank /type_material qualifier,type material of Psathyrella lyckebodensis,GB:LO301-11,KC992921,yes,1,NR_167961 Psathyrella lyckebodensis GB:LO301-11 Sweden,https://www.ncbi.nlm.nih.gov/nuccore/NR_167961
NR_168217,Fomitiporia ignea,holotype,high,GenBank /type_material qualifier,holotype of Fomitiporia ignea,CBS:145356,MN108104,yes,1,NR_168217 Fomitiporia ignea,https://www.ncbi.nlm.nih.gov/nuccore/NR_168217
NR_168219,Tropicoporus texanus,holotype,high,GenBank /type_material qualifier,holotype of Tropicoporus texanus,CBS:145357,MN108124,yes,1,NR_168219 Tropicoporus texanus,https://www.ncbi.nlm.nih.gov/nuccore/NR_168219
NR_168237,Eriocamporesia aurantia,ex-holotype,high,GenBank /type_material qualifier,culture from holotype of Eriocamporesia aurantia,MFLU:19-0943,MN699135,yes,1,NR_168237 Eriocamporesia aurantia MFLU:19-0943 Thailand,https://www.ncbi.nlm.nih.gov/nuccore/NR_168237
NR_168751,Tyrannosorus hystrioides,ex-holotype,high,GenBank /type_material qualifier,culture from holotype of Capronia hystrioides,CBS:11772,EU035459,yes,1,NR_168751 Tyrannosorus hystrioides United States,https://www.ncbi.nlm.nih.gov/nuccore/NR_168751
NR_168768,Dentipellis tasmanica,holotype,high,GenBank /type_material qualifier,holotype of Dentipellis tasmanica,BJFC:Dai 18767,MH571702,yes,1,NR_168768 Dentipellis tasmanica BJFC:Dai 18767 Australia,https://www.ncbi.nlm.nih.gov/nuccore/NR_168768
NR_168808,Pseudostanjehughesia lignicola,ex-holotype,high,GenBank /type_material qualifier,culture from holotype of Pseudostanjehughesia lignicola,MFLUCC:15-0352,MK828643,yes,1,NR_168808 Pseudostanjehughesia lignicola China,https://www.ncbi.nlm.nih.gov/nuccore/NR_168808
NR_169665,Leucangium microspermum,holotype,high,GenBank /type_material qualifier,holotype of Leucangium microspermum,KPM:NC 27881,LC514671,no,1,NR_169665 Leucangium microspermum KPM:NC 27881 Hokkaidō JP,https://www.ncbi.nlm.nih.gov/nuccore/NR_169665
NR_169678,Hevansia novoguineensis,type,high,GenBank /type_material qualifier,type material of Akanthomyces novoguineensis,CBS:610.80,MH532831,yes,1,NR_169678 Hevansia novoguineensis,https://www.ncbi.nlm.nih.gov/nuccore/NR_169678
NR_169682,Carolinigaster bonitoi,holotype,high,GenBank /type_material qualifier,holotype of Carolinigaster bonitoi,FLAS:F-62017,MH747178,yes,1,NR_169682 Carolinigaster bonitoi FLAS:F-62017 United States,https://www.ncbi.nlm.nih.gov/nuccore/NR_169682
NR_169707,Tarzetta alnicola,holotype,high,GenBank /type_material qualifier,holotype of Tarzetta alnicola,LY:NV 2017.08.36,MN712301,yes,1,NR_169707 Tarzetta alnicola France,https://www.ncbi.nlm.nih.gov/nuccore/NR_169707
NR_169708,Tarzetta melitensis,holotype,high,GenBank /type_material qualifier,holotype of Tarzetta melitensis,LY:CS871,MN712324,yes,1,NR_169708 Tarzetta melitensis Malta,https://www.ncbi.nlm.nih.gov/nuccore/NR_169708
NR_169887,Metarhizium cylindrosporum,holotype,high,GenBank /type_material qualifier,holotype of Metarhizium cylindrosporum,ACCC:30114,AF368270,yes,1,NR_169887 Metarhizium cylindrosporum,https://www.ncbi.nlm.nih.gov/nuccore/NR_169887
NR_169898,Melanconis itoana,ex-holotype,high,GenBank /type_material qualifier,culture from holotype of Melanconis itoana,MAFF:410080,JX522738,yes,1,NR_169898 Melanconis itoana Japan,https://www.ncbi.nlm.nih.gov/nuccore/NR_169898
NR_169903,Picipes jiajinensis,holotype,high,GenBank /type_material qualifier,holotype of Picipes jiajinensis,BJFC:Cui 10748,KU189754,yes,1,NR_169903 Picipes jiajinensis BJFC:Cui 10748 China,https://www.ncbi.nlm.nih.gov/nuccore/NR_169903
NR_169912,Talaromyces cerinus,ex-holotype,high,GenBank /type_material qualifier,culture from holotype of Talaromyces cerinus,CBS:140622,KU866658,yes,1,NR_169912 Talaromyces cerinus China,https://www.ncbi.nlm.nih.gov/nuccore/NR_169912
NR_169926,Russula tengii,holotype,high,GenBank /type_material qualifier,holotype of Russula tengii,HMAS:262728,MG386708,yes,1,NR_169926 Russula tengii HMAS:262728 Tibet Autonomous Region CN,https://www.ncbi.nlm.nih.gov/nuccore/NR_169926
NR_169945,Lactarius alboroseus,holotype,high,GenBank /type_material qualifier,holotype of Lactarius alboroseus,SFC:20150828-39,MH984922,yes,1,NR_169945 Lactarius alboroseus SFC:20150828-39 South Korea,https://www.ncbi.nlm.nih.gov/nuccore/NR_169945
NR_169965,Pluteus squarrosus,holotype,high,GenBank /type_material qualifier,holotype of Pluteus squarrosus,GDGM:42302,MK791273,yes,1,NR_169965 Pluteus squarrosus GDGM:42302 China,https://www.ncbi.nlm.nih.gov/nuccore/NR_169965
NR_169989,Cortinarius minorisporus,holotype,high,GenBank /type_material qualifier,holotype of Cortinarius minorisporus,OTA:70568,MN492654,yes,1,NR_169989 Cortinarius minorisporus OTA:70568 New Zealand,https://www.ncbi.nlm.nih.gov/nuccore/NR_169989
NR_170011,Calocybella dicholamellata,holotype,high,GenBank /type_material qualifier,holotype of Calocybella dicholamellata,CAL:1242,MN708209,yes,1,NR_170011 Calocybella dicholamellata CAL:1242 India,https://www.ncbi.nlm.nih.gov/nuccore/NR_170011
NR_170050,Gongromerizella pini,ex-holotype,high,GenBank /type_material qualifier,culture from holotype of Chloridium pini,CPC:36627,MT223787,yes,1,NR_170050 Fungi Ukraine,https://www.ncbi.nlm.nih.gov/nuccore/NR_170050
NR_170772,Melanconis larissae,holotype,high,GenBank /type_material qualifier,holotype of Melanconis larissae,BPI:870998,MN784972,yes,1,NR_170772 Melanconis larissae BPI:870998 United States,https://www.ncbi.nlm.nih.gov/nuccore/NR_170772
NR_170777,Talaromyces guizhouensis,ex-holotype,high,GenBank /type_material qualifier,culture from holotype of Talaromyces guizhouensis,CBS:141837,MN864277,yes,1,NR_170777 Talaromyces guizhouensis,https://www.ncbi.nlm.nih.gov/nuccore/NR_170777
NR_170824,Coleophoma podocarpi,ex-holotype,high,GenBank /type_material qualifier,culture from holotype of Coleophoma podocarpi,CPC:36996,MT373364,yes,1,NR_170824 Coleophoma podocarpi Western Cape ZA,https://www.ncbi.nlm.nih.gov/nuccore/NR_170824
NR_170844,Cortinarius distortus,holotype,high,GenBank /type_material qualifier,holotype of Cortinarius distortus,MICH:10345,MT935021,yes,1,NR_170844 Cortinarius distortus MICH:10345 Washington US,https://www.ncbi.nlm.nih.gov/nuccore/NR_170844
NR_171076,Cytospora cinnamomea,ex-holotype,high,GenBank /type_material qualifier,culture from holotype of Cytospora cinnamomea,CFCC:53178,MK673054,yes,1,NR_171076 Cytospora cinnamomea TYPE China (DIAPORTHALES),https://www.ncbi.nlm.nih.gov/nuccore/NR_171076
NR_171112,Cortinarius altae-herbae,holotype,high,GenBank /type_material qualifier,holotype of Cortinarius altae-herbae,PC:99669,MT934861,yes,1,NR_171112 Cortinarius altae-herbae PC:99669 France,https://www.ncbi.nlm.nih.gov/nuccore/NR_171112
NR_171147,Cortinarius rubellopes var. pudoricolor,holotype,high,GenBank /type_material qualifier,holotype of Cortinarius rubellopes var. pudoricolor,PC:373,MT935392,yes,1,NR_171147 Cortinarius rubellopes var. pudoricolor PC:373 France,https://www.ncbi.nlm.nih.gov/nuccore/NR_171147
NR_171210,Phellodon mississippiensis,holotype,high,GenBank /type_material qualifier,holotype of Phellodon mississippiensis,TENN:F-065870,JN247564,yes,1,NR_171210 Phellodon mississippiensis TENN:F-065870 Mississippi US,https://www.ncbi.nlm.nih.gov/nuccore/NR_171210
NR_171220,Paramycetinis austrobrevipes,holotype,high,GenBank /type_material qualifier,holotype of Paramycetinis austrobrevipes,TENN:F-50135,KY026622,yes,1,NR_171220 Paramycetinis austrobrevipes TENN:F-50135 Australia,https://www.ncbi.nlm.nih.gov/nuccore/NR_171220
NR_171221,Paramycetinis caulocystidiatus,holotype,high,GenBank /type_material qualifier,holotype of Paramycetinis caulocystidiatus,TENN:F-54050,KY026645,yes,1,NR_171221 Paramycetinis caulocystidiatus TENN:F-54050 New Zealand,https://www.ncbi.nlm.nih.gov/nuccore/NR_171221
NR_171300,Fusicolla siamensis,holotype,high,GenBank /type_material qualifier,holotype of Fusicolla siamensis,MFLU:19-1385,MT215498,yes,1,NR_171300 Fusicolla siamensis MFLU:19-1385 Thailand,https://www.ncbi.nlm.nih.gov/nuccore/NR_171300
NR_171307,Cortinarius alboadustus,holotype,high,GenBank /type_material qualifier,holotype of Cortinarius alboadustus,PC:A. Bidaud 92-10-252,MT934854,yes,1,NR_171307 Cortinarius alboadustus PC:A. Bidaud 92-10-252 France,https://www.ncbi.nlm.nih.gov/nuccore/NR_171307
NR_171310,Cortinarius andreae,holotype,high,GenBank /type_material qualifier,holotype of Cortinarius andreae,S:H. Lindstrom CFP1309,MT934870,yes,1,NR_171310 Cortinarius andreae S:H. Lindstrom CFP1309 Sweden,https://www.ncbi.nlm.nih.gov/nuccore/NR_171310
NR_171321,Cortinarius decipientoides,holotype,high,GenBank /type_material qualifier,holotype of Cortinarius decipientoides,G:367,MT935002,yes,1,NR_171321 Cortinarius decipientoides G:367 France,https://www.ncbi.nlm.nih.gov/nuccore/NR_171321
NR_171333,Cortinarius fuscoflexipes,holotype,high,GenBank /type_material qualifier,holotype of Cortinarius fuscoflexipes,IB:M. Moser 1983-0384,MT935076,yes,1,NR_171333 Cortinarius fuscoflexipes IB:M. Moser 1983-0384 Wyoming US,https://www.ncbi.nlm.nih.gov/nuccore/NR_171333
NR_171334,Cortinarius geraniolens,holotype,high,GenBank /type_material qualifier,holotype of Cortinarius geraniolens,PC:A. Bidaud 95-09-88,MT935093,yes,1,NR_171334 Cortinarius geraniolens PC:A. Bidaud 95-09-88,https://www.ncbi.nlm.nih.gov/nuccore/NR_171334
NR_171335,Cortinarius mucronatus,holotype,high,GenBank /type_material qualifier,"holotype of Cortinarius gossypinus H. Lindstr., 2012",S:H. Lindstrom CFP1344,MT935099,yes,1,NR_171335 Cortinarius gossypinus S:H. Lindstrom CFP1344 Sweden,https://www.ncbi.nlm.nih.gov/nuccore/NR_171335
NR_171341,Cortinarius implexobrunnescens,holotype,high,GenBank /type_material qualifier,holotype of Cortinarius implexobrunnescens,G:274013,MT935151,yes,1,NR_171341 Cortinarius implexobrunnescens G:274013 France,https://www.ncbi.nlm.nih.gov/nuccore/NR_171341
NR_171351,Cortinarius poirieri,holotype,high,GenBank /type_material qualifier,holotype of Cortinarius poirieri,G:800,MT935310,yes,1,NR_171351 Cortinarius poirieri G:800 France,https://www.ncbi.nlm.nih.gov/nuccore/NR_171351
NR_171358,Cortinarius sensibilis,holotype,high,GenBank /type_material qualifier,holotype of Cortinarius sensibilis,PC:A. Bidaud 00-09-114,MT935431,yes,1,NR_171358 Cortinarius sensibilis PC:A. Bidaud 00-09-114 France,https://www.ncbi.nlm.nih.gov/nuccore/NR_171358
NR_171363,Cortinarius subcarcharias,holotype,high,GenBank /type_material qualifier,holotype of Cortinarius subcarcharias,PC:A. Bidaud 03-11-74,MT935469,yes,1,NR_171363 Cortinarius subcarcharias PC:A. Bidaud 03-11-74 France,https://www.ncbi.nlm.nih.gov/nuccore/NR_171363
NR_171370,Cortinarius suillonigrescens,holotype,high,GenBank /type_material qualifier,holotype of Cortinarius suillonigrescens,PC:724,MT935539,yes,1,NR_171370 Cortinarius suillonigrescens PC:724 France,https://www.ncbi.nlm.nih.gov/nuccore/NR_171370
NR_171594,Talaromyces reverso-olivaceus,ex-holotype,high,GenBank /type_material qualifier,culture from holotype of Talaromyces reverso-olivaceus,CBS:140672,KU866646,yes,1,NR_171594 Talaromyces reverso-olivaceus China,https://www.ncbi.nlm.nih.gov/nuccore/NR_171594
NR_171720,Physalacria sinensis,holotype,high,GenBank /type_material qualifier,holotype of Physalacria sinensis,HKAS:77294,KT201643,yes,1,NR_171720 Physalacria sinensis HKAS:77294 Yunnan CN,https://www.ncbi.nlm.nih.gov/nuccore/NR_171720
NR_171731,Myriostoma australianum,holotype,high,GenBank /type_material qualifier,holotype of Myriostoma australianum,MEL:2305388,MG675901,yes,1,NR_171731 Myriostoma australianum MEL:2305388 Australia,https://www.ncbi.nlm.nih.gov/nuccore/NR_171731
NR_171742,Humicola phialophoroides,ex-holotype,high,GenBank /type_material qualifier,culture from holotype of Humicola phialophoroides,CBS:125784,MH863733,yes,1,NR_171742 Humicola phialophoroides CBS 125784 from TYPE material,https://www.ncbi.nlm.nih.gov/nuccore/NR_171742
NR_171751,Melanconis alni,epitype,high,GenBank /type_material qualifier,epitype of Melanconis alni,WU:31883,MN784963,yes,1,NR_171751 Melanconis alni WU:31883 Austria,https://www.ncbi.nlm.nih.gov/nuccore/NR_171751
NR_171752,Melanconis marginalis subsp. europaea,holotype,high,GenBank /type_material qualifier,holotype of Melanconis marginalis subsp. europaea,WU:31888,MN784976,yes,1,NR_171752 Melanconis marginalis subsp. europaea WU:31888 Austria,https://www.ncbi.nlm.nih.gov/nuccore/NR_171752
NR_171753,Melanconis marginalis subsp. marginalis,epitype,high,GenBank /type_material qualifier,epitype of Diaporthe marginalis,WU:37850,MN784980,yes,1,NR_171753 Melanconis marginalis subsp. marginalis WU:37850 Canada,https://www.ncbi.nlm.nih.gov/nuccore/NR_171753
NR_171754,Melanconis marginalis subsp. tirolensis,holotype,high,GenBank /type_material qualifier,holotype of Melanconis marginalis subsp. tirolensis,BPI:872035,MN784986,yes,1,NR_171754 Melanconis marginalis subsp. tirolensis BPI:872035 Austria,https://www.ncbi.nlm.nih.gov/nuccore/NR_171754
NR_171797,Ceriporiopsis rosea,holotype,high,GenBank /type_material qualifier,holotype of Ceriporiopsis rosea,BJFC:Dai 13573,KJ698635,yes,1,NR_171797 Ceriporiopsis rosea BJFC:Dai 13573 China,https://www.ncbi.nlm.nih.gov/nuccore/NR_171797
NR_171806,Eutypella quercina,holotype,high,GenBank /type_material qualifier,holotype of Eutypella quercina,IRAN:16761F,KX828139,yes,1,NR_171806 Eutypella quercina IRAN:16761F,https://www.ncbi.nlm.nih.gov/nuccore/NR_171806
NR_171807,Eutypella persica,holotype,high,GenBank /type_material qualifier,holotype of Eutypella persica,IRAN:16758F,KX828144,yes,1,NR_171807 Eutypella persica IRAN:16758F,https://www.ncbi.nlm.nih.gov/nuccore/NR_171807
NR_171827,Conocybe punjabensis,holotype,high,GenBank /type_material qualifier,holotype of Conocybe punjabensis,LAH:35707,MH981969,yes,1,NR_171827 Conocybe punjabensis LAH:35707 Punjab PK,https://www.ncbi.nlm.nih.gov/nuccore/NR_171827
NR_171835,Laccaria indohimalayana,holotype,high,GenBank /type_material qualifier,holotype of Laccaria indohimalayana,CAL:1754,MK584157,yes,1,NR_171835 Fungi,https://www.ncbi.nlm.nih.gov/nuccore/NR_171835
NR_171839,Neofavolus yunnanensis,type,high,GenBank /type_material qualifier,type material of Neofavolus yunnanensis,SWFC:CLZhao 1639,MK834523,yes,1,NR_171839 Neofavolus yunnanensis SWFC:CLZhao 1639 China,https://www.ncbi.nlm.nih.gov/nuccore/NR_171839
NR_171939,Claviceps quebecensis,ex-holotype,high,GenBank /type_material qualifier,culture from holotype of Claviceps quebecensis,DAOMC:251898,MH477795,yes,1,NR_171939 Claviceps quebecensis Canada,https://www.ncbi.nlm.nih.gov/nuccore/NR_171939
NR_171960,Pseudosperma ponderosum,holotype,high,GenBank /type_material qualifier,holotype of Pseudosperma ponderosum,MCVE:30144,MT095092,yes,1,NR_171960 Pseudosperma ponderosum MCVE:30144 Varese IT,https://www.ncbi.nlm.nih.gov/nuccore/NR_171960
NR_171996,Acremonium behniae,ex-holotype,high,GenBank /type_material qualifier,culture from holotype of Acremonium behniae,CBS:146824,MW175360,yes,1,NR_171996 Acremonium behniae Gauteng ZA,https://www.ncbi.nlm.nih.gov/nuccore/NR_171996
NR_172005,Sphaeropezia shangrilaensis,holotype,high,GenBank /type_material qualifier,holotype of Sphaeropezia shangrilaensis,MFLU:20-0537,MW400955,yes,1,NR_172005 Sphaeropezia shangrilaensis MFLU:20-0537 China,https://www.ncbi.nlm.nih.gov/nuccore/NR_172005
NR_172006,Ostropomyces pruinosellus,holotype,high,GenBank /type_material qualifier,holotype of Ostropomyces pruinosellus,MFLU:20-0538,MW400964,yes,1,NR_172006 Ostropomyces pruinosellus MFLU:20-0538 Thailand,https://www.ncbi.nlm.nih.gov/nuccore/NR_172006
NR_172039,Talaromyces wortmannii,ex-type,high,GenBank /type_material qualifier,culture from type material of Talaromyces wortmannii,CBS:391.48,MH856412,yes,1,NR_172039 Fungi,https://www.ncbi.nlm.nih.gov/nuccore/NR_172039
NR_172041,Talaromyces mimosinus,type,high,GenBank /type_material qualifier,type material of Talaromyces mimosinus,CBS:659.80,MH861304,yes,1,NR_172041 Fungi,https://www.ncbi.nlm.nih.gov/nuccore/NR_172041
NR_172162,Diacanthodes cerebriporoides,holotype,high,GenBank /type_material qualifier,holotype of Diacanthodes cerebriporoides,CORD:Robledo 3026,MK913642,yes,1,NR_172162 Diacanthodes cerebriporoides CORD:Robledo 3026,https://www.ncbi.nlm.nih.gov/nuccore/NR_172162
NR_172189,Dermoloma hymenocephalum,holotype,high,GenBank /type_material qualifier,holotype of Dermoloma hymenocephalum,MICH:10228,MW193846,yes,1,NR_172189 Dermoloma hymenocephalum MICH:10228 Michigan US,https://www.ncbi.nlm.nih.gov/nuccore/NR_172189
NR_172224,Hypoxylon fraxinophilum,ex-epitype,high,GenBank /type_material qualifier,culture from epitype of Hypoxylon fraxinophilum,MUCL:54176,KC968938,yes,1,NR_172224 Hypoxylon fraxinophilum,https://www.ncbi.nlm.nih.gov/nuccore/NR_172224
NR_172281,Hodophilus anatinus,holotype,high,GenBank /type_material qualifier,holotype of Hodophilus anatinus,BP:106947,MH258219,yes,1,NR_172281 Hodophilus anatinus BP:106947 Jämtland SE,https://www.ncbi.nlm.nih.gov/nuccore/NR_172281
NR_172303,Cortinarius napivelatus,type,high,GenBank /type_material qualifier,type material of Cortinarius napivelatus,PDD:27069,MT363102,yes,1,NR_172303 Cortinarius napivelatus PDD:27069 New Zealand,https://www.ncbi.nlm.nih.gov/nuccore/NR_172303
NR_172340,Cortinarius pseudorusticus,holotype,high,GenBank /type_material qualifier,holotype of Cortinarius pseudorusticus,PC:5329/0093367,MT935349,yes,1,NR_172340 Cortinarius pseudorusticus PC:5329/0093367 France,https://www.ncbi.nlm.nih.gov/nuccore/NR_172340
NR_172343,Cortinarius repertus,holotype,high,GenBank /type_material qualifier,holotype of Cortinarius repertus,G:452421,MT935379,yes,1,NR_172343 Cortinarius repertus G:452421 France,https://www.ncbi.nlm.nih.gov/nuccore/NR_172343
NR_172351,Cortinarius torvoides,holotype,high,GenBank /type_material qualifier,holotype of Cortinarius torvoides,G:4342,MT935554,yes,1,NR_172351 Cortinarius torvoides G:4342 France,https://www.ncbi.nlm.nih.gov/nuccore/NR_172351
NR_172354,Cortinarius umidicola f. coeruleus,holotype,high,GenBank /type_material qualifier,holotype of Cortinarius umidicola f. coeruleus,IB:M. Moser 1991-0391,MT935575,yes,1,NR_172354 Cortinarius umidicola f. coeruleus IB:M. Moser 1991-0391 Wyoming US,https://www.ncbi.nlm.nih.gov/nuccore/NR_172354
NR_172358,Hypoxylon eurasiaticum,holotype,high,GenBank /type_material qualifier,holotype of Hypoxylon eurasiaticum,GUM<IRN>:1597,MW367851,yes,1,NR_172358 Hypoxylon eurasiaticum GUM:1597 Iran,https://www.ncbi.nlm.nih.gov/nuccore/NR_172358
NR_172359,Hypoxylon pseudofuscum,ex-holotype,high,GenBank /type_material qualifier,culture from holotype of Hypoxylon pseudofuscum,KR:0005879,MW367857,yes,1,NR_172359 Hypoxylon pseudofuscum KR:0005879 Germany,https://www.ncbi.nlm.nih.gov/nuccore/NR_172359
NR_172431,Zanclospora aurea,ex-holotype,high,GenBank /type_material qualifier,culture from holotype of Zanclospora aurea,ICMP:23703,MW144422,yes,1,NR_172431 Zanclospora aurea New Zealand,https://www.ncbi.nlm.nih.gov/nuccore/NR_172431
NR_172432,Zanclospora falcata,ex-holotype,high,GenBank /type_material qualifier,culture from holotype of Zanclospora falcata,ICMP:23702,MW144423,yes,1,NR_172432 Zanclospora falcata New Zealand,https://www.ncbi.nlm.nih.gov/nuccore/NR_172432
NR_172433,Zanclospora novae-zelandiae,ex-epitype,high,GenBank /type_material qualifier,culture from epitype of Zanclospora novae-zelandiae,ICMP:15781,MW144429,yes,1,NR_172433 Zanclospora novae-zelandiae New Zealand,https://www.ncbi.nlm.nih.gov/nuccore/NR_172433
NR_172434,Zanclospora xylophila,ex-holotype,high,GenBank /type_material qualifier,culture from holotype of Zanclospora xylophila,ICMP:22737,MW144437,yes,1,NR_172434 Zanclospora xylophila New Zealand,https://www.ncbi.nlm.nih.gov/nuccore/NR_172434
NR_172533,Humicola floriformis,ex-holotype,high,GenBank /type_material qualifier,culture from holotype of Chaetomium floriforme,CBS:815.97,LT993578,no,1,NR_172533 Humicola floriformis Thailand,https://www.ncbi.nlm.nih.gov/nuccore/NR_172533
NR_172551,Chlorociboria solandri,holotype,high,GenBank /type_material qualifier,holotype of Chlorociboria solandri,PDD:58580,MW364559,yes,1,NR_172551.1 Chlorociboria solandri ICMP 23686 ITS region; from TYPE material,https://www.ncbi.nlm.nih.gov/nuccore/NR_172551
NR_172552,Brahmaculus osornoensis,holotype,high,GenBank /type_material qualifier,holotype of Brahmaculus osornoensis,PDD:116649,MW575608,yes,1,NR_172552.1 Brahmaculus osornoensis PDD 116649 ITS region; from TYPE material,https://www.ncbi.nlm.nih.gov/nuccore/NR_172552
NR_172553,Thaxterogaster pinophilus,holotype,high,GenBank /type_material qualifier,holotype of Cortinarius pinophilus,S:F14333,MW599264,yes,1,NR_172553 Thaxterogaster pinophilus S:F14333 Jämtland SE,https://www.ncbi.nlm.nih.gov/nuccore/NR_172553
NR_172728,Hannaella taiwanensis,ex-holotype,high,GenBank /type_material qualifier,culture from holotype of Cryptococcus taiwanensis,BCRC:23252,HQ591444,yes,1,NR_172728 Hannaella taiwanensis,https://www.ncbi.nlm.nih.gov/nuccore/NR_172728
NR_172759,Fuscoporia australasica,holotype,high,GenBank /type_material qualifier,holotype of Fuscoporia australasica,BJFC:019740,MG008397,yes,1,NR_172759.1 Fuscoporia australasica BJFC 019740 ITS region; from TYPE material,https://www.ncbi.nlm.nih.gov/nuccore/NR_172759
NR_172760,Paragyromitra tianshanensis,holotype,high,GenBank /type_material qualifier,holotype of Gyromitra tianshanensis,HMAS:86057,MG846963,yes,1,NR_172760 Gyromitra tianshanensis HMAS:86057 Shanxi CN,https://www.ncbi.nlm.nih.gov/nuccore/NR_172760
NR_172761,Paragyromitra xinjiangensis,paratype,high,GenBank /type_material qualifier,paratype of Gyromitra xinjiangensis,HMAS:24212,MG846967,yes,1,NR_172761 Gyromitra xinjiangensis HMAS:24212 Gansu CN,https://www.ncbi.nlm.nih.gov/nuccore/NR_172761
NR_172767,Hodophilus glaberripes,holotype,high,GenBank /type_material qualifier,holotype of Hodophilus glaberripes,GDGM:72518,MK894575,yes,1,NR_172767 Hodophilus glaberripes GDGM:72518 Guangdong CN,https://www.ncbi.nlm.nih.gov/nuccore/NR_172767
NR_172784,Fuscoporia subchrysea,holotype,high,GenBank /type_material qualifier,holotype of Fuscoporia subchrysea,BJFC:020287,MN816708,yes,1,NR_172784 Fuscoporia subchrysea BJFC:020287 Thailand,https://www.ncbi.nlm.nih.gov/nuccore/NR_172784
NR_172787,Fuscoporia eucalypti,holotype,high,GenBank /type_material qualifier,holotype of Fuscoporia eucalypti,BJFC:027260,MN816731,yes,1,NR_172787.1 Fuscoporia eucalypti BJFC 027260 ITS region; from TYPE material,https://www.ncbi.nlm.nih.gov/nuccore/NR_172787
NR_172794,Inocybe messapica,holotype,high,GenBank /type_material qualifier,holotype of Inocybe messapica,AMB:12794,MT386024,yes,1,NR_172794 Inocybe messapica AMB:12794 Lecce IT,https://www.ncbi.nlm.nih.gov/nuccore/NR_172794
NR_172799,Dermoloma emiliae-dlouhyi,holotype,high,GenBank /type_material qualifier,holotype of Dermoloma emiliae-dlouhyi,PRM:610931,MW193844,yes,1,NR_172799 Dermoloma emiliae-dlouhyi PRM:610931 Central Bohemian CZ,https://www.ncbi.nlm.nih.gov/nuccore/NR_172799
NR_172800,Sidera inflata,holotype,high,GenBank /type_material qualifier,holotype of Sidera inflata,BJFC:028475,MW198480,yes,1,NR_172800 Sidera inflata BJFC:028475 China,https://www.ncbi.nlm.nih.gov/nuccore/NR_172800
NR_172803,Hohenbuehelia pseudofaerberioides,holotype,high,GenBank /type_material qualifier,holotype of Hohenbuehelia pseudofaerberioides,AMB:18395,MW243065,yes,1,NR_172803 Hohenbuehelia pseudofaerberioides AMB:18395 Asti IT,https://www.ncbi.nlm.nih.gov/nuccore/NR_172803
NR_172809,Melanoleuca fontenlae,holotype,high,GenBank /type_material qualifier,holotype of Melanoleuca fontenlae,BRNM:772194,MW491326,yes,1,NR_172809 Melanoleuca fontenlae BRNM:772194 Italy,https://www.ncbi.nlm.nih.gov/nuccore/NR_172809
NR_172819,Amphichorda cavernicola,ex-holotype,high,GenBank /type_material qualifier,culture from holotype of Amphichorda cavernicola,CGMCC:3.19571,MK329056,yes,1,NR_172819 Amphichorda cavernicola North Holland NL,https://www.ncbi.nlm.nih.gov/nuccore/NR_172819
NR_172961,Humicola mutabilis,ex-holotype,high,GenBank /type_material qualifier,culture from holotype of Humicola mutabilis,CBS:779.71,LT993588,no,1,NR_172961 Humicola mutabilis Israel,https://www.ncbi.nlm.nih.gov/nuccore/NR_172961
NR_172981,Hygrophorus agathosmoides f. agathosmoides,holotype,high,GenBank /type_material qualifier,holotype of Hygrophorus agathosmoides,DAOM:HRL2823,MT981656,yes,1,NR_172981 Hygrophorus agathosmoides f. agathosmoides DAOM:HRL2823 Canada,https://www.ncbi.nlm.nih.gov/nuccore/NR_172981
NR_173043,Lapidomyces stipagrostidicola,ex-holotype,high,GenBank /type_material qualifier,culture from holotype of Lapidomyces stipagrostidicola,CBS:146979,MZ064427,yes,1,NR_173043 Lapidomyces stipagrostidicola Namibia,https://www.ncbi.nlm.nih.gov/nuccore/NR_173043
NR_173058,Eutypella dalbergiae,ex-holotype,high,GenBank /type_material qualifier,culture from holotype of Diatrype dalbergiae,CBS:147068,MZ064448,yes,1,NR_173058 Eutypella dalbergiae CBS 147068 from TYPE material,https://www.ncbi.nlm.nih.gov/nuccore/NR_173058
NR_173069,Calonarius typicus,holotype,high,GenBank /type_material qualifier,holotype of Cortinarius typicus,H:7068019,MZ568630,yes,1,NR_173069 iNat193626015 Calonarius typicus H:7068019 Florida US,https://www.ncbi.nlm.nih.gov/nuccore/NR_173069
NR_173071,Cortinarius alaskaensis,holotype,high,GenBank /type_material qualifier,holotype of Cortinarius alaskaensis,H:7068035,MZ568640,yes,1,NR_173071 Cortinarius alaskaensis H:7068035 Alaska US,https://www.ncbi.nlm.nih.gov/nuccore/NR_173071
NR_173157,Hydnum rufescens,epitype,high,GenBank /type_material qualifier,epitype of Hydnum rufescens,H:6003708,KX388688,yes,1,NR_173157 Hydnum rufescens H:6003708 Finland,https://www.ncbi.nlm.nih.gov/nuccore/NR_173157
NR_173166,Russula pseudocyanoxantha,holotype,high,GenBank /type_material qualifier,holotype of Russula pseudocyanoxantha,CUH:AM177,MK414586,yes,1,NR_173166 / MK454627 / MK414586 Russula pseudocyanoxantha CUH AM177 from TYPE material India,https://www.ncbi.nlm.nih.gov/nuccore/NR_173166
NR_173172,Russula garyensis,holotype,high,GenBank /type_material qualifier,holotype of Russula garyensis,F:PGA17-008,MN130088,no,1,NR_173172 Russula garyensis F:PGA17-008 Indiana US,https://www.ncbi.nlm.nih.gov/nuccore/NR_173172
NR_173177,Coccomyces fagicola,holotype,high,GenBank /type_material qualifier,holotype of Coccomyces fagicola,BJTC:201910,MN385772,yes,1,NR_173177 Coccomyces fagicola BJTC:201910,https://www.ncbi.nlm.nih.gov/nuccore/NR_173177
NR_173193,Hygrophorus marcocontui,holotype,high,GenBank /type_material qualifier,holotype of Hygrophorus marcocontui,KATO:Fungi:2976,MT981608,yes,1,NR_173193 Hygrophorus marcocontui KATO:Fungi:2976 Turkey,https://www.ncbi.nlm.nih.gov/nuccore/NR_173193
NR_173207,Lactarius kauffmanii var. sitchensis,holotype,high,GenBank /type_material qualifier,holotype of Lactarius kauffmanii var. sitchensis,MICH:11163,MW412395,yes,1,NR_173207 Lactarius kauffmanii var. sitchensis MICH:11163 Oregon US,https://www.ncbi.nlm.nih.gov/nuccore/NR_173207
NR_173219,Psathyrella subcaespitosa,holotype,high,GenBank /type_material qualifier,holotype of Psathyrella subcaespitosa,MICH:5374,MW412411,yes,1,NR_173219 Psathyrella subcaespitosa MICH:5374 Oregon US,https://www.ncbi.nlm.nih.gov/nuccore/NR_173219
NR_173237,Nemania yunnanensis,holotype,high,GenBank /type_material qualifier,holotype of Nemania yunnanensis,HKAS:111934,MW729423,yes,1,NR_173237 Nemania yunnanensis HKAS:111934 China,https://www.ncbi.nlm.nih.gov/nuccore/NR_173237
NR_173282,Crepidotus trichocraspedotus,holotype,high,GenBank /type_material qualifier,holotype of Crepidotus trichocraspedotus,HMJAU:37138,MH320743,yes,1,NR_173282 Crepidotus trichocraspedotus HMJAU:37138 China,https://www.ncbi.nlm.nih.gov/nuccore/NR_173282
NR_173306,Crepidotus iqbalii,holotype,high,GenBank /type_material qualifier,holotype of Crepidotus iqbalii,LAH:36654,MT973498,yes,1,NR_173306 Crepidotus iqbalii LAH:36654 Pakistan,https://www.ncbi.nlm.nih.gov/nuccore/NR_173306
NR_173324,Stropharia lignicola,holotype,high,GenBank /type_material qualifier,holotype of Stropharia lignicola,HMJAU:37429,MW492530,yes,1,NR_173324 Stropharia lignicola HMJAU:37429 Hunan CN,https://www.ncbi.nlm.nih.gov/nuccore/NR_173324
NR_173325,Lepiota haroonabadensis,holotype,high,GenBank /type_material qualifier,holotype of Lepiota haroonabadensis,LAH:36801,MZ172897,yes,1,NR_173325 Lepiota haroonabadensis LAH:36801 Pakistan,https://www.ncbi.nlm.nih.gov/nuccore/NR_173325
NR_173361,Coprinopsis cerkezii,holotype,high,GenBank /type_material qualifier,holotype of Coprinopsis cerkezii,CNF:1/7253,KX869912,yes,1,NR_173361 Coprinopsis cerkezii CNF:1/7253 Croatia,https://www.ncbi.nlm.nih.gov/nuccore/NR_173361
NR_173389,Fomitiporia bambusipileata,holotype,high,GenBank /type_material qualifier,holotype of Fomitiporia bambusipileata,ICN<BRA>:200557,MN918548,yes,1,NR_173389 Fomitiporia bambusipileata ICN 200557 from TYPE material ICN:200557 Brazil: Parana,https://www.ncbi.nlm.nih.gov/nuccore/NR_173389
NR_173403,Stenocarpella maydis,epitype,high,GenBank /type_material qualifier,epitype of Sphaeria maydis,CBS:117558,FR748051,no,1,NR_173403 Stenocarpella maydis South Africa,https://www.ncbi.nlm.nih.gov/nuccore/NR_173403
NR_173421,Marthamyces maccormackii,holotype,high,GenBank /type_material qualifier,holotype of Marthamyces maccormackii,PDD:112256,MK599217,yes,1,NR_173421 Marthamyces maccormackii PDD:112256 Cook Islands,https://www.ncbi.nlm.nih.gov/nuccore/NR_173421
NR_173422,Marthamyces metrosideri,holotype,high,GenBank /type_material qualifier,holotype of Marthamyces metrosideri,PDD:67458,MK599218,yes,1,NR_173422 Marthamyces metrosideri PDD:67458 New Zealand,https://www.ncbi.nlm.nih.gov/nuccore/NR_173422
NR_173445,Inocybe amethystina,holotype,high,GenBank /type_material qualifier,holotype of Inocybe amethystina,L:L-053531,MW845932,yes,1,NR_173445 Inocybe amethystina L:L-053531 Netherlands,https://www.ncbi.nlm.nih.gov/nuccore/NR_173445
NR_173460,Cortinarius eartoxicus,paratype,high,GenBank /type_material qualifier,paratype of Cortinarius eartoxicus,MEL:2151441,OK159884,yes,1,NR_173460 Cortinarius eartoxicus MEL:2151441 Tasmania AU,https://www.ncbi.nlm.nih.gov/nuccore/NR_173460
NR_173464,Cortinarius metallicus,paratype,high,GenBank /type_material qualifier,paratype of Rozites metallicus,MEL:2363141,OK159890,yes,1,NR_173464 Cortinarius metallicus MEL:2363141 Victoria AU,https://www.ncbi.nlm.nih.gov/nuccore/NR_173464
NR_173482,Montagnea arenaria var. macrospora,isoparatype,high,GenBank /type_material qualifier,isoparatype of Montagnea arenaria var. macrospora,MEL:262622,OK159914,yes,1,NR_173482 Montagnea arenaria var. macrospora MEL:262622 Northern Territory AU,https://www.ncbi.nlm.nih.gov/nuccore/NR_173482
NR_173704,Cortinarius bubulus,holotype,high,GenBank /type_material qualifier,holotype of Cortinarius bubulus,IB:86/172,DQ139983,yes,1,NR_173704 Cortinarius bubulus IB:86/172 Tyrol AT,https://www.ncbi.nlm.nih.gov/nuccore/NR_173704
NR_173706,Gaertneriomyces spectabilis,holotype,high,GenBank /type_material qualifier,holotype of Gaertneriomyces spectabilis,NTNU:B 067,FJ827742,yes,1,NR_173706 Gaertneriomyces spectabilis NTNU:B 067,https://www.ncbi.nlm.nih.gov/nuccore/NR_173706
NR_173746,Orbilia paracylindrospora,holotype,high,GenBank /type_material qualifier,holotype of Orbilia paracylindrospora,M:0276550,KT222430,yes,1,NR_173746 Orbilia paracylindrospora M:0276550 Deux-Sèvres FR,https://www.ncbi.nlm.nih.gov/nuccore/NR_173746
NR_173793,Phylloporus subbacillisporus,holotype,high,GenBank /type_material qualifier,holotype of Phylloporus subbacillisporus,HMAS:279879,MH686274,yes,1,NR_173793 Phylloporus subbacillisporus HMAS:279879 China,https://www.ncbi.nlm.nih.gov/nuccore/NR_173793
NR_173799,Gymnopilus minisporus,holotype,high,GenBank /type_material qualifier,holotype of Gymnopilus minisporus,HMJAU:47312,MK036416,yes,1,NR_173799 Gymnopilus minisporus HMJAU:47312 China,https://www.ncbi.nlm.nih.gov/nuccore/NR_173799
NR_173809,Lactifluus lorenae,holotype,high,GenBank /type_material qualifier,holotype of Lactifluus lorenae,XAL:Montoya5190,MK211185,yes,1,NR_173809 Lactifluus lorenae XAL:Montoya5190 Veracruz MX,https://www.ncbi.nlm.nih.gov/nuccore/NR_173809
NR_173811,Russula gnathangensis,holotype,high,GenBank /type_material qualifier,holotype of Russula gnathangensis,CAL:1733,MK253441,yes,1,NR_173811 / MK253442 / MK253441 Russula gnathangensis CAL:1733 Sikkim IN,https://www.ncbi.nlm.nih.gov/nuccore/NR_173811
NR_173815,Lepiota punaensis,holotype,high,GenBank /type_material qualifier,holotype of Lepiota punaensis,HAW:F-00256,MK412577,yes,1,NR_173815 Lepiota punaensis HAW:F-00256 Hawaii US,https://www.ncbi.nlm.nih.gov/nuccore/NR_173815
NR_173826,Agaricus hingganensis,holotype,high,GenBank /type_material qualifier,holotype of Agaricus hingganensis,HMAS:280520,MK617882,yes,1,NR_173826 Agaricus hingganensis HMAS:280520 Heilongjiang CN,https://www.ncbi.nlm.nih.gov/nuccore/NR_173826
NR_173830,Agaricus catenocystis,holotype,high,GenBank /type_material qualifier,holotype of Agaricus catenocystis,HMAS:279922,MK617925,yes,1,NR_173830 Agaricus catenocystis HMAS:279922 Inner Mongolia CN,https://www.ncbi.nlm.nih.gov/nuccore/NR_173830
NR_173839,Cortinarius catalanensis,holotype,high,GenBank /type_material qualifier,holotype of Cortinarius catalanensis,MA:90479,MK816385,yes,1,NR_173839 Cortinarius catalanensis MA:90479 Barcelona ES,https://www.ncbi.nlm.nih.gov/nuccore/NR_173839
NR_173872,Leucocoprinus fuligineopunctatus,holotype,high,GenBank /type_material qualifier,holotype of Leucocoprinus fuligineopunctatus,JBSD:130948,MN482982,yes,1,NR_173872 Leucocoprinus fuligineopunctatus JBSD:130948 Dominican Republic,https://www.ncbi.nlm.nih.gov/nuccore/NR_173872
NR_173873,Leucocoprinus scissus,holotype,high,GenBank /type_material qualifier,holotype of Leucocoprinus scissus,JBSD:139953,MN482986,yes,1,NR_173873 Leucocoprinus scissus JBSD:139953 Dominican Republic,https://www.ncbi.nlm.nih.gov/nuccore/NR_173873
NR_173875,Leucocoprinus antillarum,holotype,high,GenBank /type_material qualifier,holotype of Leucocoprinus antillarum,JBSD:130943,MN482993,yes,1,NR_173875 Leucocoprinus antillarum JBSD:130943 Dominican Republic,https://www.ncbi.nlm.nih.gov/nuccore/NR_173875
NR_173878,Leucoagaricus pegleri,holotype,high,GenBank /type_material qualifier,holotype of Leucoagaricus pegleri,JBSD:130930,MN483002,no,1,NR_173878 Leucoagaricus pegleri JBSD:130930 Dominican Republic,https://www.ncbi.nlm.nih.gov/nuccore/NR_173878
NR_173879,Leucoagaricus roseovertens,holotype,high,GenBank /type_material qualifier,holotype of Leucoagaricus roseovertens,JBSD:130932,MN483005,no,1,NR_173879 Leucoagaricus roseovertens JBSD:130932 Dominican Republic,https://www.ncbi.nlm.nih.gov/nuccore/NR_173879
NR_173884,Stilbocrea colubrensis,holotype,high,GenBank /type_material qualifier,holotype of Stilbocrea colubrensis,CBS:141857,MN497406,yes,1,NR_173884 Stilbocrea colubrensis East Flanders BE,https://www.ncbi.nlm.nih.gov/nuccore/NR_173884
NR_173888,Flavocillium bifurcatum,ex-holotype,high,GenBank /type_material qualifier,culture from holotype of Flavocillium bifurcatum,YFCC:6101,MN576833,yes,1,NR_173888 Flavocillium bifurcatum China,https://www.ncbi.nlm.nih.gov/nuccore/NR_173888
NR_173898,Wrightoporia srilankensis,holotype,high,GenBank /type_material qualifier,holotype of Wrightoporia srilankensis,BJFC:030715,MN688691,yes,1,NR_173898 Wrightoporia srilankensis BJFC:030715 Sri Lanka,https://www.ncbi.nlm.nih.gov/nuccore/NR_173898
NR_173901,Cortinarius paulus,holotype,high,GenBank /type_material qualifier,holotype of Cortinarius paulus,TUR:Kokkonen 314/08,MN841185,yes,1,NR_173901 Cortinarius paulus TUR:Kokkonen 314/08 Finland,https://www.ncbi.nlm.nih.gov/nuccore/NR_173901
NR_173903,Farysia magdalena,holotype,high,GenBank /type_material qualifier,holotype of Farysia magdalena,PUL:F22391,MN846709,yes,1,NR_173903 Farysia magdalena PUL:F22391,https://www.ncbi.nlm.nih.gov/nuccore/NR_173903
NR_173906,Sistotremastrum vigilans,holotype,high,GenBank /type_material qualifier,holotype of Sistoremastrum vigilans,O:Fonneland 2011-78,MN937572,yes,1,NR_173906 Sistotremastrum vigilans O:Fonneland 2011-78 Norway,https://www.ncbi.nlm.nih.gov/nuccore/NR_173906
NR_173907,Sistotremastrum denticulatum,holotype,high,GenBank /type_material qualifier,holotype of Sistotremastrum denticulatum,SP:467087,MN954694,yes,1,NR_173907 Sistotremastrum denticulatum SP:467087 São Paulo BR,https://www.ncbi.nlm.nih.gov/nuccore/NR_173907
NR_173922,Phlegmacium balteatoindicum,holotype,high,GenBank /type_material qualifier,holotype of Cortinarius balteatoindicus,KCS:2509,MT137516,yes,1,NR_173922 Phlegmacium balteatoindicum KCS:2509 Uttarakhand IN,https://www.ncbi.nlm.nih.gov/nuccore/NR_173922
NR_173924,Xylaria lichenicola,holotype,high,GenBank /type_material qualifier,holotype of Xylaria lichenicola,KRAM:Flakus 26802,MT153970,yes,1,NR_173924 Xylaria lichenicola KRAM:Flakus 26802,https://www.ncbi.nlm.nih.gov/nuccore/NR_173924
NR_173935,Lecanicillium praecognitum,holotype,high,GenBank /type_material qualifier,holotype of Lecanicillium praecognitum,WA:0000067215,MT247058,yes,1,NR_173935 Lecanicillium praecognitum WA:0000067215 Poland,https://www.ncbi.nlm.nih.gov/nuccore/NR_173935
NR_173940,Inocybe cervenianensis,holotype,high,GenBank /type_material qualifier,holotype of Inocybe cervenianensis,GDOR:623,MT448877,yes,1,NR_173940 Inocybe cervenianensis GDOR:623 Italy,https://www.ncbi.nlm.nih.gov/nuccore/NR_173940
NR_173947,Mycena juniperifoliae,holotype,high,GenBank /type_material qualifier,holotype of Mycena juniperifoliae,PAMP:fungi-40,MT764846,yes,1,NR_173947 Mycena juniperifoliae PAMP:fungi-40 Álava ES,https://www.ncbi.nlm.nih.gov/nuccore/NR_173947
NR_173959,Melanoleuca chifengense,holotype,high,GenBank /type_material qualifier,holotype of Melanoleuca chifengense,SYAU:FUNGI-059,MW258678,yes,1,NR_173959 Melanoleuca chifengense SYAU:FUNGI-059,https://www.ncbi.nlm.nih.gov/nuccore/NR_173959
NR_173962,Resinicium austroasianum,holotype,high,GenBank /type_material qualifier,holotype of Resinicium austroasianum,HMAS:LWZ 20180417-5,MW414504,yes,1,NR_173962 Resinicium austroasianum HMAS LWZ 20180417-5 from TYPE material HMAS:LWZ 20180417-5,https://www.ncbi.nlm.nih.gov/nuccore/NR_173962
NR_174045,Aroramyces guanajuatensis,holotype,high,GenBank /type_material qualifier,holotype of Aroramyces guanajuatensis,ITCV:1613,MN392940,yes,1,NR_174045 Aroramyces guanajuatensis ITCV:1613 Guanajuato MX,https://www.ncbi.nlm.nih.gov/nuccore/NR_174045
NR_174051,Megalocystidium salicis,holotype,high,GenBank /type_material qualifier,holotype of Megalocystidium salicis,H:7009382,MT359932,yes,1,NR_174051 Megalocystidium salicis H:7009382 Leningrad RU,https://www.ncbi.nlm.nih.gov/nuccore/NR_174051
NR_174052,Megalocystidium perticatum,holotype,high,GenBank /type_material qualifier,holotype of Megalocystidium perticatum,H:7009383,MT359934,yes,1,NR_174052 Megalocystidium perticatum H:7009383 Leningrad RU,https://www.ncbi.nlm.nih.gov/nuccore/NR_174052
NR_174056,Cabalodontia delicata,holotype,high,GenBank /type_material qualifier,holotype of Cabalodontia delicata,SP:512584,MT849297,yes,1,NR_174056 Cabalodontia delicata SP:512584,https://www.ncbi.nlm.nih.gov/nuccore/NR_174056
NR_174057,Etheirodon purpureum,holotype,high,GenBank /type_material qualifier,holotype of Etheirodon purpureum,SP:512597,MT849301,yes,1,NR_174057 Etheirodon purpureum SP:512597,https://www.ncbi.nlm.nih.gov/nuccore/NR_174057
NR_174068,Hydnellum brunneorubrum,holotype,high,GenBank /type_material qualifier,holotype of Hydnellum brunneorubrum,IFP:019384,MW579944,yes,1,NR_174068 Hydnellum brunneorubrum IFP:019384,https://www.ncbi.nlm.nih.gov/nuccore/NR_174068
NR_174069,Hydnellum granulosum,holotype,high,GenBank /type_material qualifier,holotype of Hydnellum granulosum,IFP:019400,MW579947,yes,1,NR_174069 Hydnellum granulosum IFP:019400,https://www.ncbi.nlm.nih.gov/nuccore/NR_174069
NR_174070,Hydnellum inflatum,holotype,high,GenBank /type_material qualifier,holotype of Hydnellum inflatum,IFP:019403,MW579950,yes,1,NR_174070 Hydnellum inflatum IFP:019403,https://www.ncbi.nlm.nih.gov/nuccore/NR_174070
NR_174644,Gloeostereum cimri,ex-holotype,high,GenBank /type_material qualifier,culture from holotype of Gloeostereum cimri,CBS:145006,MT023735,yes,1,NR_174644 Gloeostereum cimri,https://www.ncbi.nlm.nih.gov/nuccore/NR_174644
NR_174666,Cortinarius debbieae,holotype,high,GenBank /type_material qualifier,holotype of Cortinarius debbieae,MEL:2236383,OK159882,yes,1,NR_174666 Cortinarius debbieae MEL:2236383 New South Wales AU,https://www.ncbi.nlm.nih.gov/nuccore/NR_174666
NR_174667,Phlegmacium memoria-annae,isotype,high,GenBank /type_material qualifier,isotype of Cortinarius memoria-annae,MEL:2305450,OK159889,yes,1,NR_174667 Phlegmacium memoria-annae MEL:2305450 Tasmania AU,https://www.ncbi.nlm.nih.gov/nuccore/NR_174667
NR_174727,Phaeotremella ovata,holotype,high,GenBank /type_material qualifier,holotype of Phaeotremella ovata,CGMCC:2.5614,MK050281,yes,1,NR_174727 Phaeotremella ovata,https://www.ncbi.nlm.nih.gov/nuccore/NR_174727
NR_174819,Ramaria paraconcolor,holotype,high,GenBank /type_material qualifier,holotype of Ramaria paraconcolor,AMB:18546 Holotype,MT055928,yes,1,NR_174819 Ramaria paraconcolor AMB:18546 Holotype Trento IT,https://www.ncbi.nlm.nih.gov/nuccore/NR_174819
NR_174822,Ramaria brunneolilacina,holotype,high,GenBank /type_material qualifier,holotype of Ramaria brunneolilacina,AMB:18584 Holotype,MT055963,yes,1,NR_174822 Ramaria brunneolilacina AMB:18584 Holotype Pisa IT,https://www.ncbi.nlm.nih.gov/nuccore/NR_174822
NR_174856,Inocybe drenthensis,holotype,high,GenBank /type_material qualifier,holotype of Inocybe drenthensis,STU:SMNS-STU-F-0901477,MW845869,yes,1,NR_174856 Inocybe drenthensis STU:SMNS-STU-F-0901477 Netherlands,https://www.ncbi.nlm.nih.gov/nuccore/NR_174856
NR_174860,Inocybe grusiana,holotype,high,GenBank /type_material qualifier,holotype of Inocybe grusiana,STU:SMNS-STU-F-0901262,MW845884,yes,1,NR_174860 Inocybe grusiana STU:SMNS-STU-F-0901262 Germany,https://www.ncbi.nlm.nih.gov/nuccore/NR_174860
NR_174864,Inocybe orionis,holotype,high,GenBank /type_material qualifier,holotype of Inocybe orionis,STU:SMNS-STU-F-0901455,MW845898,yes,1,NR_174864 Inocybe orionis STU:SMNS-STU-F-0901455 Germany,https://www.ncbi.nlm.nih.gov/nuccore/NR_174864
NR_174900,Rhizopogon songmaodan,holotype,high,GenBank /type_material qualifier,holotype of Rhizopogon songmaodan,HKAS:106767,MN655983,yes,1,NR_174900 Rhizopogon songmaodan HKAS:106767,https://www.ncbi.nlm.nih.gov/nuccore/NR_174900
NR_174910,Amanita domingensis,holotype,high,GenBank /type_material qualifier,holotype of Amanita domingensis,JBSD:130784,MT991052,yes,1,NR_174910 Amanita domingensis JBSD:130784 Dominican Republic,https://www.ncbi.nlm.nih.gov/nuccore/NR_174910
NR_174912,Gymnopus pallipes,holotype,high,GenBank /type_material qualifier,holotype of Gymnopus pallipes,GDGM:81513,MW582856,yes,1,NR_174912 Gymnopus pallipes GDGM:81513 Guangdong CN,https://www.ncbi.nlm.nih.gov/nuccore/NR_174912
NR_174924,Tylopilus glutinosus,holotype,high,GenBank /type_material qualifier,holotype of Tylopilus glutinosus,HKAS:81369,MZ351438,yes,1,NR_174924 Tylopilus glutinosus HKAS:81369 Bangladesh,https://www.ncbi.nlm.nih.gov/nuccore/NR_174924
NR_174925,Russula ayubiana,holotype,high,GenBank /type_material qualifier,holotype of Russula ayubiana,LAH:35439,MZ358868,yes,1,NR_174925 Russula ayubiana LAH:35439 Pakistan,https://www.ncbi.nlm.nih.gov/nuccore/NR_174925
NR_174927,Coprinopsis jilinensis,holotype,high,GenBank /type_material qualifier,holotype of Coprinopsis jilinensis,HMJAU:58782,MZ398015,yes,1,NR_174927 Coprinopsis jilinensis HMJAU:58782,https://www.ncbi.nlm.nih.gov/nuccore/NR_174927
NR_175044,Hebeloma monticola,holotype,high,GenBank /type_material qualifier,holotype of Hebeloma monticola,UPS:SM6133,KX765772,yes,1,NR_175044 Hebeloma monticola UPS:SM6133 Sweden,https://www.ncbi.nlm.nih.gov/nuccore/NR_175044
NR_175081,Galerina venenata,holotype,high,GenBank /type_material qualifier,holotype of Galerina venenata,MICH:10698,MH827070,yes,1,NR_175081 Galerina venenata MICH:10698 Oregon US,https://www.ncbi.nlm.nih.gov/nuccore/NR_175081
NR_175092,Podospora striatispora,isotype,high,GenBank /type_material qualifier,isotype of Triangularia striatispora,CBS:154.77,MH861043,yes,1,NR_175092 Podospora striatispora Thailand,https://www.ncbi.nlm.nih.gov/nuccore/NR_175092
NR_175101,Scytinostroma mediterraneense,holotype,high,GenBank /type_material qualifier,holotype of Scytinostroma mediterraneense,CBS:764.86,MH862045,yes,1,NR_175101 Fungi France,https://www.ncbi.nlm.nih.gov/nuccore/NR_175101
NR_175102,Epichloe uncinata,holotype,high,GenBank /type_material qualifier,holotype of Acremonium uncinatum,CBS:235.89,MH862168,yes,1,NR_175102 Epichloë uncinata Switzerland,https://www.ncbi.nlm.nih.gov/nuccore/NR_175102
NR_175129,Moellerodiscus coprosmae,holotype,high,GenBank /type_material qualifier,holotype of Moellerodiscus coprosmae,PDD:64924,MK039697,yes,1,NR_175129 Moellerodiscus coprosmae PDD:64924 New Zealand,https://www.ncbi.nlm.nih.gov/nuccore/NR_175129
NR_175139,Boletus mahoganicoloroides,holotype,high,GenBank /type_material qualifier,holotype of Boletus mahoganicoloroides,CFMR:BZ-1671 BOS-322,MN250197,yes,1,NR_175139 Boletus mahoganicoloroides CFMR:BZ-1671 BOS-322 Belize,https://www.ncbi.nlm.nih.gov/nuccore/NR_175139
NR_175155,Hypoxylon guilanense,ex-holotype,high,GenBank /type_material qualifier,culture from holotype of Hypoxylon guilanense,GUM<IRN>:989,MT214997,yes,1,NR_175155 Hypoxylon guilanense GUM:989 Iran,https://www.ncbi.nlm.nih.gov/nuccore/NR_175155
NR_175181,Efibula matsuensis,holotype,high,GenBank /type_material qualifier,holotype of Efibula matsuensis,TNM:F20379,MZ636955,yes,1,NR_175181 Efibula matsuensis TNM:F20379 Matsu Islands TW,https://www.ncbi.nlm.nih.gov/nuccore/NR_175181
NR_175185,Hydnophlebia crocata,holotype,high,GenBank /type_material qualifier,holotype of Hydnophlebia crocata,TNM:F33298,MZ636985,yes,1,NR_175185 Hydnophlebia crocata TNM:F33298 Liaoning CN,https://www.ncbi.nlm.nih.gov/nuccore/NR_175185
NR_175198,Talaromyces africanus,ex-holotype,high,GenBank /type_material qualifier,culture from holotype of Talaromyces africanus,CBS:147340,OK339610,yes,1,NR_175198 Talaromyces africanus South Africa,https://www.ncbi.nlm.nih.gov/nuccore/NR_175198
NR_175199,Talaromyces calidominioluteus,ex-holotype,high,GenBank /type_material qualifier,culture from holotype of Talaromyces calidominioluteus,CBS:147313,OK339612,yes,1,NR_175199 Talaromyces calidominioluteus Netherlands,https://www.ncbi.nlm.nih.gov/nuccore/NR_175199
NR_175200,Talaromyces germanicus,ex-holotype,high,GenBank /type_material qualifier,culture from holotype of Talaromyces germanicus,CBS:147314,OK339619,yes,1,NR_175200 Talaromyces germanicus Germany,https://www.ncbi.nlm.nih.gov/nuccore/NR_175200
NR_175662,Zanclospora phaeostalacta,ex-holotype,high,GenBank /type_material qualifier,culture from holotype of Chaetosphaeria phaeostalacta,ICMP:15137,MW144431,yes,1,NR_175662 Zanclospora phaeostalacta New Zealand,https://www.ncbi.nlm.nih.gov/nuccore/NR_175662
NR_175663,Zanclospora ramifera,ex-holotype,high,GenBank /type_material qualifier,culture from holotype of Zanclospora ramifera,ICMP:22738,MW144433,yes,1,NR_175663 Zanclospora ramifera New Zealand,https://www.ncbi.nlm.nih.gov/nuccore/NR_175663
NR_175704,Tricholoma megalophaeum,holotype,high,GenBank /type_material qualifier,holotype of Tricholoma megalophaeum,WTU:F:073091,MW597305,yes,1,NR_175704 Tricholoma megalophaeum WTU:F:073091 Colorado US,https://www.ncbi.nlm.nih.gov/nuccore/NR_175704
NR_175709,Amanita compacta,holotype,high,GenBank /type_material qualifier,holotype of Amanita compacta,PERTH:08700524,MW775278,yes,1,NR_175709 Amanita compacta PERTH:08700524 Australia,https://www.ncbi.nlm.nih.gov/nuccore/NR_175709
NR_175710,Amanita sabulosa,holotype,high,GenBank /type_material qualifier,holotype of Amanita sabulosa,PERTH:09178759,MW775288,yes,1,NR_175710 Amanita sabulosa PERTH:09178759,https://www.ncbi.nlm.nih.gov/nuccore/NR_175710
NR_175711,Amanita sabulosa,holotype,high,GenBank /type_material qualifier,holotype of Amanita sabulosa,PERTH:09178759,MW775289,yes,1,NR_175711 Amanita sabulosa PERTH:09178759,https://www.ncbi.nlm.nih.gov/nuccore/NR_175711
NR_175712,Amanita sabulosa,holotype,high,GenBank /type_material qualifier,holotype of Amanita sabulosa,PERTH:09178759,MW775290,yes,1,NR_175712 Amanita sabulosa PERTH:09178759 Australia,https://www.ncbi.nlm.nih.gov/nuccore/NR_175712
NR_175713,Amanita sabulosa,holotype,high,GenBank /type_material qualifier,holotype of Amanita sabulosa,PERTH:09178759,MW775291,yes,1,NR_175713 Amanita sabulosa PERTH:09178759,https://www.ncbi.nlm.nih.gov/nuccore/NR_175713
NR_175728,Hydnum ventricosum,holotype,high,GenBank /type_material qualifier,holotype of Hydnum ventricosum,IFP:019478,MW980561,yes,1,NR_175728 Hydnum ventricosum IFP:019478 China,https://www.ncbi.nlm.nih.gov/nuccore/NR_175728
NR_175732,Hydnum flabellatum,holotype,high,GenBank /type_material qualifier,holotype of Hydnum flabellatum,IFP:019459,MW980575,yes,1,NR_175732 Hydnum flabellatum IFP:019459 China,https://www.ncbi.nlm.nih.gov/nuccore/NR_175732
NR_175754,Phallus rigidiindusiatus,holotype,high,GenBank /type_material qualifier,holotype of Phallus rigidiindusiatus,GDGM:81196,MZ890337,yes,1,NR_175754 Phallus rigidiindusiatus GDGM:81196 Guangdong CN,https://www.ncbi.nlm.nih.gov/nuccore/NR_175754
NR_176104,Teunomyces basidiocarpi,holotype,high,GenBank /type_material qualifier,holotype of Teunomyces basidiocarpi,BCRC:23475,HM461641,no,1,NR_176104 Teunomyces basidiocarpi,https://www.ncbi.nlm.nih.gov/nuccore/NR_176104
NR_176106,Jorgewrightia violacea,holotype,high,GenBank /type_material qualifier,holotype of Megasporoporia violacea,BJFC:Cui 6570,JQ780393,yes,1,NR_176106 Jorgewrightia violacea BJFC:Cui 6570,https://www.ncbi.nlm.nih.gov/nuccore/NR_176106
NR_176107,[Galerina] alpestris f. annulata,holotype,high,GenBank /type_material qualifier,holotype of Galerina alpestris f. annulata,AH:43923,KC602411,yes,1,NR_176107 [Galerina] alpestris f. annulata AH:43923,https://www.ncbi.nlm.nih.gov/nuccore/NR_176107
NR_176120,Krasilnikovozyma curviuscula,ex-holotype,high,GenBank /type_material qualifier,culture from holotype of Mrakia curviuscula,PYCC:5836,MF372124,yes,1,NR_176120 Krasilnikovozyma curviuscula Russia,https://www.ncbi.nlm.nih.gov/nuccore/NR_176120
NR_176145,Clavaria apulica,holotype,high,GenBank /type_material qualifier,holotype of Clavaria apulica,AMB:150,MT853065,yes,1,NR_176145 Clavaria apulica AMB:150 Taranto IT,https://www.ncbi.nlm.nih.gov/nuccore/NR_176145
NR_176148,Cotylidia fibrae,holotype,high,GenBank /type_material qualifier,holotype of Cotylidia fibrae,BJTC:FM639,MW485002,yes,1,NR_176148 Cotylidia fibrae BJTC:FM639 China,https://www.ncbi.nlm.nih.gov/nuccore/NR_176148
NR_176157,Inocybe corsica,holotype,high,GenBank /type_material qualifier,holotype of Inocybe corsica,AH:51900,MZ308644,yes,1,NR_176157 Inocybe corsica AH:51900 Corsica FR,https://www.ncbi.nlm.nih.gov/nuccore/NR_176157
NR_176162,Chlorosplenium sinochlora,holotype,high,GenBank /type_material qualifier,holotype of Chlorosplenium sinochlora,HMAS:290873,MZ914622,yes,1,NR_176162 Chlorosplenium sinochlora HMAS:290873 China,https://www.ncbi.nlm.nih.gov/nuccore/NR_176162
NR_176163,Chlorosplenium sinicum,holotype,high,GenBank /type_material qualifier,holotype of Chlorosplenium sinicum,HMAS:255822,MZ914624,yes,1,NR_176163 Chlorosplenium sinicum HMAS:255822 China,https://www.ncbi.nlm.nih.gov/nuccore/NR_176163
NR_176164,Inocybe proteica,holotype,high,GenBank /type_material qualifier,holotype of Inocybe proteica,STU:SMNS-STU-F-0901658,OK057140,yes,1,NR_176164 Inocybe proteica STU:SMNS-STU-F-0901658,https://www.ncbi.nlm.nih.gov/nuccore/NR_176164
NR_176172,Inocybe filiana,holotype,high,GenBank /type_material qualifier,holotype of Inocybe filiana,STU:SMNS-STU-F-0901602,OK057192,yes,1,NR_176172 Inocybe filiana STU:SMNS-STU-F-0901602 Germany,https://www.ncbi.nlm.nih.gov/nuccore/NR_176172
NR_176173,Inocybe galactica,holotype,high,GenBank /type_material qualifier,holotype of Inocybe galactica,STU:SMNS-STU-F-0901613,OK057196,yes,1,NR_176173 Inocybe galactica STU:SMNS-STU-F-0901613 Germany,https://www.ncbi.nlm.nih.gov/nuccore/NR_176173
NR_176184,Inocybe caesaraugustae,holotype,high,GenBank /type_material qualifier,holotype of Inocybe caesaraugustae,AH:56200,OL352083,yes,1,NR_176184 Inocybe caesaraugustae AH:56200 Zaragoza ES,https://www.ncbi.nlm.nih.gov/nuccore/NR_176184
NR_176207,Otidea parvula,holotype,high,GenBank /type_material qualifier,holotype of Otidea parvula,BJTC:FM210-A,OM743965,yes,1,NR_176207 Otidea parvula BJTC:FM210-A Shanxi CN,https://www.ncbi.nlm.nih.gov/nuccore/NR_176207
NR_176208,Otidea khakicolorata,holotype,high,GenBank /type_material qualifier,holotype of Otidea khakicolorata,BJTC:FM107,OM743967,yes,1,NR_176208 Otidea khakicolorata BJTC:FM107 Shanxi CN,https://www.ncbi.nlm.nih.gov/nuccore/NR_176208
NR_176209,Otidea purpureobrunnea,holotype,high,GenBank /type_material qualifier,holotype of Otidea purpureobrunnea,BJTC:FM1048,OM743974,yes,1,NR_176209 Otidea purpureobrunnea BJTC:FM1048 Shanxi CN,https://www.ncbi.nlm.nih.gov/nuccore/NR_176209
NR_176696,Hydnum albopallidum,holotype,high,GenBank /type_material qualifier,holotype of Hydnum albopallidum,TUMH:63997,LC621807,no,1,NR_176696 Hydnum albopallidum TUMH:63997 Yamanashi JP,https://www.ncbi.nlm.nih.gov/nuccore/NR_176696
NR_176700,Hydnum subberkeleyanum,holotype,high,GenBank /type_material qualifier,holotype of Hydnum subberkeleyanum,TUMH:64075,LC621881,no,1,NR_176700 Hydnum subberkeleyanum TUMH:64075 Yamanashi JP,https://www.ncbi.nlm.nih.gov/nuccore/NR_176700
NR_176766,Cortinarius sinensis,holotype,high,GenBank /type_material qualifier,holotype of Cortinarius sinensis,HMAS:99105,OK490138,yes,1,NR_176766 Cortinarius sinensis HMAS:99105,https://www.ncbi.nlm.nih.gov/nuccore/NR_176766
NR_176780,Cortinarius subnymphatus,holotype,high,GenBank /type_material qualifier,holotype of Cortinarius subnymphatus,HMJAU:48633,OM001513,yes,1,NR_176780 Cortinarius subnymphatus HMJAU:48633 China,https://www.ncbi.nlm.nih.gov/nuccore/NR_176780
NR_177122,Marasmius luteoolivaceus,holotype,high,GenBank /type_material qualifier,holotype of Marasmius luteoolivaceus,SP:445574,KP635182,yes,1,NR_177122 Marasmius luteoolivaceus SP:445574 Brazil,https://www.ncbi.nlm.nih.gov/nuccore/NR_177122
NR_177124,Marasmius pallidibrunneus,holotype,high,GenBank /type_material qualifier,holotype of Marasmius pallidibrunneus,SP:445668,KP635186,yes,1,NR_177124 Marasmius pallidibrunneus SP:445668 Brazil,https://www.ncbi.nlm.nih.gov/nuccore/NR_177124
NR_177141,Phaeoclavulina caroviridula,holotype,high,GenBank /type_material qualifier,holotype of Phaeoclavulina caroviridula,AMB:18535,MT055919,yes,1,NR_177141 Phaeoclavulina caroviridula AMB:18535 Pisa IT,https://www.ncbi.nlm.nih.gov/nuccore/NR_177141
NR_177154,Diatrype quercicola,ex-holotype,high,GenBank /type_material qualifier,culture from holotype of Diatrype quercicola,CFCC:52418,MW632938,yes,1,NR_177154 Diatrype quercicola CN,https://www.ncbi.nlm.nih.gov/nuccore/NR_177154
NR_177155,Diatrype castaneicola,ex-holotype,high,GenBank /type_material qualifier,culture from holotype of Diatrype castaneicola,CFCC:52425,MW632941,yes,1,NR_177155 Diatrype castaneicola CN,https://www.ncbi.nlm.nih.gov/nuccore/NR_177155
NR_177181,Linderina pennispora,type,high,GenBank /type_material qualifier,type material of Linderina pennispora,ATCC:12442,OL739378,yes,1,NR_177181.1 Linderina pennispora culture_collection ATCC:12442 type material,https://www.ncbi.nlm.nih.gov/nuccore/NR_177181
NR_177182,Amanita pallidoverruca,holotype,high,GenBank /type_material qualifier,holotype of Amanita pallidoverruca,HKAS:99345,OM509735,yes,1,NR_177182 Amanita pallidoverruca HKAS:99345 China,https://www.ncbi.nlm.nih.gov/nuccore/NR_177182
NR_177471,Inocybe pseudoreducta,holotype,high,GenBank /type_material qualifier,holotype of Inocybe pseudoreducta,M:0138786,KY213955,yes,1,NR_177471 Inocybe pseudoreducta M:0138786,https://www.ncbi.nlm.nih.gov/nuccore/NR_177471
NR_177490,Marasmius gracilis,holotype,high,GenBank /type_material qualifier,holotype of Marasmius gracilis,SP:445425,MN714038,yes,1,NR_177490 Marasmius gracilis SP:445425,https://www.ncbi.nlm.nih.gov/nuccore/NR_177490
NR_177493,Tropicoporus nullisetus,holotype,high,GenBank /type_material qualifier,holotype of Tropicoporus nullisetus,URM<BRA>:94074,MN795129,yes,1,NR_177493 Tropicoporus nullisetus URM:94074 Alagoas BR,https://www.ncbi.nlm.nih.gov/nuccore/NR_177493
NR_177499,Marasmius neocrinis-equi,holotype,high,GenBank /type_material qualifier,holotype of Marasmius neocrinis-equi,BRG:RAK 555,MN930529,yes,1,NR_177499 Marasmius neocrinis-equi BRG:RAK 555 Guyana,https://www.ncbi.nlm.nih.gov/nuccore/NR_177499
NR_177510,Phlebiopsis magnicystidiata,holotype,high,GenBank /type_material qualifier,holotype of Phlebiopsis magnicystidiata,BJFC:026710,MT386377,yes,1,NR_177510 Phlebiopsis magnicystidiata BJFC 026710 from TYPE material BJFC:026710,https://www.ncbi.nlm.nih.gov/nuccore/NR_177510
NR_177511,Phlebiopsis sinensis,holotype,high,GenBank /type_material qualifier,holotype of Phlebiopsis sinensis,BJFC:024192,MT386397,yes,1,NR_177511 Phlebiopsis sinensis BJFC:024192,https://www.ncbi.nlm.nih.gov/nuccore/NR_177511
NR_177512,Phlebiopsis membranacea,holotype,high,GenBank /type_material qualifier,holotype of Phlebiopsis membranacea,BJFC:022351,MT386401,yes,1,NR_177512 Phlebiopsis membranacea BJFC 022351 from TYPE material BJFC:022351,https://www.ncbi.nlm.nih.gov/nuccore/NR_177512
NR_177517,Bovista pezica,holotype,high,GenBank /type_material qualifier,holotype of Bovista pezica,CORD:LSD3230,MT444002,yes,1,NR_177517 Bovista pezica CORD:LSD3230,https://www.ncbi.nlm.nih.gov/nuccore/NR_177517
NR_177520,Phlebiopsis brunnea,holotype,high,GenBank /type_material qualifier,holotype of Phlebiopsis brunnea,BJFC:030689,MT452527,yes,1,NR_177520 Phlebiopsis brunnea BJFC:030689,https://www.ncbi.nlm.nih.gov/nuccore/NR_177520
NR_177521,Phlebiopsis brunneocystidiata,holotype,high,GenBank /type_material qualifier,holotype of Phanerochaete brunneocystidiata,TNM:F8832,MT561707,yes,1,NR_177521 Phlebiopsis brunneocystidiata TNM:F8832,https://www.ncbi.nlm.nih.gov/nuccore/NR_177521
NR_177540,Octaviania tomentosa,holotype,high,GenBank /type_material qualifier,holotype of Octaviania tomentosa,KPM:NC 27954,MT934800,yes,1,NR_177540 Octaviania tomentosa KPM:NC 27954 Ibaraki JP,https://www.ncbi.nlm.nih.gov/nuccore/NR_177540
NR_177568,Phellodon cinereofuscus,holotype,high,GenBank /type_material qualifier,holotype of Phellodon cinereofuscus,BJFC:030261,MZ225583,yes,1,NR_177568 Phellodon cinereofuscus BJFC:030261,https://www.ncbi.nlm.nih.gov/nuccore/NR_177568
NR_177579,Cercophora dulciaquae,holotype,high,GenBank /type_material qualifier,holotype of Cercophora dulciaquae,MFLU:21-0122,MZ497331,yes,1,NR_177579 Cercophora dulciaquae MFLU:21-0122 Chiang Mai TH,https://www.ncbi.nlm.nih.gov/nuccore/NR_177579
NR_177621,Favolaschia longistipitata,holotype,high,GenBank /type_material qualifier,holotype of Favolaschia longistipitata,BJFC:031474,MZ661784,yes,1,NR_177621 Favolaschia longistipitata BJFC:031474,https://www.ncbi.nlm.nih.gov/nuccore/NR_177621
NR_177630,Entoloma pallidostriatum,holotype,high,GenBank /type_material qualifier,holotype of Entoloma pallidostriatum,L:0607566,OL343531,yes,1,NR_177630 Entoloma pallidostriatum L:0607566 Barcelona ES,https://www.ncbi.nlm.nih.gov/nuccore/NR_177630
NR_177633,Entoloma perfidodiscum,holotype,high,GenBank /type_material qualifier,holotype of Entoloma perfidodiscum,L:0607586,OL343534,yes,1,NR_177633 Entoloma perfidodiscum L:0607586,https://www.ncbi.nlm.nih.gov/nuccore/NR_177633
NR_178105,Gymnoascus uncinatus,ex-holotype,high,GenBank /type_material qualifier,culture from holotype of Gymnoascus uncinatus,CBS:408.72,KT155648,yes,1,NR_178105 Gymnoascus uncinatus Illinois US,https://www.ncbi.nlm.nih.gov/nuccore/NR_178105
NR_178112,Gymnoascus exasperatus,ex-holotype,high,GenBank /type_material qualifier,culture from holotype of Gymnoascus exasperatus,CGMCC:3.17923,KU746682,yes,1,NR_178112 Gymnoascus exasperatus China,https://www.ncbi.nlm.nih.gov/nuccore/NR_178112
NR_178137,Fulvifomes subindicus,holotype,high,GenBank /type_material qualifier,holotype of Fulvifomes subindicus,BJFC:025275,MH390435,yes,1,NR_178137 Fulvifomes subindicus BJFC:025275 China,https://www.ncbi.nlm.nih.gov/nuccore/NR_178137
NR_178143,Tolypocladium lignicola,ex-holotype,high,GenBank /type_material qualifier,culture from holotype of Tolypocladium lignicola,CBS:489.83,MH861631,yes,1,NR_178143 Fungi Ontario CA,https://www.ncbi.nlm.nih.gov/nuccore/NR_178143
NR_178148,Fomitiporia eucalypti,holotype,high,GenBank /type_material qualifier,holotype of Fomitiporia eucalypti,BJFC:Dai 18586A,MH971172,yes,1,NR_178148 Fomitiporia eucalypti BJFC:Dai 18586A Australia,https://www.ncbi.nlm.nih.gov/nuccore/NR_178148
NR_178149,Fomitiporia tasmanica,holotype,high,GenBank /type_material qualifier,holotype of Fomitiporia tasmanica,BJFC:Dai 18793,MH971173,yes,1,NR_178149 Fomitiporia tasmanica BJFC:Dai 18793 Australia,https://www.ncbi.nlm.nih.gov/nuccore/NR_178149
NR_178150,Parachaetomium inaequale,type,high,GenBank /type_material qualifier,type material of Thielavia inaequalis,CBS:331.75,MK919306,yes,1,NR_178150 Parachaetomium inaequale,https://www.ncbi.nlm.nih.gov/nuccore/NR_178150
NR_178156,Tuber davidlopezii,holotype,high,GenBank /type_material qualifier,holotype of Tuber davidlopezii,MUB:Fung-1001,MW340905,yes,1,NR_178156 Tuber davidlopezii MUB:Fung-1001 Cáceres ES,https://www.ncbi.nlm.nih.gov/nuccore/NR_178156
NR_178171,Amanita verna,epitype,high,GenBank /type_material qualifier,epitype of Amanita verna,PC:HR56.31,OM451534,yes,1,NR_178171 Amanita verna PC HR56.31 from TYPE material PC:HR56.31,https://www.ncbi.nlm.nih.gov/nuccore/NR_178171
NR_182322,Cosmospora lavitskiae,type,high,GenBank /type_material qualifier,type material of Gliomastix lavitskiae,IMI:133984,KJ676167,yes,1,NR_182322 Cosmospora lavitskiae Ukraine,https://www.ncbi.nlm.nih.gov/nuccore/NR_182322
NR_182332,Fulvifomes nakasoneae,isotype,high,GenBank /type_material qualifier,isotype of Fulvifomes nakasoneae,BJFC:JV 1109_62,MH390407,yes,1,NR_182332 Fulvifomes nakasoneae BJFC:JV 1109_62 United States,https://www.ncbi.nlm.nih.gov/nuccore/NR_182332
NR_182364,Pseudosperma amabile,holotype,high,GenBank /type_material qualifier,holotype of Pseudosperma amabile,STU:SMNSSTU-F-0901460,MW010031,yes,1,NR_182364 Pseudosperma amabile STU:SMNSSTU-F-0901460 Germany,https://www.ncbi.nlm.nih.gov/nuccore/NR_182364
NR_182377,Epichloe scottii,ex-type,high,GenBank /type_material qualifier,culture from type material of Epichloe scottii,DSM:112488,MZ147888,yes,1,NR_182377 Epichloe scottii Germany,https://www.ncbi.nlm.nih.gov/nuccore/NR_182377
NR_182383,Geastrum yanshanense,holotype,high,GenBank /type_material qualifier,holotype of Geastrum yanshanense,BJTC:381,MZ508878,yes,1,NR_182383 Geastrum yanshanense BJTC:381,https://www.ncbi.nlm.nih.gov/nuccore/NR_182383
NR_182388,Lobaria devkotae,holotype,high,GenBank /type_material qualifier,holotype of Lobaria devkotae,KUN:19-64564,MZ724567,yes,1,NR_182388 Lobaria devkotae KUN:19-64564 Guangdong CN,https://www.ncbi.nlm.nih.gov/nuccore/NR_182388
NR_182398,Gibellula longicaudata,ex-holotype,high,GenBank /type_material qualifier,culture from holotype of Gibellula longicaudata,BCC<THA>:40861,OK040730,yes,1,NR_182398 Gibellula longicaudata Thailand,https://www.ncbi.nlm.nih.gov/nuccore/NR_182398
NR_182416,Pluteus pseudoinsidiosus,holotype,high,GenBank /type_material qualifier,holotype of Pluteus pseudoinsidiosus,LIP:0401350,ON118392,yes,1,NR_182416 Pluteus pseudoinsidiosus LIP:0401350 France,https://www.ncbi.nlm.nih.gov/nuccore/NR_182416
NR_182421,Otidea bomiensis,holotype,high,GenBank /type_material qualifier,holotype of Otidea bomiensis,HMAS:52743,ON544012,yes,1,NR_182421 Otidea bomiensis HMAS:52743 Tibet Autonomous Region CN,https://www.ncbi.nlm.nih.gov/nuccore/NR_182421
NR_182422,Otidea gongnaisiensis,holotype,high,GenBank /type_material qualifier,holotype of Otidea gongnaisiensis,HMAS:69951,ON550580,yes,1,NR_182422 Otidea gongnaisiensis HMAS:69951 China,https://www.ncbi.nlm.nih.gov/nuccore/NR_182422
NR_182423,Otidea shennongjiana,holotype,high,GenBank /type_material qualifier,holotype of Otidea shennongjiana,HMAS:53691,ON551356,yes,1,NR_182423 Otidea shennongjiana HMAS:53691 China,https://www.ncbi.nlm.nih.gov/nuccore/NR_182423
NR_182441,Amaurodon caeruleocaseus,holotype,high,GenBank /type_material qualifier,holotype of Amaurodon caeruleocaseus,MEL:2231735,KP311452,yes,1,NR_182441 Amaurodon caeruleocaseus MEL:2231735 Australia,https://www.ncbi.nlm.nih.gov/nuccore/NR_182441
NR_182493,Circinotrichum australiense,ex-holotype,high,GenBank /type_material qualifier,culture from holotype of Circinotrichum australiense,CPC:41017,ON400741,yes,1,NR_182493 Circinotrichum australiense Australia,https://www.ncbi.nlm.nih.gov/nuccore/NR_182493
NR_182495,Selenodriella brasiliana,ex-holotype,high,GenBank /type_material qualifier,culture from holotype of Selenodriella brasiliana,MUCL:41176,ON400769,yes,1,NR_182495 Selenodriella brasiliana Brazil,https://www.ncbi.nlm.nih.gov/nuccore/NR_182495
NR_182501,Neoacrodontium gallicum,ex-holotype,high,GenBank /type_material qualifier,culture from holotype of Neoacrodontium gallicum,CBS:148941,ON603775,yes,1,NR_182501 Neoacrodontium gallicum France,https://www.ncbi.nlm.nih.gov/nuccore/NR_182501
NR_182522,Cortinarius vikingus,holotype,high,GenBank /type_material qualifier,holotype of Cortinarius vikingus,K(M):001434192,OP295484,no,1,NR_182522 Cortinarius vikingus K(M):001434192,https://www.ncbi.nlm.nih.gov/nuccore/NR_182522
NR_182523,Cortinarius vicus,holotype,high,GenBank /type_material qualifier,holotype of Cortinarius vicus,K(M):161301,OP295485,no,1,NR_182523 Cortinarius vicus K(M):161301 England GB,https://www.ncbi.nlm.nih.gov/nuccore/NR_182523
NR_182549,Agaricus purpureosquamulosus,holotype,high,GenBank /type_material qualifier,holotype of Agaricus purpureosquamulosus,CUH:AM716,OL467541,yes,1,NR_182549 Agaricus purpureosquamulosus CUH:AM716 West Bengal IN,https://www.ncbi.nlm.nih.gov/nuccore/NR_182549
NR_182552,Lactarius vulgaris,holotype,high,GenBank /type_material qualifier,holotype of Lactarius vulgaris,MHHNU:31934,OL770177,yes,1,NR_182552 Lactarius vulgaris MHHNU:31934 Hunan CN,https://www.ncbi.nlm.nih.gov/nuccore/NR_182552
NR_182561,Gymnopus tiliicola,holotype,high,GenBank /type_material qualifier,holotype of Gymnopus tiliicola,HMJAU:60304,OM030275,yes,1,NR_182561 Gymnopus tiliicola HMJAU:60304 China,https://www.ncbi.nlm.nih.gov/nuccore/NR_182561
NR_182581,Arthromyces glabriceps,holotype,high,GenBank /type_material qualifier,holotype of Arthromyces glabriceps,PUL:F29136,OM905939,yes,1,NR_182581 Arthromyces glabriceps PUL:F29136 Guyana,https://www.ncbi.nlm.nih.gov/nuccore/NR_182581
NR_182592,Pluteus farensis,holotype,high,GenBank /type_material qualifier,holotype of Pluteus farensis,GDOR:5085,ON118388,yes,1,NR_182592 Pluteus farensis GDOR:5085 Italy,https://www.ncbi.nlm.nih.gov/nuccore/NR_182592
NR_182601,Dictyochaeta guizhouensis,ex-holotype,high,GenBank /type_material qualifier,culture from holotype of Dictyochaeta guizhouensis,GZCC:22-0083,ON502899,yes,1,NR_182601 Dictyochaeta guizhouensis China,https://www.ncbi.nlm.nih.gov/nuccore/NR_182601
NR_182686,Cortinarius subsanguineus,holotype,high,GenBank /type_material qualifier,holotype of Cortinarius subsanguineus,HMAS:250503,MK411450,yes,1,NR_182686 Cortinarius subsanguineus HMAS:250503,https://www.ncbi.nlm.nih.gov/nuccore/NR_182686
NR_182712,Amanita ravicrocina,holotype,high,GenBank /type_material qualifier,holotype of Amanita ravicrocina,CMUB:39967,OM040568,yes,1,NR_182712 Amanita ravicrocina CMUB:39967 Sakon Nakhon TH,https://www.ncbi.nlm.nih.gov/nuccore/NR_182712
NR_182744,Clitopilus chichawatniensis,holotype,high,GenBank /type_material qualifier,holotype of Clitopilus chichawatniensis,LAH:37431,ON980767,yes,1,NR_182744 Clitopilus chichawatniensis LAH:37431 Pakistan,https://www.ncbi.nlm.nih.gov/nuccore/NR_182744
NR_182784,Calonarius violaceipes,holotype,high,GenBank /type_material qualifier,holotype of Cortinarius violaceipes,PC:4731,DQ663371,yes,1,NR_182784 Calonarius violaceipes PC:4731,https://www.ncbi.nlm.nih.gov/nuccore/NR_182784
NR_182807,Xanthoperenniporia punctata,holotype,high,GenBank /type_material qualifier,holotype of Perenniporia punctata,BJFC:Dai17923,MG869687,yes,1,NR_182807 Fungi China: Hubei Province,https://www.ncbi.nlm.nih.gov/nuccore/NR_182807
NR_182809,Agaricus atroumbonatus,holotype,high,GenBank /type_material qualifier,holotype of Agaricus atroumbonatus,LAH:35353,MH997905,yes,1,NR_182809 Agaricus atroumbonatus LAH:35353 Pakistan,https://www.ncbi.nlm.nih.gov/nuccore/NR_182809
NR_182813,Inocybe murina,holotype,high,GenBank /type_material qualifier,holotype of Inocybe murina,GB:0156960,MK153678,yes,1,NR_182813 Inocybe murina GB:0156960 Sweden,https://www.ncbi.nlm.nih.gov/nuccore/NR_182813
NR_182823,Kneiffiella eucalypticola,holotype,high,GenBank /type_material qualifier,holotype of Kneiffiella eucalypticola,MEL:LWZ20180509-11,MT319410,yes,1,NR_182823 Kneiffiella eucalypticola MEL:LWZ20180509-11,https://www.ncbi.nlm.nih.gov/nuccore/NR_182823
NR_182824,Hyphodontia wongiae,holotype,high,GenBank /type_material qualifier,holotype of Hyphodontia wongiae,HMAS:LWZ20180414-16,MT319414,yes,1,NR_182824 Hyphodontia wongiae HMAS:LWZ20180414-16,https://www.ncbi.nlm.nih.gov/nuccore/NR_182824
NR_182828,Xylodon acystidiatus,holotype,high,GenBank /type_material qualifier,holotype of Xylodon acystidiatus,MEL:LWZ20180514-9,MT319474,yes,1,NR_182828 Xylodon acystidiatus MEL:LWZ20180514-9,https://www.ncbi.nlm.nih.gov/nuccore/NR_182828
NR_182860,Austropostia hirsuta,holotype,high,GenBank /type_material qualifier,holotype of Austropostia hirsuta,BJFC:Cui16660,MW377267,yes,1,NR_182860 Austropostia hirsuta BJFC:Cui16660 Australia,https://www.ncbi.nlm.nih.gov/nuccore/NR_182860
NR_182861,Austropostia plumbea,holotype,high,GenBank /type_material qualifier,holotype of Austropostia plumbea,BJFC:Cui16550,MW377270,yes,1,NR_182861 Austropostia plumbea BJFC:Cui16550 Australia,https://www.ncbi.nlm.nih.gov/nuccore/NR_182861
NR_182862,Austropostia subpunctata,holotype,high,GenBank /type_material qualifier,holotype of Austropostia subpunctata,BJFC:Cui16675,MW377273,yes,1,NR_182862 Austropostia subpunctata BJFC:Cui16675 Argentina,https://www.ncbi.nlm.nih.gov/nuccore/NR_182862
NR_182865,Fuscopostia subfragilis,holotype,high,GenBank /type_material qualifier,holotype of Fuscopostia subfragilis,BJFC:Cui16302,MW377297,yes,1,NR_182865 Fuscopostia subfragilis BJFC:Cui16302 China,https://www.ncbi.nlm.nih.gov/nuccore/NR_182865
NR_182870,Resinoporia luteola,holotype,high,GenBank /type_material qualifier,holotype of Resinoporia luteola,BJFC:Cui16474,MW377321,yes,1,NR_182870.1 Resinoporia luteola specimen_voucher BJFC Cui16474 Viet Nam holotype Resinoporia luteola,https://www.ncbi.nlm.nih.gov/nuccore/NR_182870
NR_182873,Fusicolla quarantenae,ex-holotype,high,GenBank /type_material qualifier,culture from holotype of Fusicolla quarantenae,CBS:141541,MW553789,yes,1,NR_182873 / MW553789 Fusicolla quarantenae Brazil,https://www.ncbi.nlm.nih.gov/nuccore/NR_182873
NR_182876,Mycena yuezhuoi,holotype,high,GenBank /type_material qualifier,holotype of Mycena yuezhuoi,FFAAS:0345,MW581491,yes,1,NR_182876.1 Mycena yuezhuoi FFAAS 0345 ITS region; from TYPE,https://www.ncbi.nlm.nih.gov/nuccore/NR_182876
NR_182889,Atheniella flavida,holotype,high,GenBank /type_material qualifier,holotype of Atheniella flavida,FFAAS:0350,MW969653,yes,1,NR_182889 Atheniella flavida FFAAS:0350 China,https://www.ncbi.nlm.nih.gov/nuccore/NR_182889
NR_182917,Agaricus carassaii,holotype,high,GenBank /type_material qualifier,holotype of Agaricus carassaii,AH:56324,MZ457903,yes,1,NR_182917 Agaricus carassaii AH:56324 Macerata IT,https://www.ncbi.nlm.nih.gov/nuccore/NR_182917
NR_182925,Sanghuangporus lagerstroemiae,holotype,high,GenBank /type_material qualifier,holotype of Sanghuangporus lagerstroemiae,BJFC:025860,MZ484582,yes,1,NR_182925 Sanghuangporus lagerstroemiae BJFC:025860 Vietnam,https://www.ncbi.nlm.nih.gov/nuccore/NR_182925
NR_182927,Tropicoporus hainanicus,holotype,high,GenBank /type_material qualifier,holotype of Tropicoporus hainanicus,BJFC:025237,MZ484588,yes,1,NR_182927 Tropicoporus hainanicus BJFC:025237 China,https://www.ncbi.nlm.nih.gov/nuccore/NR_182927
NR_182928,Tropicoporus minor,holotype,high,GenBank /type_material qualifier,holotype of Tropicoporus minor,BJFC:032793,MZ484592,yes,1,NR_182928 Tropicoporus minor BJFC:032793 Malaysia,https://www.ncbi.nlm.nih.gov/nuccore/NR_182928
NR_182929,Tropicoporus lineatus,holotype,high,GenBank /type_material qualifier,holotype of Tropicoporus lineatus,BJFC:032850,MZ484594,yes,1,NR_182929 Tropicoporus lineatus BJFC:032850 Malaysia,https://www.ncbi.nlm.nih.gov/nuccore/NR_182929
NR_182931,Tropicoporus tenuis,holotype,high,GenBank /type_material qualifier,holotype of Tropicoporus tenuis,BJFC:031375,MZ484598,yes,1,NR_182931 Tropicoporus tenuis BJFC:031375 China,https://www.ncbi.nlm.nih.gov/nuccore/NR_182931
NR_182932,Inonotus vietnamensis,holotype,high,GenBank /type_material qualifier,holotype of Inonotus vietnamensis,BJFC:025811,MZ484612,yes,1,NR_182932 Inonotus vietnamensis BJFC 025811 from TYPE material,https://www.ncbi.nlm.nih.gov/nuccore/NR_182932
NR_182976,Xylodon punctus,holotype,high,GenBank /type_material qualifier,holotype of Xylodon punctus,SWFC:CLZhao17691,OM338092,yes,1,NR_182976 Xylodon punctus SWFC:CLZhao17691 China,https://www.ncbi.nlm.nih.gov/nuccore/NR_182976
NR_182982,Endothia cerciana,ex-holotype,high,GenBank /type_material qualifier,culture from holotype of Endothia cerciana,CGMCC:3.20105,OM801201,yes,1,NR_182982 Endothia cerciana,https://www.ncbi.nlm.nih.gov/nuccore/NR_182982
NR_182983,Antella tibetica,holotype,high,GenBank /type_material qualifier,holotype of Antella tibetica,BJFC:037905,OM855604,yes,1,NR_182983 Antella tibetica BJFC:037905 Tibet Autonomous Region CN,https://www.ncbi.nlm.nih.gov/nuccore/NR_182983
NR_182990,Cortinarius llaveroi,holotype,high,GenBank /type_material qualifier,holotype of Cortinarius llaveroi,JA:9620,ON009063,yes,1,NR_182990 Cortinarius llaveroi JA:9620 Jaén ES,https://www.ncbi.nlm.nih.gov/nuccore/NR_182990
NR_183000,Cortinarius giennensis,holotype,high,GenBank /type_material qualifier,holotype of Cortinarius giennensis,JA:9621,ON303996,yes,1,NR_183000 Cortinarius giennensis JA:9621 Jaén ES,https://www.ncbi.nlm.nih.gov/nuccore/NR_183000
NR_183025,Gyromitra venenata,isotype,high,GenBank /type_material qualifier,isotype of Gyromitra venenata,MHHNU:7671,MK253752,yes,1,NR_183025 Gyromitra venenata MHHNU:7671,https://www.ncbi.nlm.nih.gov/nuccore/NR_183025
NR_184358,Sphaeropezia leucocheila,holotype,high,GenBank /type_material qualifier,holotype of Sphaeropezia leucocheila,PDD:98299,MK547090,yes,1,NR_184358 Sphaeropezia leucocheila PDD:98299 New Zealand,https://www.ncbi.nlm.nih.gov/nuccore/NR_184358
NR_184466,Crustomyces tephroleucus,holotype,high,GenBank /type_material qualifier,holotype of Rigidotubus tephroleucus,BJFC:Cui 13717,MF290417,yes,1,NR_184466.1 Crustomyces tephroleucus BJFC Cui 13717 ITS region; from TYPE material,https://www.ncbi.nlm.nih.gov/nuccore/NR_184466
NR_184489,Onnia himalayana,holotype,high,GenBank /type_material qualifier,holotype of Onnia himalayana,BJFC:037194,OM677247,yes,1,NR_184489 Onnia himalayana BJFC:037194,https://www.ncbi.nlm.nih.gov/nuccore/NR_184489
NR_184502,Inocybe freyae,holotype,high,GenBank /type_material qualifier,holotype of Inocybe freyae,STU:SMNS-STU-F-0901673,ON003431,yes,1,NR_184502 Inocybe freyae STU:SMNS-STU-F-0901673 Germany,https://www.ncbi.nlm.nih.gov/nuccore/NR_184502
NR_184508,Inocybe oloris,holotype,high,GenBank /type_material qualifier,holotype of Inocybe oloris,STU:SMNS-STU-F-0901681,ON003437,yes,1,NR_184508 Inocybe oloris STU:SMNS-STU-F-0901681 Germany,https://www.ncbi.nlm.nih.gov/nuccore/NR_184508
NR_184510,Inocybe coriacea,holotype,high,GenBank /type_material qualifier,holotype of Inocybe coriacea,STU:SMNS-STU-F-0901683,ON003439,yes,1,NR_184510 Inocybe coriacea STU:SMNS-STU-F-0901683 Germany,https://www.ncbi.nlm.nih.gov/nuccore/NR_184510
NR_184513,Mallocybe plebeia,holotype,high,GenBank /type_material qualifier,holotype of Mallocybe plebeia,STU:SMNS-STU-F-0901665,ON003442,yes,1,NR_184513 Mallocybe plebeia STU:SMNS-STU-F-0901665 Germany,https://www.ncbi.nlm.nih.gov/nuccore/NR_184513
NR_184516,Crustomyces albidus,holotype,high,GenBank /type_material qualifier,holotype of Crustomyces albidus,BJFC:033109,ON117191,yes,1,NR_184516.1 Crustomyces albidus BJFC 033109 ITS region; from TYPE material,https://www.ncbi.nlm.nih.gov/nuccore/NR_184516
NR_184876,Lepiota squamulodiffracta,holotype,high,GenBank /type_material qualifier,holotype of Lepiota squamulodiffracta,JBSD:CA21,KR022006,yes,1,NR_184876 Lepiota squamulodiffracta JBSD:CA21 Puerto Plata DO,https://www.ncbi.nlm.nih.gov/nuccore/NR_184876
NR_184878,Geopyxis delectans,lectotype,high,GenBank /type_material qualifier,lectotype of Geopyxis delectans,S:F11221,KU932498,yes,1,NR_184878 Geopyxis delectans,https://www.ncbi.nlm.nih.gov/nuccore/NR_184878
NR_184918,Gymnopus brunneiniger,holotype,high,GenBank /type_material qualifier,holotype of Gymnopus brunneiniger,XAL:Cesar 49,MT232389,yes,1,NR_184918 Gymnopus brunneiniger XAL:Cesar 49 Veracruz MX,https://www.ncbi.nlm.nih.gov/nuccore/NR_184918
NR_184944,Xylaria theaceicola,holotype,high,GenBank /type_material qualifier,holotype of Xylaria theaceicola,ATCH:FCATAS903,MZ648848,yes,1,NR_184944 Xylaria theaceicola ATCH:FCATAS903 Yunnan CN,https://www.ncbi.nlm.nih.gov/nuccore/NR_184944
NR_184952,Hypoxylon cyclobalanopsidis,holotype,high,GenBank /type_material qualifier,holotype of Hypoxylon cyclobalanopsidis,ATCH:FCATAS2714,OL467298,yes,1,NR_184952 Hypoxylon cyclobalanopsidis ATCH:FCATAS2714 Hainan CN,https://www.ncbi.nlm.nih.gov/nuccore/NR_184952
NR_184972,Hypoxylon zangii,holotype,high,GenBank /type_material qualifier,holotype of Hypoxylon zangii,ATCH:FCATAS4029,ON075423,yes,1,NR_184972 Hypoxylon zangii ATCH:FCATAS4029 Tibet Autonomous Region CN,https://www.ncbi.nlm.nih.gov/nuccore/NR_184972
NR_184975,Pluteus assimilatus,holotype,high,GenBank /type_material qualifier,holotype of Pluteus assimilatus,LE<RUS>:313452,ON118385,yes,1,NR_184975 Pluteus assimilatus LE:313452 Russia,https://www.ncbi.nlm.nih.gov/nuccore/NR_184975
NR_185380,Tremella ananatis,holotype,high,GenBank /type_material qualifier,holotype of Tremella ananatis,CBS:14568,KY305139,yes,1,NR_185380 Tremella ananatis Brazil,https://www.ncbi.nlm.nih.gov/nuccore/NR_185380
NR_185410,Boletellus domingensis,holotype,high,GenBank /type_material qualifier,holotype of Boletellus domingensis,CFMR:DR-573 DJL-DR-29,MN250195,yes,1,NR_185410 Boletellus domingensis CFMR:DR-573 DJL-DR-29 Dominican Republic,https://www.ncbi.nlm.nih.gov/nuccore/NR_185410
NR_185417,Cortinarius cesarioanus,holotype,high,GenBank /type_material qualifier,holotype of Cortinarius cesarioanus,OTA:62371,MT921423,yes,1,NR_185417 Cortinarius cesarioanus OTA:62371 New Zealand,https://www.ncbi.nlm.nih.gov/nuccore/NR_185417
NR_185424,Inocybe rubidofracta,holotype,high,GenBank /type_material qualifier,holotype of Inocybe rubidofracta,TR:Tr-gmb-00980,MW845927,yes,1,NR_185424 Inocybe rubidofracta TR:Tr-gmb-00980 Italy,https://www.ncbi.nlm.nih.gov/nuccore/NR_185424
NR_185436,Inocybe velata,holotype,high,GenBank /type_material qualifier,holotype of Inocybe velata,MCVE:23506,OP164047,yes,1,NR_185436 Inocybe velata MCVE 23506 from TYPE material,https://www.ncbi.nlm.nih.gov/nuccore/NR_185436
NR_185465,Pleurocordyceps ophiocordycipiticola,holotype,high,GenBank /type_material qualifier,holotype of Pleurocordyceps ophiocordycipiticola,MFLU:22-0265,OQ127364,yes,1,NR_185465 Pleurocordyceps ophiocordycipiticola MFLU:22-0265 Chiang Mai TH,https://www.ncbi.nlm.nih.gov/nuccore/NR_185465
NR_185512,Agaricus deardorffensis,holotype,high,GenBank /type_material qualifier,holotype of Agaricus deardorffensis,SFSU:ECV4226,KJ609493,yes,1,NR_185512 Agaricus deardorffensis SFSU:ECV4226 California US,https://www.ncbi.nlm.nih.gov/nuccore/NR_185512
NR_185518,Lactarius dombangensis,type,high,GenBank /type_material qualifier,type material of Lactarius dombangensis,GENT:AVKDKVP-09-020,KT165258,yes,1,NR_185518 Lactarius dombangensis GENT:AVKDKVP-09-020 India,https://www.ncbi.nlm.nih.gov/nuccore/NR_185518
NR_185520,Lactarius lachungensis,type,high,GenBank /type_material qualifier,type material of Lactarius lachungensis,GENT:AVKDKVP-09-009,KT165283,yes,1,NR_185520 Lactarius lachungensis GENT:AVKDKVP-09-009 India,https://www.ncbi.nlm.nih.gov/nuccore/NR_185520
NR_185561,Clavulina purpurascens,holotype,high,GenBank /type_material qualifier,holotype of Clavulina purpurascens,MHHNU:9848,MK564137,yes,1,NR_185561 Clavulina purpurascens MHHNU:9848,https://www.ncbi.nlm.nih.gov/nuccore/NR_185561
NR_185610,Puccinia digitaticoronata,holotype,high,GenBank /type_material qualifier,holotype of Puccinia digitaticoronata,HMJAU:8782,MW404711,yes,1,NR_185610 Puccinia digitaticoronata HMJAU:8782 China,https://www.ncbi.nlm.nih.gov/nuccore/NR_185610
NR_185617,Puccinia oncospora,holotype,high,GenBank /type_material qualifier,holotype of Puccinia oncospora,HMJAU:8692,MW404821,yes,1,NR_185617 Puccinia oncospora HMJAU:8692 China,https://www.ncbi.nlm.nih.gov/nuccore/NR_185617
NR_185625,Trechispora bambusicola,holotype,high,GenBank /type_material qualifier,holotype of Trechispora bambusicola,SWFC:CLZhao 3305,MW544022,yes,1,NR_185625 Trechispora bambusicola SWFC:CLZhao 3305 China,https://www.ncbi.nlm.nih.gov/nuccore/NR_185625
NR_185649,Xenasmatella nigroidea,holotype,high,GenBank /type_material qualifier,holotype of Xenasmatella nigroidea,SWFC:CLZhao 18333,OK045680,yes,1,NR_185649 Xenasmatella nigroidea SWFC:CLZhao 18333 China,https://www.ncbi.nlm.nih.gov/nuccore/NR_185649
NR_185652,Butyriboletus sinoregius,holotype,high,GenBank /type_material qualifier,holotype of Butyriboletus sinoregius,BJTC:FM755,OK490346,yes,1,NR_185652 Butyriboletus sinoregius BJTC:FM755 China,https://www.ncbi.nlm.nih.gov/nuccore/NR_185652
NR_185705,Agaricus arabiensis,holotype,high,GenBank /type_material qualifier,holotype of Agaricus arabiensis,SQUH:SNT007,OM971855,yes,1,NR_185705 Agaricus arabiensis SQUH:SNT007 Oman,https://www.ncbi.nlm.nih.gov/nuccore/NR_185705
NR_185717,Clavaria hupingshanensis,holotype,high,GenBank /type_material qualifier,holotype of Clavaria hupingshanensis,MHHNU:7362,ON228396,yes,1,NR_185717 Clavaria hupingshanensis MHHNU:7362,https://www.ncbi.nlm.nih.gov/nuccore/NR_185717
NR_185721,Boletellus brunoflavus,holotype,high,GenBank /type_material qualifier,holotype of Boletellus brunoflavus,GDGM:87996,ON364059,yes,1,NR_185721 Boletellus brunoflavus GDGM:87996,https://www.ncbi.nlm.nih.gov/nuccore/NR_185721
NR_185791,Podospora dennisiae,holotype,high,GenBank /type_material qualifier,holotype of Podospora dennisiae,BRIP:74887a,OP903481,yes,1,NR_185791 Podospora dennisiae Queensland AU,https://www.ncbi.nlm.nih.gov/nuccore/NR_185791
NR_185809,Pseudohydnum sinobisporum,holotype,high,GenBank /type_material qualifier,holotype of Pseudohydnum sinobisporum,HMJAU:SYL2307,OP965348,yes,1,NR_185809 Pseudohydnum sinobisporum HMJAU:SYL2307 China,https://www.ncbi.nlm.nih.gov/nuccore/NR_185809
NR_185817,Agrocybe striatipes,holotype,high,GenBank /type_material qualifier,holotype of Agrocybe striatipes,HMAS:286942,OQ186168,yes,1,NR_185817 Fungi HMAS:286942,https://www.ncbi.nlm.nih.gov/nuccore/NR_185817
NR_186909,Geosmithia longistipitata,ex-holotype,high,GenBank /type_material qualifier,culture from holotype of Geosmithia longistipitata,CCF<CZE>:4210,HE604154,no,1,NR_186909 Geosmithia longistipitata CCF 4210 from TYPE material Poland,https://www.ncbi.nlm.nih.gov/nuccore/NR_186909
NR_186913,Agaricus sodalis,holotype,high,GenBank /type_material qualifier,holotype of Agaricus sodalis,MFLU:12-0987,KP715161,yes,1,NR_186913 Agaricus sodalis MFLU:12-0987 Thailand,https://www.ncbi.nlm.nih.gov/nuccore/NR_186913
NR_186919,Agaricus sparsisquamosus,holotype,high,GenBank /type_material qualifier,holotype of Agaricus sparsisquamosus,LAH:35201,KY741892,yes,1,NR_186919 / KY741893 Agaricus sparsisquamosus LAH:35201 Pakistan,https://www.ncbi.nlm.nih.gov/nuccore/NR_186919
NR_186926,Meripilus sulphureus,holotype,high,GenBank /type_material qualifier,holotype of Physisporinus sulphureus,BJFC:Dai 17839,MG132179,yes,1,NR_186926 Meripilus sulphureus BJFC Dai 17839 from TYPE material Singapore,https://www.ncbi.nlm.nih.gov/nuccore/NR_186926
NR_186950,Russula indonigra,holotype,high,GenBank /type_material qualifier,holotype of Russula indonigra,CAL:1815,MT889672,yes,1,NR_186950 Russula indonigra CAL:1815 Uttarakhand IN,https://www.ncbi.nlm.nih.gov/nuccore/NR_186950
NR_186978,Ramaricium yunnanense,holotype,high,GenBank /type_material qualifier,holotype of Ramaricium yunnanense,SWFC:CLZhao 4179,MZ746098,yes,1,NR_186978 Ramaricium yunnanense SWFC:CLZhao 4179,https://www.ncbi.nlm.nih.gov/nuccore/NR_186978
NR_187024,Szczepkamyces quercicola,holotype,high,GenBank /type_material qualifier,holotype of Szczepkamyces quercicola,BJFC:037385,ON584554,yes,1,NR_187024 Szczepkamyces quercicola BJFC:037385,https://www.ncbi.nlm.nih.gov/nuccore/NR_187024
NR_187032,Chalara longiphora,holotype,high,GenBank /type_material qualifier,holotype of Chalara longiphora,HMAS:352177,ON993933,yes,1,NR_187032 Chalara longiphora Zhejiang CN,https://www.ncbi.nlm.nih.gov/nuccore/NR_187032
NR_187046,Nagrajchalara jonesii,ex-holotype,high,GenBank /type_material qualifier,culture from holotype of Nagrajchalara jonesii,CGMCC:3.23460,ON994075,yes,1,NR_187046 Nagrajchalara jonesii Zhejiang CN,https://www.ncbi.nlm.nih.gov/nuccore/NR_187046
NR_187069,Amanita cretaceaverruca,holotype,high,GenBank /type_material qualifier,holotype of Amanita cretaceaverruca,PERTH:09479627,OP235484,yes,1,NR_187069 Amanita cretaceaverruca PERTH:09479627 Australia,https://www.ncbi.nlm.nih.gov/nuccore/NR_187069
NR_187070,Amanita cretaceaverruca,holotype,high,GenBank /type_material qualifier,holotype of Amanita cretaceaverruca,PERTH:09479627,OP235485,yes,1,NR_187070 Amanita cretaceaverruca PERTH:09479627 Australia,https://www.ncbi.nlm.nih.gov/nuccore/NR_187070
NR_187071,Amanita cretaceaverruca,holotype,high,GenBank /type_material qualifier,holotype of Amanita cretaceaverruca,PERTH:09479627,OP235486,yes,1,NR_187071 Amanita cretaceaverruca PERTH:09479627,https://www.ncbi.nlm.nih.gov/nuccore/NR_187071
NR_187079,Otidea macrospora,holotype,high,GenBank /type_material qualifier,holotype of Otidea macrospora,HKAS:104688,OP291052,yes,1,NR_187079 Otidea macrospora HKAS:104688 North Holland NL,https://www.ncbi.nlm.nih.gov/nuccore/NR_187079
NR_187080,Otidea ovalispora,holotype,high,GenBank /type_material qualifier,holotype of Otidea ovalispora,HKAS:104658,OP291055,yes,1,NR_187080 Otidea ovalispora HKAS:104658 Yunnan CN,https://www.ncbi.nlm.nih.gov/nuccore/NR_187080
NR_187089,Coniophora yunnanensis,holotype,high,GenBank /type_material qualifier,holotype of Coniophora yunnanensis,SWFC:CLZhao 3594,OP901837,yes,1,NR_187089 Coniophora yunnanensis SWFC:CLZhao 3594,https://www.ncbi.nlm.nih.gov/nuccore/NR_187089
NR_189359,Claviceps litoralis,neotype,high,GenBank /type_material qualifier,neotype of Claviceps litoralis,TNS:F-96439,LC681715,no,1,NR_189359 Claviceps litoralis TNS:F-96439 Hokkaido JP,https://www.ncbi.nlm.nih.gov/nuccore/NR_189359
NR_189375,Hydnum subolympicum,holotype,high,GenBank /type_material qualifier,holotype of Hydnum subolympicum,DAOM:744368,MH174257,yes,1,NR_189375 Hydnum subolympicum DAOM:744368 Newfoundland and Labrador CA,https://www.ncbi.nlm.nih.gov/nuccore/NR_189375
NR_189398,Mallocybe montana,holotype,high,GenBank /type_material qualifier,holotype of Mallocybe montana,TENN:067500,OP046392,yes,1,NR_189398 iNat178774291 Mallocybe montana TENN:067500 North Carolina US,https://www.ncbi.nlm.nih.gov/nuccore/NR_189398
NR_189408,Inocybe trochili,holotype,high,GenBank /type_material qualifier,holotype of Inocybe trochili,STU:SMNS-STU-F-0901768,OQ324781,yes,1,NR_189408 Inocybe trochili STU:SMNS-STU-F-0901768 Germany,https://www.ncbi.nlm.nih.gov/nuccore/NR_189408
NR_189415,Inocybe urdiae,holotype,high,GenBank /type_material qualifier,holotype of Inocybe urdiae,STU:SMNS-STU-F-0901783,OQ324789,yes,1,NR_189415 Inocybe urdiae STU:SMNS-STU-F-0901783 Norway,https://www.ncbi.nlm.nih.gov/nuccore/NR_189415
NR_189570,Gongromerizella silvana,ex-holotype,high,GenBank /type_material qualifier,culture from holotype of Gongromerizella silvana,CBS:171.76,OR134729,yes,1,NR_189570 Gongromerizella silvana Belgium,https://www.ncbi.nlm.nih.gov/nuccore/NR_189570
NR_189757,Rhodofomes subfeei,holotype,high,GenBank /type_material qualifier,holotype of Fomitopsis subfeei,BJFC:008169,KC507159,yes,1,NR_189757 Rhodofomes subfeei BJFC:008169 China,https://www.ncbi.nlm.nih.gov/nuccore/NR_189757
NR_189792,Agaricus rufifibrillosus,holotype,high,GenBank /type_material qualifier,holotype of Agaricus rufifibrillosus,HMAS:280110,KX684878,yes,1,NR_189792 Agaricus rufifibrillosus HMAS:280110 China,https://www.ncbi.nlm.nih.gov/nuccore/NR_189792
NR_189801,Ramaria sanguinea,epitype,high,GenBank /type_material qualifier,epitype of Clavaria sanguinea,AMB:18200,KY626159,yes,1,NR_189801 Ramaria sanguinea AMB:18200 Vicenza IT,https://www.ncbi.nlm.nih.gov/nuccore/NR_189801
NR_189846,Annulohypoxylon moniliformis,ex-holotype,high,GenBank /type_material qualifier,culture from holotype of Annulohypoxylon moniliformis,MFLUCC:18-1214,MZ463121,yes,1,NR_189846 Annulohypoxylon moniliformis China,https://www.ncbi.nlm.nih.gov/nuccore/NR_189846
NR_189851,Panaeolus punjabensis,holotype,high,GenBank /type_material qualifier,holotype of Panaeolus punjabensis,LAH:36793,MZ823627,yes,1,NR_189851 Panaeolus punjabensis LAH 36793 from TYPE material LAH:36793,https://www.ncbi.nlm.nih.gov/nuccore/NR_189851
NR_189868,Trechispora malayana,holotype,high,GenBank /type_material qualifier,holotype of Trechispora malayana,BJFC:025408,OM523452,yes,1,NR_189868 Trechispora malayana BJFC:025408 Central Singapore Community Development Council,https://www.ncbi.nlm.nih.gov/nuccore/NR_189868
NR_189875,Geastrum juliae,holotype,high,GenBank /type_material qualifier,holotype of Geastrum juliae,LE<RUS>:F335197,OM935687,yes,1,NR_189875 Geastrum juliae LE:F335197 Primorsky Krai RU,https://www.ncbi.nlm.nih.gov/nuccore/NR_189875
NR_189883,Fuscoporia dolichoseta,holotype,high,GenBank /type_material qualifier,holotype of Fuscoporia dolichoseta,SFC:20191015-23,ON427765,yes,1,NR_189883 Fuscoporia dolichoseta SFC:20191015-23 South Korea,https://www.ncbi.nlm.nih.gov/nuccore/NR_189883
NR_189890,Cystolepiota pyramidosquamulosa,holotype,high,GenBank /type_material qualifier,holotype of Cystolepiota pyramidosquamulosa,KUN-HKAS:53985,OP059088,yes,1,NR_189890 Cystolepiota pyramidosquamulosa KUN-HKAS:53985 North Holland NL,https://www.ncbi.nlm.nih.gov/nuccore/NR_189890
NR_189934,Pallidohirschioporus versicolor,holotype,high,GenBank /type_material qualifier,holotype of Pallidohirschioporus versicolor,BJFC:027800,OQ453386,yes,1,NR_189934 Pallidohirschioporus versicolor BJFC:027800 China,https://www.ncbi.nlm.nih.gov/nuccore/NR_189934
NR_189948,Scytinostroma beijingensis,holotype,high,GenBank /type_material qualifier,holotype of Scytinostroma beijingensis,BJFC:038905,OQ731943,yes,1,NR_189948 Scytinostroma beijingensis BJFC:038905 China,https://www.ncbi.nlm.nih.gov/nuccore/NR_189948
NR_189993,Entoloma moliniophilum,holotype,high,GenBank /type_material qualifier,holotype of Entoloma moliniophilum,GENT:T00110,OR326998,yes,1,NR_189993 Entoloma moliniophilum GENT:T00110 Belgium,https://www.ncbi.nlm.nih.gov/nuccore/NR_189993
NR_190942,Cortinarius flaureifolius,holotype,high,GenBank /type_material qualifier,holotype of Cortinarius flaureifolius,K:M 001434094,ON843398,yes,1,NR_190942 Cortinarius flaureifolius K:M 001434094 Florida US,https://www.ncbi.nlm.nih.gov/nuccore/NR_190942
NR_190948,Thaxterogaster americanoporphyropus,holotype,high,GenBank /type_material qualifier,holotype of Thaxterogaster americanoporphyropus,K:M 001434121,ON843425,yes,1,NR_190948 Thaxterogaster americanoporphyropus K:M 001434121,https://www.ncbi.nlm.nih.gov/nuccore/NR_190948
NR_190949,Thaxterogaster obscurovibratilis,holotype,high,GenBank /type_material qualifier,holotype of Thaxterogaster obscurovibratilis,K:M 001434124,ON843428,yes,1,NR_190949 Thaxterogaster obscurovibratilis K:M 001434124 California US,https://www.ncbi.nlm.nih.gov/nuccore/NR_190949
NR_190967,Chrysoporthe colombiana,ex-holotype,high,GenBank /type_material qualifier,culture from holotype of Chrysoporthe colombiana,CMW:55973,OQ298824,yes,1,NR_190967 Chrysoporthe colombiana Colombia,https://www.ncbi.nlm.nih.gov/nuccore/NR_190967
NR_190975,Clitocybe hypotheja,holotype,high,GenBank /type_material qualifier,holotype of Clitocybe hypotheja,MCVE:530,OR863443,yes,1,NR_190975 Clitocybe hypotheja MCVE:530 Nuoro IT,https://www.ncbi.nlm.nih.gov/nuccore/NR_190975
NR_191093,Tricholoma subumbrinum,holotype,high,GenBank /type_material qualifier,holotype of Tricholoma subumbrinum,MICH:12330,MN809571,yes,1,NR_191093 Tricholoma subumbrinum MICH 12330 from TYPE material MICH:12330,https://www.ncbi.nlm.nih.gov/nuccore/NR_191093
NR_191095,Blackwellomyces calendulinus,ex-holotype,high,GenBank /type_material qualifier,culture from holotype of Blackwellomyces calendulinus,BCC<THA>:68502,MT000695,yes,1,NR_191095 Blackwellomyces calendulinus Thailand,https://www.ncbi.nlm.nih.gov/nuccore/NR_191095
NR_191106,Pluteus pygmaeus,holotype,high,GenBank /type_material qualifier,holotype of Pluteus pygmaeus,LE<RUS>:313236,MT611235,yes,1,NR_191106 Pluteus pygmaeus LE 313236 from TYPE material,https://www.ncbi.nlm.nih.gov/nuccore/NR_191106
NR_191110,Pluteus pallidosquamulosus,holotype,high,GenBank /type_material qualifier,holotype of Pluteus pallidosquamulosus,LE<RUS>:313056,MT611240,yes,1,NR_191110 Pluteus pallidosquamulosus LE:313056 Vietnam,https://www.ncbi.nlm.nih.gov/nuccore/NR_191110
NR_191112,Cortinarius strobilaceus,holotype,high,GenBank /type_material qualifier,holotype of Cortinarius strobilaceus,IB:53/24,MT935457,yes,1,NR_191112 Cortinarius strobilaceus IB 53_24 from TYPE material IB:53/24,https://www.ncbi.nlm.nih.gov/nuccore/NR_191112
NR_191151,Butyriboletus brunneoides,holotype,high,GenBank /type_material qualifier,holotype of Butyriboletus brunneoides,BJTC:FM1816,OK490292,yes,1,NR_191151 Butyriboletus brunneoides BJTC:FM1816,https://www.ncbi.nlm.nih.gov/nuccore/NR_191151
NR_191222,Tarzetta tibetensis,holotype,high,GenBank /type_material qualifier,holotype of Tarzetta tibetensis,HKAS:127117,OQ422965,yes,1,NR_191222 Tarzetta tibetensis HKAS:127117,https://www.ncbi.nlm.nih.gov/nuccore/NR_191222
NR_191227,Pluteus ornatus,holotype,high,GenBank /type_material qualifier,holotype of Pluteus ornatus,LE<RUS>:F-347437,OQ732738,yes,1,NR_191227 Melanoleuca sp. 'BC01' LE:F-347437,https://www.ncbi.nlm.nih.gov/nuccore/NR_191227
NR_191257,Amphichorda littoralis,ex-holotype,high,GenBank /type_material qualifier,culture from holotype of Amphichorda littoralis,FMR:19404,OQ942924,yes,1,NR_191257 Amphichorda littoralis Spain,https://www.ncbi.nlm.nih.gov/nuccore/NR_191257
NR_191285,Helvella sulcatoides,holotype,high,GenBank /type_material qualifier,holotype of Helvella sulcatoides,BJTC:FM1416,OR355119,yes,1,NR_191285 Helvella sulcatoides BJTC:FM1416 China,https://www.ncbi.nlm.nih.gov/nuccore/NR_191285
NR_191288,Akanthomyces australiensis,holotype,high,GenBank /type_material qualifier,"holotype of Agaricus rhizoideus Y.P. Tan, Bishop-Hurley, R.G. Shivas & Marney, 2023",BRIP:72630a,OR527516,yes,1,NR_191288 Akanthomyces australiensis Queensland AU,https://www.ncbi.nlm.nih.gov/nuccore/NR_191288
NR_191293,Orbiocrella zlotorzyckae,holotype,high,GenBank /type_material qualifier,holotype of Orbiocrella zlotorzyckae,BRIP:72613a,OR527522,yes,1,NR_191293 Orbiocrella zlotorzyckae Queensland AU,https://www.ncbi.nlm.nih.gov/nuccore/NR_191293
NR_191304,Villoboletus persicinus,holotype,high,GenBank /type_material qualifier,holotype of Villoboletus persicinus,BJTC:FM1869,OR655135,yes,1,NR_191304 Villoboletus persicinus BJTC:FM1869 China,https://www.ncbi.nlm.nih.gov/nuccore/NR_191304
NR_191305,Caloboletus griseoflavus,holotype,high,GenBank /type_material qualifier,holotype of Caloboletus griseoflavus,BJTC:FM2438,OR655147,yes,1,NR_191305 Caloboletus griseoflavus BJTC:FM2438 China,https://www.ncbi.nlm.nih.gov/nuccore/NR_191305
NR_191339,Inocybe pinophila,holotype,high,GenBank /type_material qualifier,holotype of Inocybe pinophila,AMB:19334,PP065586,yes,1,NR_191339 Inocybe pinophila AMB:19334 Italy,https://www.ncbi.nlm.nih.gov/nuccore/NR_191339
NR_191340,Coprinellus maluruscyaneus,holotype,high,GenBank /type_material qualifier,holotype of Coprinellus maluruscyaneus,BRIP:76066a,PP081660,yes,1,NR_191340 Coprinellus maluruscyaneus Queensland AU,https://www.ncbi.nlm.nih.gov/nuccore/NR_191340
NR_197480,Fomitopsis fissa,holotype,high,GenBank /type_material qualifier,holotype of Fomitopsis fissa,H:7200197,ON994685,yes,1,NR_197480 Fomitopsis fissa H:7200197 California US,https://www.ncbi.nlm.nih.gov/nuccore/NR_197480
NR_197484,Fomitopsis solaris,holotype,high,GenBank /type_material qualifier,holotype of Fomitopsis solaris,LY:BR4732,ON994748,yes,1,NR_197484 Fomitopsis solaris LY BR4732 from TYPE material LY:BR4732 FR,https://www.ncbi.nlm.nih.gov/nuccore/NR_197484
NR_197518,Piloderma cinicola,holotype,high,GenBank /type_material qualifier,holotype of Piloderma cinicola,GB:0237575,OQ803267,yes,1,NR_197518 Piloderma cinicola GB:0237575 Sweden,https://www.ncbi.nlm.nih.gov/nuccore/NR_197518
NR_197523,Inocybe centesima,holotype,high,GenBank /type_material qualifier,holotype of Inocybe centesima,STU:SMNS-STU-F-0901749,OR102468,yes,1,NR_197523 Inocybe centesima STU:SMNS-STU-F-0901749 Germany,https://www.ncbi.nlm.nih.gov/nuccore/NR_197523
NR_197806,Lactarius aestivus,holotype,high,GenBank /type_material qualifier,holotype of Lactarius aestivus,GENT:JN 2008-032,KJ769670,yes,1,NR_197806 Lactarius aestivus GENT:JN 2008-032 United States,https://www.ncbi.nlm.nih.gov/nuccore/NR_197806
NR_197839,Cortinarius austroamericanus,isotype,high,GenBank /type_material qualifier,isotype of Cortinarius austroamericanus,K:235066,MF568549,yes,1,NR_197839 Cortinarius austroamericanus K:235066 Argentina,https://www.ncbi.nlm.nih.gov/nuccore/NR_197839
NR_197863,Chlorosplenium australiense,holotype,high,GenBank /type_material qualifier,holotype of Chlorosplenium australiense,PDD:117590,MW191760,yes,1,NR_197863 Chlorosplenium australiense PDD:117590 Australia,https://www.ncbi.nlm.nih.gov/nuccore/NR_197863
NR_197864,Chlorosplenium aotearoa,holotype,high,GenBank /type_material qualifier,holotype of Chlorosplenium aotearoa,PDD:99090,MW191761,yes,1,NR_197864 Chlorosplenium aotearoa PDD:99090 New Zealand,https://www.ncbi.nlm.nih.gov/nuccore/NR_197864
NR_197865,Chlorosplenium epimorsicum,holotype,high,GenBank /type_material qualifier,holotype of Chlorosplenium epimorsicum,PDD:93100,MW191762,yes,1,NR_197865 Chlorosplenium epimorsicum PDD:93100 New Zealand,https://www.ncbi.nlm.nih.gov/nuccore/NR_197865
NR_197873,Amanita virosa,neotype,high,GenBank /type_material qualifier,neotype of Amanita virosa,LIP:0402243,OM451556,yes,1,NR_197873 Amanita virosa LIP:0402243,https://www.ncbi.nlm.nih.gov/nuccore/NR_197873
NR_197880,Hebeloma angelesiense,holotype,high,GenBank /type_material qualifier,holotype of Hebeloma angelesiense,MICH:10729,OQ100100,yes,1,NR_197880 Hebeloma angelesiense MICH:10729 United States,https://www.ncbi.nlm.nih.gov/nuccore/NR_197880
NR_197886,Hebeloma pseudostrophosum,holotype,high,GenBank /type_material qualifier,holotype of Hebeloma pseudostrophosum,MICH:10795,OQ100113,yes,1,NR_197886 Hebeloma pseudostrophosum MICH:10795 United States,https://www.ncbi.nlm.nih.gov/nuccore/NR_197886
NR_197898,Chlorosplenium cusucoense,holotype,high,GenBank /type_material qualifier,holotype of Chlorosplenium cusucoense,PUL:F29694,OR653953,yes,1,NR_197898 Chlorosplenium cusucoense PUL:F29694 Cortés HN,https://www.ncbi.nlm.nih.gov/nuccore/NR_197898
NR_197905,Inocybe cuculi,holotype,high,GenBank /type_material qualifier,holotype of Inocybe cuculi,TUR:A182320,PP259063,yes,1,NR_197905 Inocybe cuculi TUR:A182320 Finland,https://www.ncbi.nlm.nih.gov/nuccore/NR_197905
NR_197920,Cladorrhinum carnegieae,ex-holotype,high,GenBank /type_material qualifier,culture from holotype of Cladorrhinum carnegieae,CBS:150814,PP791423,yes,1,NR_197920 Cladorrhinum carnegieae Arizona US,https://www.ncbi.nlm.nih.gov/nuccore/NR_197920
NR_197926,Acremonium agapanthi,ex-holotype,high,GenBank /type_material qualifier,culture from holotype of Acremonium agapanthi,CBS:150821,PP791429,yes,1,NR_197926 Acremonium agapanthi Western Cape ZA,https://www.ncbi.nlm.nih.gov/nuccore/NR_197926
NR_197979,Albatrellus piceiphilus,holotype,high,GenBank /type_material qualifier,holotype of Albatrellus piceiphilus,IFP:Cui2221,DQ789397,yes,1,NR_197979 Albatrellus piceiphilus IFP:Cui2221 China,https://www.ncbi.nlm.nih.gov/nuccore/NR_197979
NR_197980,Gloeoporus dichrous var. niger,holotype,high,GenBank /type_material qualifier,holotype of Ceriporiopsis nigra,O:17528,EU546098,yes,1,NR_197980 Gloeoporus dichrous var. niger O:17528 Norway,https://www.ncbi.nlm.nih.gov/nuccore/NR_197980
NR_197985,Psilocybe serbica var. moravica,holotype,high,GenBank /type_material qualifier,holotype of Psilocybe moravica,PRM:900455,GU565182,yes,1,NR_197985 Psilocybe serbica var. moravica PRM:900455 Czech Republic,https://www.ncbi.nlm.nih.gov/nuccore/NR_197985
NR_197991,Truncatoporia pyricola,holotype,high,GenBank /type_material qualifier,holotype of Perenniporia pyricola,BJFC:Dai 10265,JN048761,yes,1,NR_197991 Truncatoporia pyricola BJFC Dai 10265 from TYPE material China,https://www.ncbi.nlm.nih.gov/nuccore/NR_197991
NR_197994,Tropicoporia aridula,holotype,high,GenBank /type_material qualifier,holotype of Perenniporia aridula,BJFC:Dai12396,JQ001854,yes,1,NR_197994 Tropicoporia aridula BJFC Dai12396 from TYPE material China,https://www.ncbi.nlm.nih.gov/nuccore/NR_197994
NR_198007,Melanoleuca grammopodia,epitype,high,GenBank /type_material qualifier,epitype of Agaricus grammopodius,BRNM:761800,KP192272,yes,1,NR_198007.1 Melanoleuca grammopodia specimen_voucher BRNM 761800 epitype Melanoleuca grammopodia,https://www.ncbi.nlm.nih.gov/nuccore/NR_198007
NR_198013,Morchella laurentiana,holotype,high,GenBank /type_material qualifier,holotype of Morchella laurentiana,NRRL:66317,KT819378,yes,1,NR_198013 Morchella laurentiana,https://www.ncbi.nlm.nih.gov/nuccore/NR_198013
NR_198015,Fomitopsis kuzyana,epitype,high,GenBank /type_material qualifier,epitype of Trametes kuzyana,H:Vlasak9310_24,KU866246,yes,1,NR_198015 Fomitopsis kuzyana H:Vlasak9310_24 Slovakia,https://www.ncbi.nlm.nih.gov/nuccore/NR_198015
NR_198028,Rhytisma arcticum,holotype,high,GenBank /type_material qualifier,holotype of Rhytisma arcticum,TNS:F-99465,LC744039,no,1,NR_198028.1 Rhytisma arcticum HOLOTYPE Ellesemere Isl Canada (Xyloma Wang) Canada: Ellesemere Island,https://www.ncbi.nlm.nih.gov/nuccore/NR_198028
NR_198054,Gelacantha pura,holotype,high,GenBank /type_material qualifier,holotype of Gelacantha pura,LE<RUS>:254018,MK098882,yes,1,NR_198054 Gelacantha pura LE:254018 Russia,https://www.ncbi.nlm.nih.gov/nuccore/NR_198054
NR_198055,Leucoagaricus changamangaensis,holotype,high,GenBank /type_material qualifier,holotype of Leucoagaricus changamangaensis,LAH:02920,MK106152,yes,1,NR_198055 Leucoagaricus changamangaensis LAH:02920 Pakistan,https://www.ncbi.nlm.nih.gov/nuccore/NR_198055
NR_198061,Entoloma edulis,holotype,high,GenBank /type_material qualifier,holotype of Nolanea edulis var. concentrica,MICH:9131,MK169373,yes,1,NR_198061 Nolanea edulis var. concentrica MICH:9131 Oregon US,https://www.ncbi.nlm.nih.gov/nuccore/NR_198061
NR_198062,Xeromphalina brunneola,holotype,high,GenBank /type_material qualifier,holotype of Xeromphalina brunneola,MICH:5849,MK169375,yes,1,NR_198062 Xeromphalina brunneola MICH:5849 Idaho US,https://www.ncbi.nlm.nih.gov/nuccore/NR_198062
NR_198076,Boletus candidissimus,holotype,high,GenBank /type_material qualifier,holotype of Boletus candidissimus,LE<RUS>:315543,MN511176,yes,1,NR_198076 Boletus candidissimus LE:315543 Vietnam,https://www.ncbi.nlm.nih.gov/nuccore/NR_198076
NR_198077,Veloporphyrellus vulpinus,holotype,high,GenBank /type_material qualifier,holotype of Veloporphyrellus vulpinus,LE<RUS>:315544,MN511177,yes,1,NR_198077 Veloporphyrellus vulpinus LE:315544 Vietnam,https://www.ncbi.nlm.nih.gov/nuccore/NR_198077
NR_198083,Metarhizium eburneum,ex-holotype,high,GenBank /type_material qualifier,culture from holotype of Metarhizium eburneum,BCC<THA>:79252,MN781914,yes,1,NR_198083 Metarhizium eburneum Thailand,https://www.ncbi.nlm.nih.gov/nuccore/NR_198083
NR_198088,Tricholoma mutabile,holotype,high,GenBank /type_material qualifier,holotype of Tricholoma mutabile,SFSU:F-000788,MN809564,yes,1,NR_198088 Tricholoma mutabile SFSU:F-000788 California US,https://www.ncbi.nlm.nih.gov/nuccore/NR_198088
NR_198098,Melanoleuca polioleuca,epitype,high,GenBank /type_material qualifier,epitype of Agaricus melaleucus var. polioleucus,BRNM:817842,MT270947,yes,1,NR_198098 Melanoleuca polioleuca BRNM:817842 Italy,https://www.ncbi.nlm.nih.gov/nuccore/NR_198098
NR_198099,Melanoleuca variabilis,holotype,high,GenBank /type_material qualifier,holotype of Melanoleuca variabilis,BRNM:817829,MT270969,yes,1,NR_198099 Melanoleuca variabilis BRNM:817829 Czech Republic,https://www.ncbi.nlm.nih.gov/nuccore/NR_198099
NR_198100,Melanoleuca contracta,holotype,high,GenBank /type_material qualifier,holotype of Melanoleuca contracta,ANC:M0164,MT270981,yes,1,NR_198100 Melanoleuca contracta ANC:M0164 Italy,https://www.ncbi.nlm.nih.gov/nuccore/NR_198100
NR_198101,Melanoleuca albifolia,holotype,high,GenBank /type_material qualifier,holotype of Melanoleuca albifolia,L:0649920,MT270991,yes,1,NR_198101 Melanoleuca albifolia L:0649920 Netherlands,https://www.ncbi.nlm.nih.gov/nuccore/NR_198101
NR_198129,Tricholoma venenatoides,holotype,high,GenBank /type_material qualifier,holotype of Tricholoma venenatoides,WTU:F:073089,MW597303,yes,1,NR_198129 Tricholoma venenatoides WTU:F:073089 Colorado US,https://www.ncbi.nlm.nih.gov/nuccore/NR_198129
NR_198131,Melanogaster tomentellus,holotype,high,GenBank /type_material qualifier,holotype of Melanogaster tomentellus,BJTC:FAN539,MW598538,yes,1,NR_198131 Melanogaster tomentellus BJTC:FAN539 China,https://www.ncbi.nlm.nih.gov/nuccore/NR_198131
NR_198132,Tricholoma pallidogriseum,holotype,high,GenBank /type_material qualifier,holotype of Tricholoma pallidogriseum,DAOM:985245,MW627934,yes,1,NR_198132 Tricholoma pallidogriseum DAOM:985245 Quebec CA,https://www.ncbi.nlm.nih.gov/nuccore/NR_198132
NR_198144,Vuilleminia tropica,holotype,high,GenBank /type_material qualifier,holotype of Vuilleminia tropica,CAL:1845,MZ314343,yes,1,NR_198144 Vuilleminia tropica CAL:1845 Jharkhand IN,https://www.ncbi.nlm.nih.gov/nuccore/NR_198144
NR_198152,Gloeocystidiellum yunnanense,holotype,high,GenBank /type_material qualifier,holotype of Gloeocystidiellum yunnanense,SWFC:CLZhao7202,MZ710570,yes,1,NR_198152 Gloeocystidiellum yunnanense SWFC:CLZhao7202 China,https://www.ncbi.nlm.nih.gov/nuccore/NR_198152
NR_198164,Gautieria villosa var. inflata,holotype,high,GenBank /type_material qualifier,holotype of Gautieria villosa var. inflata,BCN:JMV20081021-5,OK999965,yes,1,NR_198164 Gautieria villosa var. inflata BCN:JMV20081021-5 Barcelona ES,https://www.ncbi.nlm.nih.gov/nuccore/NR_198164
NR_198166,Gautieria convoluta,holotype,high,GenBank /type_material qualifier,holotype of Gautieria convoluta,BCN:JMV20141014-27,OL304007,yes,1,NR_198166 Gautieria convoluta BCN:JMV20141014-27 Barcelona ES,https://www.ncbi.nlm.nih.gov/nuccore/NR_198166
NR_198167,Gautieria iberica,holotype,high,GenBank /type_material qualifier,holotype of Gautieria iberica,BCN:JMV800476,OL304010,yes,1,NR_198167 Gautieria iberica BCN:JMV800476 León ES,https://www.ncbi.nlm.nih.gov/nuccore/NR_198167
NR_198183,Volvariella orientalis,holotype,high,GenBank /type_material qualifier,holotype of Volvariella orientalis,LE<RUS>:313654,OL415619,yes,1,NR_198183 Volvariella orientalis LE:313654 Vietnam,https://www.ncbi.nlm.nih.gov/nuccore/NR_198183
NR_198209,Pseudohydnum meridianum,holotype,high,GenBank /type_material qualifier,holotype of Pseudohydnum meridianum,LE<RUS>:313568,OM451501,yes,1,NR_198209 Pseudohydnum meridianum LE:313568 Vietnam,https://www.ncbi.nlm.nih.gov/nuccore/NR_198209
NR_198212,Rubroboletus flammeus,holotype,high,GenBank /type_material qualifier,holotype of Rubroboletus flammeus,FHMU:6928,OM514348,yes,1,NR_198212 Rubroboletus flammeus FHMU:6928 Yunnan CN,https://www.ncbi.nlm.nih.gov/nuccore/NR_198212
NR_198215,Agrocybe eduardii,holotype,high,GenBank /type_material qualifier,holotype of Agrocybe eduardii,LE<RUS>:313652,OM524381,yes,1,NR_198215 Agrocybe eduardii LE:313652 Russia,https://www.ncbi.nlm.nih.gov/nuccore/NR_198215
NR_198231,Agaricus baiyunensis,holotype,high,GenBank /type_material qualifier,holotype of Agaricus baiyunensis,GDGM:87953,ON075801,yes,1,NR_198231 Agaricus baiyunensis GDGM:87953,https://www.ncbi.nlm.nih.gov/nuccore/NR_198231
NR_198238,Gymnopus subpolyphyllus,holotype,high,GenBank /type_material qualifier,holotype of Gymnopus subpolyphyllus,HMJAU:60999,ON259028,yes,1,NR_198238 Gymnopus subpolyphyllus HMJAU:60999 China,https://www.ncbi.nlm.nih.gov/nuccore/NR_198238
NR_198251,Lulesia nigrescens,epitype,high,GenBank /type_material qualifier,epitype of Rhodopaxillus nigrescens,AMB:18366,ON502704,yes,1,NR_198251 Lulesia nigrescens AMB:18366 Ragusa IT,https://www.ncbi.nlm.nih.gov/nuccore/NR_198251
NR_198261,Favolaschia semicircularis,holotype,high,GenBank /type_material qualifier,holotype of Favolaschia semicircularis,BJFC:031597,ON870508,yes,1,NR_198261 Favolaschia semicircularis BJFC:031597,https://www.ncbi.nlm.nih.gov/nuccore/NR_198261
NR_198264,Favolaschia tephroleuca,holotype,high,GenBank /type_material qualifier,holotype of Favolaschia tephroleuca,BJFC:036876,ON870522,yes,1,NR_198264 Favolaschia tephroleuca BJFC:036876,https://www.ncbi.nlm.nih.gov/nuccore/NR_198264
NR_198267,Clitopilus subalbidus,holotype,high,GenBank /type_material qualifier,holotype of Clitopilus subalbidus,GDGM:72219,ON963951,yes,1,NR_198267 Clitopilus subalbidus GDGM:72219 Guangdong CN,https://www.ncbi.nlm.nih.gov/nuccore/NR_198267
NR_198279,Tolypocladium valdiviae,holotype,high,GenBank /type_material qualifier,holotype of Tolypocladium valdiviae,SGO:171250,OP345930,yes,1,NR_198279 Tolypocladium valdiviae SGO:171250 Chile,https://www.ncbi.nlm.nih.gov/nuccore/NR_198279
NR_198293,Hygrophorus fragilipurpurascens,holotype,high,GenBank /type_material qualifier,holotype of Hygrophorus fragilipurpurascens,GDGM:44332,OP547632,yes,1,NR_198293.1 Hygrophorus fragilipurpurascens specimen_voucher GDGM:44332 China holotype Hygrophorus fragilipurpurascens,https://www.ncbi.nlm.nih.gov/nuccore/NR_198293
NR_198300,Hygrophorus sichuanensis,holotype,high,GenBank /type_material qualifier,holotype of Hygrophorus sichuanensis,GDGM:84471,OP547699,yes,1,NR_198300 Hygrophorus sichuanensis GDGM:84471 China,https://www.ncbi.nlm.nih.gov/nuccore/NR_198300
NR_198303,Hygrophorus fuscodiscus,holotype,high,GenBank /type_material qualifier,holotype of Hygrophorus fuscodiscus,GDGM:84677,OP547723,yes,1,NR_198303 Hygrophorus fuscodiscus GDGM:84677 China,https://www.ncbi.nlm.nih.gov/nuccore/NR_198303
NR_198305,Hygrophorus pseudodiscoideus,holotype,high,GenBank /type_material qualifier,holotype of Hygrophorus pseudodiscoideus,HMAS:277088,OP547744,yes,1,NR_198305.1 Hygrophorus pseudodiscoideus specimen_voucher HMAS:277088 China holotype Hygrophorus pseudodiscoideus,https://www.ncbi.nlm.nih.gov/nuccore/NR_198305
NR_198311,Camillea heterostomoides,holotype,high,GenBank /type_material qualifier,holotype of Camillea heterostomoides,HAST:145960,OP595160,yes,1,NR_198311 Camillea heterostomoides HAST:145960 French Guiana,https://www.ncbi.nlm.nih.gov/nuccore/NR_198311
NR_198313,Tremellochaete australiensis,holotype,high,GenBank /type_material qualifier,holotype of Tremellochaete australiensis,BJFC:027132,OP605377,yes,1,NR_198313 Tremellochaete australiensis BJFC:027132 Australia,https://www.ncbi.nlm.nih.gov/nuccore/NR_198313
NR_198316,Leucoagaricus glareicolor,holotype,high,GenBank /type_material qualifier,holotype of Leucoagaricus glareicolor,LAH:37456,OP605605,yes,1,NR_198316 Leucoagaricus glareicolor LAH:37456 Pakistan,https://www.ncbi.nlm.nih.gov/nuccore/NR_198316
NR_198317,Clitocybe tomentosa,holotype,high,GenBank /type_material qualifier,holotype of Clitocybe tomentosa,HKAS:123097,OP626919,yes,1,NR_198317 Clitocybe tomentosa HKAS:123097 Yunnan CN,https://www.ncbi.nlm.nih.gov/nuccore/NR_198317
NR_198327,Collybia subtropica,holotype,high,GenBank /type_material qualifier,holotype of Collybia subtropica,HKAS:123124,OP626975,yes,1,NR_198327 Collybia subtropica HKAS:123124 Yunnan CN,https://www.ncbi.nlm.nih.gov/nuccore/NR_198327
NR_198336,Marasmius centrocinnamomeus,holotype,high,GenBank /type_material qualifier,holotype of Marasmius centrocinnamomeus,SFC:20180704-02,OP730947,yes,1,NR_198336 Marasmius centrocinnamomeus SFC:20180704-02 South Korea,https://www.ncbi.nlm.nih.gov/nuccore/NR_198336
NR_198337,Marasmius ferrugineodiscus,holotype,high,GenBank /type_material qualifier,holotype of Marasmius ferrugineodiscus,SFC:20160714-57,OP730950,yes,1,NR_198337 Marasmius ferrugineodiscus SFC:20160714-57 South Korea,https://www.ncbi.nlm.nih.gov/nuccore/NR_198337
NR_198355,Tuber mongolicum,holotype,high,GenBank /type_material qualifier,holotype of Tuber mongolicum,HMJAU:65125,OP902309,yes,1,NR_198355 Tuber mongolicum HMJAU:65125,https://www.ncbi.nlm.nih.gov/nuccore/NR_198355
NR_198372,Stereopsis yunnanensis,holotype,high,GenBank /type_material qualifier,holotype of Stereopsis yunnanensis,SWFC:CLZhao3767,OQ148431,yes,1,NR_198372 Stereopsis yunnanensis SWFC:CLZhao3767 China,https://www.ncbi.nlm.nih.gov/nuccore/NR_198372
NR_198386,Elaphomyces americanus,holotype,high,GenBank /type_material qualifier,holotype of Elaphomyces americanus,OSC:81113,OQ357422,yes,1,NR_198386 Elaphomyces americanus OSC:81113 West Virginia US,https://www.ncbi.nlm.nih.gov/nuccore/NR_198386
NR_198414,Meruliopsis crystallina,holotype,high,GenBank /type_material qualifier,holotype of Meruliopsis crystallina,HMAS:LWZ20190726-28,OQ540906,yes,1,NR_198414 Meruliopsis crystallina HMAS:LWZ20190726-28,https://www.ncbi.nlm.nih.gov/nuccore/NR_198414
NR_198415,Lepiota baiyunensis,holotype,high,GenBank /type_material qualifier,holotype of Lepiota baiyunensis,GDGM:91089,OQ547186,yes,1,NR_198415 Lepiota baiyunensis GDGM 91089 from TYPE material China,https://www.ncbi.nlm.nih.gov/nuccore/NR_198415
NR_198420,Xylodon neotropicus,holotype,high,GenBank /type_material qualifier,holotype of Xylodon neotropicus,H:7075552,OQ645479,yes,1,NR_198420 Xylodon neotropicus H:7075552 Brazil,https://www.ncbi.nlm.nih.gov/nuccore/NR_198420
NR_198431,Xenasmatella hjortstamii,holotype,high,GenBank /type_material qualifier,holotype of Xenasmatella hjortstamii,HMAS:257912,OQ738200,yes,1,NR_198431 Xenasmatella hjortstamii HMAS:257912,https://www.ncbi.nlm.nih.gov/nuccore/NR_198431
NR_198435,Conocybe reniformis,holotype,high,GenBank /type_material qualifier,holotype of Conocybe reniformis,HMJAU:64942,OQ758108,yes,1,NR_198435 Conocybe reniformis HMJAU:64942,https://www.ncbi.nlm.nih.gov/nuccore/NR_198435
NR_198438,Conocybe hydrophila,holotype,high,GenBank /type_material qualifier,holotype of Conocybe hydrophila,HMJAU:64954,OQ758116,yes,1,NR_198438 Conocybe hydrophila HMJAU:64954,https://www.ncbi.nlm.nih.gov/nuccore/NR_198438
NR_198472,Camillea cribellum,holotype,high,GenBank /type_material qualifier,holotype of Camillea cribellum,HAST:145953,OQ871491,yes,1,NR_198472 Camillea cribellum HAST:145953 French Guiana,https://www.ncbi.nlm.nih.gov/nuccore/NR_198472
NR_198473,Camillea nitida,holotype,high,GenBank /type_material qualifier,holotype of Camillea nitida,HAST:145961,OQ871492,yes,1,NR_198473 Camillea nitida HAST:145961 French Guiana,https://www.ncbi.nlm.nih.gov/nuccore/NR_198473
NR_198480,Fanglania parasitica,holotype,high,GenBank /type_material qualifier,holotype of Fanglania parasitica,BJTC:201958,OQ944274,yes,1,NR_198480 Fanglania parasitica BJTC:201958 China,https://www.ncbi.nlm.nih.gov/nuccore/NR_198480
NR_198482,Rhytisma japonicum,holotype,high,GenBank /type_material qualifier,holotype of Rhytisma japonicum,BJTC:201943,OQ944276,yes,1,NR_198482 Rhytisma japonicum BJTC:201943 Japan,https://www.ncbi.nlm.nih.gov/nuccore/NR_198482
NR_198496,Lepiota brunneopileata,holotype,high,GenBank /type_material qualifier,holotype of Lepiota brunneopileata,LAH:37842,OQ970543,yes,1,NR_198496 Lepiota brunneopileata LAH:37842 Pakistan,https://www.ncbi.nlm.nih.gov/nuccore/NR_198496
NR_198498,Rickenella umbelliformis,holotype,high,GenBank /type_material qualifier,holotype of Rickenella umbelliformis,SFC:20150701-65,OQ996173,yes,1,NR_198498 Rickenella umbelliformis SFC:20150701-65 South Korea,https://www.ncbi.nlm.nih.gov/nuccore/NR_198498
NR_198519,Asterostroma yunnanense,holotype,high,GenBank /type_material qualifier,holotype of Asterostroma yunnanense,SWFC:CLZhao22781,OR048809,yes,1,NR_198519.1 Asterostroma yunnanense SWFC CLZhao22781 ITS region; from TYPE material,https://www.ncbi.nlm.nih.gov/nuccore/NR_198519
NR_198542,Hydnoporia pinicola,holotype,high,GenBank /type_material qualifier,holotype of Hydnoporia pinicola,SWFC:Zhao27180,OR094496,yes,1,NR_198542 Hydnoporia pinicola SWFC:Zhao27180 China,https://www.ncbi.nlm.nih.gov/nuccore/NR_198542
NR_198553,Cabalodontia lincangense,holotype,high,GenBank /type_material qualifier,holotype of Steccherinum lincangense,SWFC:Zhao24988,OR096196,yes,1,NR_198553 Steccherinum lincangense SWFC:Zhao24988 China,https://www.ncbi.nlm.nih.gov/nuccore/NR_198553
NR_198575,Xylodon bamburesupinus,holotype,high,GenBank /type_material qualifier,holotype of Xylodon bamburesupinus,SWFC:Zhao23088,OR167773,yes,1,NR_198575 Xylodon bamburesupinus SWFC:Zhao23088 China,https://www.ncbi.nlm.nih.gov/nuccore/NR_198575
NR_198605,Inocybe pseudomytiliodora,holotype,high,GenBank /type_material qualifier,holotype of Inocybe pseudomytiliodora,L:4343913,OR387050,yes,1,NR_198605 Inocybe pseudomytiliodora L:4343913 Netherlands,https://www.ncbi.nlm.nih.gov/nuccore/NR_198605
NR_198615,Coprinellus velutipes,holotype,high,GenBank /type_material qualifier,holotype of Coprinellus velutipes,HMJAU:67124,OR436396,yes,1,NR_198615 Coprinellus velutipes HMJAU:67124 China,https://www.ncbi.nlm.nih.gov/nuccore/NR_198615
NR_198623,Crustomyces juniperi,holotype,high,GenBank /type_material qualifier,holotype of Crustomyces juniperi,HMAS:LWZ20180905-5,OR557241,yes,1,NR_198623.1 Crustomyces juniperi HMAS LWZ20180905-5 ITS region; from TYPE material,https://www.ncbi.nlm.nih.gov/nuccore/NR_198623
NR_198624,Crustomyces scytinostromoides,holotype,high,GenBank /type_material qualifier,holotype of Crustomyces scytinostromoides,HMAS:LWZ20190808-14b,OR557244,yes,1,NR_198624.1 Crustomyces scytinostromoides HMAS LWZ20190808-14b ITS region; from TYPE material,https://www.ncbi.nlm.nih.gov/nuccore/NR_198624
NR_198628,Botryobasidium coniferarum,holotype,high,GenBank /type_material qualifier,holotype of Botryobasidium coniferarum,HMAS:LWZ20210928-3,OR557259,yes,1,NR_198628 Botryobasidium coniferarum HMAS:LWZ20210928-3,https://www.ncbi.nlm.nih.gov/nuccore/NR_198628
NR_198637,Volvariella latispora,holotype,high,GenBank /type_material qualifier,holotype of Volvariella latispora,AH:49362,OR671197,yes,1,NR_198637 Volvariella latispora AH:49362 Segovia ES,https://www.ncbi.nlm.nih.gov/nuccore/NR_198637
NR_198675,Hydnum sinorepandum,holotype,high,GenBank /type_material qualifier,holotype of Hydnum sinorepandum,GDGM:82445,OR947122,yes,1,NR_198675 Hydnum sinorepandum GDGM:82445 China,https://www.ncbi.nlm.nih.gov/nuccore/NR_198675
NR_198680,Conobolbitina micheliana,holotype,high,GenBank /type_material qualifier,holotype of Conobolbitina micheliana,HMJAU:65015,OR995677,yes,1,NR_198680 Conobolbitina micheliana HMJAU:65015,https://www.ncbi.nlm.nih.gov/nuccore/NR_198680
NR_198709,Gymnopus brunneostipitatus,holotype,high,GenBank /type_material qualifier,holotype of Gymnopus brunneostipitatus,HMJAU:60412,PP151535,yes,1,NR_198709 Gymnopus brunneostipitatus HMJAU:60412 Yunnan CN,https://www.ncbi.nlm.nih.gov/nuccore/NR_198709
NR_198710,Gymnopus conifericola,holotype,high,GenBank /type_material qualifier,holotype of Gymnopus conifericola,HMJAU:60414,PP151543,yes,1,NR_198710 Gymnopus conifericola HMJAU:60414 Yunnan CN,https://www.ncbi.nlm.nih.gov/nuccore/NR_198710
NR_198721,Inocybe sabuligena,holotype,high,GenBank /type_material qualifier,holotype of Inocybe sabuligena,AH:48210,PP262648,yes,1,NR_198721 Inocybe sabuligena AH:48210 Guadalajara ES,https://www.ncbi.nlm.nih.gov/nuccore/NR_198721
NR_198725,Pseudosperma pacis,holotype,high,GenBank /type_material qualifier,holotype of Pseudosperma pacis,STU:SMNS-STU-F-0901830,PP274009,yes,1,NR_198725 Pseudosperma pacis STU:SMNS-STU-F-0901830 Germany,https://www.ncbi.nlm.nih.gov/nuccore/NR_198725
NR_198728,Inocybe donata,holotype,high,GenBank /type_material qualifier,holotype of Inocybe donata,STU:SMNS-STU-F-0901821,PP274019,yes,1,NR_198728 Inocybe donata STU:SMNS-STU-F-0901821 Germany,https://www.ncbi.nlm.nih.gov/nuccore/NR_198728
NR_198750,Pluteus nigritus,holotype,high,GenBank /type_material qualifier,holotype of Pluteus nigritus,LE<RUS>:F-347544,PP583797,yes,1,NR_198750 Pluteus nigritus LE:F-347544 Russia,https://www.ncbi.nlm.nih.gov/nuccore/NR_198750
NR_198762,Xylodon wumengshanensis,holotype,high,GenBank /type_material qualifier,holotype of Xylodon wumengshanensis,SWFC:CLZhao32517,PP645439,yes,1,NR_198762 Xylodon wumengshanensis SWFC:CLZhao32517 China,https://www.ncbi.nlm.nih.gov/nuccore/NR_198762
NR_198773,Erysiphe pavoniae,holotype,high,GenBank /type_material qualifier,holotype of Oidium pavoniae,HAL:1432 F,PP681000,yes,1,NR_198773 Erysiphe pavoniae HAL 1432 F from TYPE material,https://www.ncbi.nlm.nih.gov/nuccore/NR_198773
NR_198802,Clavulina pallida,holotype,high,GenBank /type_material qualifier,holotype of Clavulina pallida,BJTC:C669,PP835329,yes,1,NR_198802 Clavulina pallida BJTC:C669 China,https://www.ncbi.nlm.nih.gov/nuccore/NR_198802
NR_198803,Clavulina chengdeensis,holotype,high,GenBank /type_material qualifier,holotype of Clavulina chengdeensis,BJTC:TX646,PP835331,yes,1,NR_198803 Clavulina chengdeensis BJTC:TX646 China,https://www.ncbi.nlm.nih.gov/nuccore/NR_198803
NR_198812,Rhizopogon lutescens,holotype,high,GenBank /type_material qualifier,holotype of Rhizopogon lutescens,MICH:5463,PP849548,yes,1,NR_198812 Rhizopogon lutescens MICH:5463 Idaho US,https://www.ncbi.nlm.nih.gov/nuccore/NR_198812
NR_198815,Rhizopogon inversus,holotype,high,GenBank /type_material qualifier,holotype of Rhizopogon inversus,MICH:36478,PP849561,yes,1,NR_198815 Rhizopogon inversus MICH:36478 New Mexico US,https://www.ncbi.nlm.nih.gov/nuccore/NR_198815
NR_198828,Mycena rubidofusca,holotype,high,GenBank /type_material qualifier,holotype of Mycena rubidofusca,AH:22265,PP868156,yes,1,NR_198828 Mycena rubidofusca AH:22265 Spain,https://www.ncbi.nlm.nih.gov/nuccore/NR_198828
NR_198834,Geosmithia capensis,ex-holotype,high,GenBank /type_material qualifier,culture from holotype of Geosmithia capensis,CMW:64002,PQ032691,yes,1,NR_198834 Geosmithia capensis Western Cape ZA,https://www.ncbi.nlm.nih.gov/nuccore/NR_198834
NR_199089,Inocybe praefarinacea,holotype,high,GenBank /type_material qualifier,holotype of Hebeloma praefarinaceum,TENN:F-021176,OP162984,yes,1,NR_199089 Inocybe praefarinacea TENN F-021176 from TYPE material,https://www.ncbi.nlm.nih.gov/nuccore/NR_199089
NR_199091,Thaxterogaster melleoamarus,holotype,high,GenBank /type_material qualifier,holotype of Thaxterogaster melleoamarus,H:7001075,OQ382911,yes,1,"NR_199091.1 Thaxterogaster melleoamarus specimen_voucher H:7001075 USA: Washington, SE of Seattle, SE of Fairwood centre, SE of Lake Youngs, Shadow Lake holotype",https://www.ncbi.nlm.nih.gov/nuccore/NR_199091
NR_199094,Thaxterogaster lodgeae,holotype,high,GenBank /type_material qualifier,holotype of Thaxterogaster lodgeae,WTU:DPL-11732,PP094940,yes,1,NR_199094 Thaxterogaster lodgeae WTU:DPL-11732 Texas US,https://www.ncbi.nlm.nih.gov/nuccore/NR_199094
NR_199118,Caligospora panamaensis,holotype,high,GenBank /type_material qualifier,holotype of Caligospora panamaensis,CBS:H-25470,PQ498941,yes,1,NR_199118 Caligospora panamaensis CBS:H-25470 Bukidnon PH,https://www.ncbi.nlm.nih.gov/nuccore/NR_199118
NR_199121,Iodophanus taxi,holotype,high,GenBank /type_material qualifier,holotype of Iodophanus taxi,CBS:H-25481,PQ498948,yes,1,NR_199121 Iodophanus taxi CBS:H-25481 Belgium,https://www.ncbi.nlm.nih.gov/nuccore/NR_199121
NR_199221,Infundibulicybe phaeocentralis,holotype,high,GenBank /type_material qualifier,holotype of Infundibulicybe phaeocentralis,BJTC:FM2899,PP492487,yes,1,NR_199221 Infundibulicybe phaeocentralis BJTC:FM2899 China,https://www.ncbi.nlm.nih.gov/nuccore/NR_199221
NR_199224,Ramaria platyrugosa,holotype,high,GenBank /type_material qualifier,holotype of Ramaria platyrugosa,BJTC:FM3526,PP537925,yes,1,NR_199224 Ramaria platyrugosa BJTC:FM3526 China,https://www.ncbi.nlm.nih.gov/nuccore/NR_199224
NR_199226,Ramaria cyanophila,holotype,high,GenBank /type_material qualifier,holotype of Ramaria cyanophila,BJTC:FM2557,PP537933,yes,1,NR_199226 Ramaria cyanophila BJTC:FM2557 China,https://www.ncbi.nlm.nih.gov/nuccore/NR_199226
NR_199227,Ramaria lingkongshanensis,holotype,high,GenBank /type_material qualifier,holotype of Ramaria lingkongshanensis,BJTC:FM1723,PP537934,yes,1,NR_199227 Ramaria lingkongshanensis BJTC:FM1723 China,https://www.ncbi.nlm.nih.gov/nuccore/NR_199227
NR_199240,Albatrellus subpes-caprae,holotype,high,GenBank /type_material qualifier,holotype of Albatrellus subpes-caprae,BJFC:037606,PQ032042,yes,1,NR_199240 Albatrellus subpes-caprae BJFC:037606,https://www.ncbi.nlm.nih.gov/nuccore/NR_199240
NR_199735,Jackrogersella cohaerens,ex-epitype,high,GenBank /type_material qualifier,culture from epitype of Sphaeria cohaerens,CBS:119126,KY610396,yes,1,NR_199735 Jackrogersella cohaerens Germany,https://www.ncbi.nlm.nih.gov/nuccore/NR_199735
NR_199779,Inocybe leucophaea,holotype,high,GenBank /type_material qualifier,holotype of Inocybe leucophaea,PC:0088783,PQ526676,yes,1,NR_199779 Inocybe leucophaea PC:0088783 Lusaka ZM,https://www.ncbi.nlm.nih.gov/nuccore/NR_199779
NR_200288,Ephemerocybe cinereopallida,holotype,high,GenBank /type_material qualifier,holotype of Coprinellus cinereopallidus,SZMC:NL-0177,HQ847001,yes,1,NR_200288 Ephemerocybe cinereopallida,https://www.ncbi.nlm.nih.gov/nuccore/NR_200288
NR_200295,Hymenoscyphus hyaloexcipulus,holotype,high,GenBank /type_material qualifier,holotype of Hymenoscyphus hyaloexcipulus,HMAS:188542,JX977145,yes,1,NR_200295 Hymenoscyphus hyaloexcipulus HMAS:188542,https://www.ncbi.nlm.nih.gov/nuccore/NR_200295
NR_200296,Hymenoscyphus subsymmetricus,holotype,high,GenBank /type_material qualifier,holotype of Hymenoscyphus subsymmetricus,HMAS:264021,JX977153,yes,1,NR_200296 Hymenoscyphus subsymmetricus HMAS:264021,https://www.ncbi.nlm.nih.gov/nuccore/NR_200296
NR_200297,Hymenoscyphus microcaudatus,holotype,high,GenBank /type_material qualifier,holotype of Hymenoscyphus microcaudatus,HMAS:264020,JX977156,yes,1,NR_200297 Hymenoscyphus microcaudatus HMAS:264020,https://www.ncbi.nlm.nih.gov/nuccore/NR_200297
NR_200298,Hymenoscyphus brevicellulus,holotype,high,GenBank /type_material qualifier,holotype of Hymenoscyphus brevicellulus,HMAS:264018,JX977162,yes,1,NR_200298 Hymenoscyphus brevicellulus HMAS:264018,https://www.ncbi.nlm.nih.gov/nuccore/NR_200298
NR_200319,Fomitiporia rondonii,holotype,high,GenBank /type_material qualifier,holotype of Fomitiporia rondonii,FLOR:58557,KU663322,yes,1,NR_200319 Fomitiporia rondonii FLOR 58557 from TYPE material Brazil: Mato Grosso,https://www.ncbi.nlm.nih.gov/nuccore/NR_200319
NR_200332,Phaeotremella lacus,ex-holotype,high,GenBank /type_material qualifier,culture from holotype of Phaeotremella lacus,CBS:15416,MG909557,yes,1,NR_200332 Phaeotremella lacus China,https://www.ncbi.nlm.nih.gov/nuccore/NR_200332
NR_200343,Mycena miscanthi,holotype,high,GenBank /type_material qualifier,holotype of Mycena miscanthi,HMJAU:43584,MK309779,yes,1,NR_200343 Mycena miscanthi HMJAU:43584,https://www.ncbi.nlm.nih.gov/nuccore/NR_200343
NR_200344,Mycena hygrophoroides,holotype,high,GenBank /type_material qualifier,holotype of Mycena hygrophoroides,HMJAU:43417,MK309780,yes,1,NR_200344 Mycena hygrophoroides HMJAU:43417,https://www.ncbi.nlm.nih.gov/nuccore/NR_200344
NR_200345,Mycena griseotincta,holotype,high,GenBank /type_material qualifier,holotype of Mycena griseotincta,HMJAU:43800,MK309783,yes,1,NR_200345 Mycena griseotincta HMJAU:43800,https://www.ncbi.nlm.nih.gov/nuccore/NR_200345
NR_200350,Leucocoprinus tephrolepis,holotype,high,GenBank /type_material qualifier,holotype of Leucocoprinus tephrolepis,JBSD:130966,MN483013,yes,1,NR_200350 Leucocoprinus tephrolepis JBSD:130966 Dominican Republic,https://www.ncbi.nlm.nih.gov/nuccore/NR_200350
NR_200351,Leucocoprinus parvipileus,holotype,high,GenBank /type_material qualifier,holotype of Leucocoprinus parvipileus,JBSD:130965,MN483015,yes,1,NR_200351 Leucocoprinus parvipileus JBSD:130965 Dominican Republic,https://www.ncbi.nlm.nih.gov/nuccore/NR_200351
NR_200378,Akanthomyces taiwanicus,ex-holotype,high,GenBank /type_material qualifier,culture from holotype of Akanthomyces taiwanicus,NTUCC:20-060,MT974202,yes,1,NR_200378 Akanthomyces taiwanicus,https://www.ncbi.nlm.nih.gov/nuccore/NR_200378
NR_200386,Dermoloma confusum,holotype,high,GenBank /type_material qualifier,holotype of Dermoloma confusum,SAV:F:4420,MW193857,yes,1,NR_200386 Dermoloma confusum SAV:F:4420 Wales GB,https://www.ncbi.nlm.nih.gov/nuccore/NR_200386
NR_200410,Tricholoma imbricatoides,holotype,high,GenBank /type_material qualifier,holotype of Tricholoma imbricatoides,DAOM:985002,MW628100,yes,1,NR_200410 Tricholoma imbricatoides DAOM:985002 Quebec CA,https://www.ncbi.nlm.nih.gov/nuccore/NR_200410
NR_200428,Phellodon submelaleucus,holotype,high,GenBank /type_material qualifier,holotype of Phellodon submelaleucus,BJFC:Cui18614,OL449262,yes,1,NR_200428 Phellodon submelaleucus BJFC:Cui18614,https://www.ncbi.nlm.nih.gov/nuccore/NR_200428
NR_200439,Elaphomyces geminus,holotype,high,GenBank /type_material qualifier,holotype of Elaphomyces geminus,GB:0207643,OP222195,yes,1,NR_200439 Elaphomyces geminus GB:0207643 Sweden,https://www.ncbi.nlm.nih.gov/nuccore/NR_200439
NR_200450,Hannaella pteridophytorum,holotype,high,GenBank /type_material qualifier,holotype of Hannaella pteridophytorum,CGMCC:2.6903,OP470253,yes,1,NR_200450 Hannaella pteridophytorum Yunnan CN,https://www.ncbi.nlm.nih.gov/nuccore/NR_200450
NR_200462,Phaeotremella pini,holotype,high,GenBank /type_material qualifier,holotype of Phaeotremella pini,CGMCC:2.6848,OP470273,yes,1,NR_200462 Phaeotremella pini Tibet Autonomous Region CN,https://www.ncbi.nlm.nih.gov/nuccore/NR_200462
NR_200507,Trechispora tongdaoensis,holotype,high,GenBank /type_material qualifier,holotype of Trechispora tongdaoensis,MHHNU:11083,OP959651,yes,1,NR_200507 Trechispora tongdaoensis MHHNU:11083 China,https://www.ncbi.nlm.nih.gov/nuccore/NR_200507
NR_200524,Inocybe bidumensis,holotype,high,GenBank /type_material qualifier,holotype of Inocybe bidumensis,GB:0207649,OQ572784,yes,1,NR_200524 Inocybe bidumensis GB:0207649 Sweden,https://www.ncbi.nlm.nih.gov/nuccore/NR_200524
NR_200529,Lulesia neofallax,holotype,high,GenBank /type_material qualifier,holotype of Clitocella neofallax,HKAS:128149,OQ755418,yes,1,NR_200529 Lulesia neofallax HKAS:128149 Yunnan CN,https://www.ncbi.nlm.nih.gov/nuccore/NR_200529
NR_200579,Paragongromeriza sinensis,ex-holotype,high,GenBank /type_material qualifier,culture from holotype of Paragongromeriza sinensis,CGMCC:3.25515,OR680535,yes,1,NR_200579 Paragongromeriza sinensis China,https://www.ncbi.nlm.nih.gov/nuccore/NR_200579
NR_200589,Tuber arriacaense,holotype,high,GenBank /type_material qualifier,holotype of Tuber arriacaense,AH:49254,OR799979,yes,1,NR_200589 Tuber arriacaense AH:49254 Guadalajara ES,https://www.ncbi.nlm.nih.gov/nuccore/NR_200589
NR_200593,Hydnellum decurrata,holotype,high,GenBank /type_material qualifier,holotype of Hydnellum decurrata,BJFC:Cui23050,OR813993,yes,1,NR_200593 Hydnellum decurrata BJFC:Cui23050,https://www.ncbi.nlm.nih.gov/nuccore/NR_200593
NR_200597,Hydnellum succulentus,holotype,high,GenBank /type_material qualifier,holotype of Hydnellum succulentus,BJFC:Dai19953,OR814007,yes,1,NR_200597 Hydnellum succulentus BJFC:Dai19953,https://www.ncbi.nlm.nih.gov/nuccore/NR_200597
NR_200598,Hydnellum xanthopus,holotype,high,GenBank /type_material qualifier,holotype of Hydnellum xanthopus,BJFC:Cui18618,OR814012,yes,1,NR_200598 Hydnellum xanthopus BJFC:Cui18618,https://www.ncbi.nlm.nih.gov/nuccore/NR_200598
NR_200599,Phellodon albomarginatus,holotype,high,GenBank /type_material qualifier,holotype of Phellodon albomarginatus,BJFC:Dai19880,OR814014,yes,1,NR_200599 Phellodon albomarginatus BJFC:Dai19880,https://www.ncbi.nlm.nih.gov/nuccore/NR_200599
NR_200601,Phellodon longipes,holotype,high,GenBank /type_material qualifier,holotype of Phellodon longipes,BJFC:Cui18542,OR814016,yes,1,NR_200601 Phellodon longipes BJFC:Cui18542,https://www.ncbi.nlm.nih.gov/nuccore/NR_200601
NR_200602,Phellodon substramineus,holotype,high,GenBank /type_material qualifier,holotype of Phellodon substramineus,BJFC:Dai24629,OR814021,yes,1,NR_200602 Phellodon substramineus BJFC:Dai24629,https://www.ncbi.nlm.nih.gov/nuccore/NR_200602
NR_200635,Meripilus obscurus,holotype,high,GenBank /type_material qualifier,holotype of Meripilus obscurus,SP:512704,PP259431,yes,1,NR_200635 Meripilus obscurus SP:512704 Brazil,https://www.ncbi.nlm.nih.gov/nuccore/NR_200635
NR_200641,Arthromyces pulverulentus,holotype,high,GenBank /type_material qualifier,holotype of Arthromyces pulverulentus,HUA:233518,PP294860,yes,1,NR_200641 Arthromyces pulverulentus HUA 233518 from TYPE material Colombia,https://www.ncbi.nlm.nih.gov/nuccore/NR_200641
NR_200657,Hodophilus kearneyi,holotype,high,GenBank /type_material qualifier,holotype of Camarophyllopsis kearneyi,DAR:73919,PP505406,yes,1,NR_200657 Camarophyllopsis kearneyi DAR:73919 New South Wales AU,https://www.ncbi.nlm.nih.gov/nuccore/NR_200657
NR_200663,Tricholoma griseobrunneum,holotype,high,GenBank /type_material qualifier,holotype of Tricholoma griseobrunneum,DAOM:985182,PP530163,yes,1,NR_200663 Tricholoma griseobrunneum DAOM:985182 Quebec CA,https://www.ncbi.nlm.nih.gov/nuccore/NR_200663
NR_200664,Tricholoma sapineum,holotype,high,GenBank /type_material qualifier,holotype of Tricholoma sapineum,DAOM:985171,PP530182,yes,1,NR_200664 Tricholoma sapineum DAOM:985171 Quebec CA,https://www.ncbi.nlm.nih.gov/nuccore/NR_200664
NR_200672,Phlebiporia odontoidea,holotype,high,GenBank /type_material qualifier,holotype of Phlebiporia odontoidea,BJFC:024422,PP549564,yes,1,NR_200672 Phlebiporia odontoidea BJFC:024422 China,https://www.ncbi.nlm.nih.gov/nuccore/NR_200672
NR_200674,Scopuloides ellipsoidea,holotype,high,GenBank /type_material qualifier,holotype of Scopuloides ellipsoidea,BJFC:024278,PP549569,yes,1,NR_200674 Scopuloides ellipsoidea BJFC:024278 China,https://www.ncbi.nlm.nih.gov/nuccore/NR_200674
NR_200677,Akanthomyces bannaensis,holotype,high,GenBank /type_material qualifier,holotype of Akanthomyces bannaensis,SWFC:CLZhao 34016,PP571895,yes,1,NR_200677 Akanthomyces bannaensis SWFC:CLZhao 34016 China,https://www.ncbi.nlm.nih.gov/nuccore/NR_200677
NR_200692,Koorchaloma arecae,holotype,high,GenBank /type_material qualifier,holotype of Koorchaloma arecae,HKAS:115736,PP592401,yes,1,NR_200692 Koorchaloma arecae HKAS:115736 China,https://www.ncbi.nlm.nih.gov/nuccore/NR_200692
NR_200781,Amanita olivaceodisca,holotype,high,GenBank /type_material qualifier,holotype of Amanita olivaceodisca,DAOM:984976,PP762779,yes,1,NR_200781 Amanita olivaceodisca DAOM:984976 Quebec CA,https://www.ncbi.nlm.nih.gov/nuccore/NR_200781
NR_200783,Amanita fusca,holotype,high,GenBank /type_material qualifier,holotype of Amanita fusca,QFB:32913,PP762926,yes,1,NR_200783 Amanita fusca QFB:32913 Quebec CA,https://www.ncbi.nlm.nih.gov/nuccore/NR_200783
NR_200784,Amanita cingulatoides,holotype,high,GenBank /type_material qualifier,holotype of Amanita cingulatoides,QFB:32897,PP762934,yes,1,NR_200784 Amanita cingulatoides QFB:32897 Quebec CA,https://www.ncbi.nlm.nih.gov/nuccore/NR_200784
NR_200786,Hygrocybe mirabilis,holotype,high,GenBank /type_material qualifier,holotype of Hygrocybe mirabilis,BRH:BZ-3867,PP765793,yes,1,NR_200786 Hygrocybe mirabilis BRH:BZ-3867 Cayo BZ,https://www.ncbi.nlm.nih.gov/nuccore/NR_200786
NR_200796,Phaeoclavulina bicolor,holotype,high,GenBank /type_material qualifier,holotype of Phaeoclavulina bicolor,MHHNU:10702,PP809798,yes,1,NR_200796 Phaeoclavulina bicolor MHHNU:10702 China,https://www.ncbi.nlm.nih.gov/nuccore/NR_200796
NR_200798,Phaeoclavulina jilinensis,holotype,high,GenBank /type_material qualifier,holotype of Phaeoclavulina jilinensis,MHHNU:10504,PP809804,yes,1,NR_200798 Phaeoclavulina jilinensis MHHNU:10504 China,https://www.ncbi.nlm.nih.gov/nuccore/NR_200798
NR_200813,Geoglossum verkinii,holotype,high,GenBank /type_material qualifier,holotype of Geoglossum verkinii,SAV:F:11774,PP933264,yes,1,NR_200813 Geoglossum verkinii SAV:F:11774 Slovakia,https://www.ncbi.nlm.nih.gov/nuccore/NR_200813
NR_200819,Xenasmatella jilongensis,holotype,high,GenBank /type_material qualifier,holotype of Xenasmatella jilongensis,HMAS:259469,PP959667,yes,1,NR_200819 Xenasmatella jilongensis HMAS:259469,https://www.ncbi.nlm.nih.gov/nuccore/NR_200819
NR_200847,Peroneutypa hibisci,holotype,high,GenBank /type_material qualifier,holotype of Peroneutypa hibisci,MFLU:24-0191,PP989294,yes,1,NR_200847 Peroneutypa hibisci MFLU:24-0191 Prachuap Khiri Khan TH,https://www.ncbi.nlm.nih.gov/nuccore/NR_200847
NR_200857,Dermoloma compactum,holotype,high,GenBank /type_material qualifier,holotype of Dermoloma compactum,SAV:F:23421,PQ165406,yes,1,NR_200857 Dermoloma compactum SAV:F:23421 Gorje SI,https://www.ncbi.nlm.nih.gov/nuccore/NR_200857
NR_200869,Inocybe complutensis,holotype,high,GenBank /type_material qualifier,holotype of Inocybe complutensis,AH:36384,PQ226170,yes,1,NR_200869 Inocybe complutensis AH:36384 Madrid ES,https://www.ncbi.nlm.nih.gov/nuccore/NR_200869
NR_200871,Phellodon melaleucus,epitype,high,GenBank /type_material qualifier,epitype of Hydnum melaleucum,GB:0230499,PQ226322,yes,1,NR_200871 Phellodon melaleucus GB:0230499 Sweden,https://www.ncbi.nlm.nih.gov/nuccore/NR_200871
NR_200881,Volvariella rimosa,holotype,high,GenBank /type_material qualifier,holotype of Volvariella rimosa,HKAS:113015,PQ283948,yes,1,NR_200881 Volvariella rimosa HKAS:113015,https://www.ncbi.nlm.nih.gov/nuccore/NR_200881
NR_200888,Mycena subfragosa,holotype,high,GenBank /type_material qualifier,holotype of Mycena subfragosa,AH:57286,PQ321310,yes,1,NR_200888 Mycena subfragosa AH:57286 A Coruña ES,https://www.ncbi.nlm.nih.gov/nuccore/NR_200888
NR_200908,Ophiocordyceps muscidarum,holotype,high,GenBank /type_material qualifier,holotype of Ophiocordyceps muscidarum,HKAS:132178,PQ423676,yes,1,NR_200908 Ophiocordyceps muscidarum HKAS:132178 China,https://www.ncbi.nlm.nih.gov/nuccore/NR_200908
NR_200927,Mycoacia beijingensis,holotype,high,GenBank /type_material qualifier,holotype of Mycoacia beijingensis,BJFC:He9275,PQ536124,yes,1,NR_200927 Mycoacia beijingensis BJFC:He9275 China,https://www.ncbi.nlm.nih.gov/nuccore/NR_200927
NR_201015,Coniochaeta fibricola,holotype,high,GenBank /type_material qualifier,holotype of Coniochaeta fibricola,DSM:119706,PV272674,yes,1,NR_201015.1 Coniochaeta fibricola HOLOTYPE (type of genus is ligniaria) (/Coniochaetales),https://www.ncbi.nlm.nih.gov/nuccore/NR_201015
NR_201019,Geosmithia magnispora,ex-holotype,high,GenBank /type_material qualifier,culture from holotype of Geosmithia magnispora,CBS:139790,PV272718,yes,1,NR_201019 Geosmithia magnispora CBS 139790 from TYPE material Israel,https://www.ncbi.nlm.nih.gov/nuccore/NR_201019
NR_201055,Protoacia crispans,holotype,high,GenBank /type_material qualifier,holotype of Protoacia crispans,H:Spirin17688,PV394880,yes,1,NR_201055 Protoacia crispans H:Spirin17688 Halland SE,https://www.ncbi.nlm.nih.gov/nuccore/NR_201055
NR_201094,Lanmaoa asiatica,holotype,high,GenBank /type_material qualifier,holotype of Lanmaoa asiatica,HKAS:54094,PV694350,yes,1,NR_201094 Lanmaoa asiatica HKAS:54094 China,https://www.ncbi.nlm.nih.gov/nuccore/NR_201094
NR_201098,Fomitiporia lochiae,holotype,high,GenBank /type_material qualifier,holotype of Fomitiporia lochiae,BRIP:76787a,PV788835,yes,1,NR_201098 Fomitiporia lochiae BRIP 76787a from TYPE material Australia,https://www.ncbi.nlm.nih.gov/nuccore/NR_201098
NR_201428,Tricholoma mesoamericanum,holotype,high,GenBank /type_material qualifier,holotype of Tricholoma mesoamericanum,FCME:21585,KX037037,yes,1,NR_201428 Tricholoma mesoamericanum FCME:21585 Oaxaca MX,https://www.ncbi.nlm.nih.gov/nuccore/NR_201428
NR_201430,Tricholoma magnivelare,holotype,high,GenBank /type_material qualifier,holotype of Agaricus magnivelaris,NYS:f2421,LT220177,no,1,NR_201430 Tricholoma magnivelare NYS:f2421 United States,https://www.ncbi.nlm.nih.gov/nuccore/NR_201430
NR_202150,Entoloma tjallingiorum var. tjallingiorum,holotype,high,GenBank /type_material qualifier,holotype of Entoloma tjallingiorum,UPS:F-016378,KC898412,yes,1,NR_202150 Entoloma tjallingiorum var. tjallingiorum UPS:F-016378 Sweden,https://www.ncbi.nlm.nih.gov/nuccore/NR_202150
NR_202269,Entoloma undatum,neotype,high,GenBank /type_material qualifier,neotype of Clitopilus undatus,B:70 0105514,OL338187,yes,1,NR_202269 Entoloma undatum B:70 0105514 Sweden,https://www.ncbi.nlm.nih.gov/nuccore/NR_202269
NR_202279,Entoloma byssisedum,epitype,high,GenBank /type_material qualifier,epitype of Agaricus byssisedus,LE<RUS>:311782,ON329327,yes,1,NR_202279 Entoloma byssisedum LE:311782,https://www.ncbi.nlm.nih.gov/nuccore/NR_202279
NR_202312,Palliocystidium chlamydatum,holotype,high,GenBank /type_material qualifier,holotype of Palliocystidium chlamydatum,LIP:GG-GUY18-115,OQ555356,yes,1,NR_202312 Palliocystidium chlamydatum LIP:GG-GUY18-115 Vaucluse FR,https://www.ncbi.nlm.nih.gov/nuccore/NR_202312
NR_202347,Gerronema brunneosquamulosum,holotype,high,GenBank /type_material qualifier,holotype of Gerronema brunneosquamulosum,FFAAS:1032,OR238884,yes,1,NR_202347 Gerronema brunneosquamulosum FFAAS:1032 China,https://www.ncbi.nlm.nih.gov/nuccore/NR_202347
NR_202350,Pulverulina flavoalba,holotype,high,GenBank /type_material qualifier,holotype of Pulverulina flavoalba,FFAAS:1039,OR238891,yes,1,NR_202350 Pulverulina flavoalba FFAAS 1039 from TYPE material,https://www.ncbi.nlm.nih.gov/nuccore/NR_202350
NR_202386,Xylaria zonghuangii,holotype,high,GenBank /type_material qualifier,holotype of Xylaria zonghuangii,GMB:1131,OR469030,yes,1,NR_202386 Xylaria zonghuangii GMB:1131 China,https://www.ncbi.nlm.nih.gov/nuccore/NR_202386
NR_202434,Marasmius multicystidiatus,holotype,high,GenBank /type_material qualifier,holotype of Marasmius multicystidiatus,BRI:AQ1019024,PP354939,yes,1,NR_202434 Marasmius multicystidiatus BRI:AQ1019024 Queensland AU,https://www.ncbi.nlm.nih.gov/nuccore/NR_202434
NR_202479,Leucoagaricus centrobrunneolus,holotype,high,GenBank /type_material qualifier,holotype of Leucoagaricus centrobrunneolus,HMAS:287820,PP816117,yes,1,NR_202479 Leucoagaricus centrobrunneolus HMAS 287820 from TYPE material China,https://www.ncbi.nlm.nih.gov/nuccore/NR_202479
NR_202504,Crepidotus succineus,holotype,high,GenBank /type_material qualifier,holotype of Crepidotus succineus,FFAAS:1313,PQ061273,yes,1,NR_202504 Crepidotus succineus FFAAS:1313 China,https://www.ncbi.nlm.nih.gov/nuccore/NR_202504
NR_202516,Perennicordyceps zongqii,holotype,high,GenBank /type_material qualifier,holotype of Perennicordyceps zongqii,GZAC:DY05421,PQ211278,yes,1,NR_202516 / PQ211279 Perennicordyceps zongqii GZAC:DY05421 China,https://www.ncbi.nlm.nih.gov/nuccore/NR_202516
NR_202518,Phellodon aquiloniniger,holotype,high,GenBank /type_material qualifier,holotype of Phellodon aquiloniniger,UPS:F-1132792,PQ226281,yes,1,NR_202518 Phellodon aquiloniniger UPS:F-1132792 Sweden,https://www.ncbi.nlm.nih.gov/nuccore/NR_202518
NR_202519,Phellodon melilotinus,epitype,high,GenBank /type_material qualifier,epitype of Hydnum melilotinum,UPS:F-1132793,PQ226345,yes,1,NR_202519 Phellodon melilotinus UPS:F-1132793 Sweden,https://www.ncbi.nlm.nih.gov/nuccore/NR_202519
NR_202546,Clavulinopsis cautiocolorata,holotype,high,GenBank /type_material qualifier,holotype of Clavulinopsis cautiocolorata,TENN:F-067381,PQ453606,yes,1,NR_202546 Clavulinopsis cautiocolorata TENN:F-067381 Tennessee US,https://www.ncbi.nlm.nih.gov/nuccore/NR_202546
NR_202552,Phaeoclavulina angularis,holotype,high,GenBank /type_material qualifier,holotype of Phaeoclavulina angularis,CORD:C00009819,PQ474790,yes,1,NR_202552 Phaeoclavulina angularis CORD:C00009819 Córdoba AR,https://www.ncbi.nlm.nih.gov/nuccore/NR_202552
NR_202562,Cortinarius aster,holotype,high,GenBank /type_material qualifier,holotype of Cortinarius aster,H:7084396,PQ562058,yes,1,NR_202562 Cortinarius aster H:7084396 Washington US,https://www.ncbi.nlm.nih.gov/nuccore/NR_202562
NR_202568,Marasmius purpureospadiceus,holotype,high,GenBank /type_material qualifier,holotype of Marasmius purpureospadiceus,BRI:AQ1021678,PQ618872,yes,1,NR_202568 Marasmius purpureospadiceus BRI:AQ1021678 Queensland AU,https://www.ncbi.nlm.nih.gov/nuccore/NR_202568
NR_202569,Marasmius pervagatus,holotype,high,GenBank /type_material qualifier,holotype of Marasmius pervagatus,BRI:AQ1043697,PQ618876,yes,1,NR_202569 Marasmius pervagatus BRI:AQ1043697 Queensland AU,https://www.ncbi.nlm.nih.gov/nuccore/NR_202569
NR_202570,Marasmius porphyrocephalus,holotype,high,GenBank /type_material qualifier,holotype of Marasmius porphyrocephalus,BRI:AQ1034084,PQ618882,yes,1,NR_202570 Marasmius porphyrocephalus BRI:AQ1034084 Queensland AU,https://www.ncbi.nlm.nih.gov/nuccore/NR_202570
NR_202571,Marasmius wunga,holotype,high,GenBank /type_material qualifier,holotype of Marasmius wunga,BRI:AQ1045961,PQ618889,yes,1,NR_202571 Marasmius wunga BRI:AQ1045961 Queensland AU,https://www.ncbi.nlm.nih.gov/nuccore/NR_202571
NR_202604,Entoloma cassiopeia,holotype,high,GenBank /type_material qualifier,holotype of Entoloma cassiopeia,GB:0207742,PV018337,yes,1,NR_202604 Entoloma cassiopeia GB:0207742 Sweden,https://www.ncbi.nlm.nih.gov/nuccore/NR_202604
NR_202614,Cuphophyllus dolomiticus,holotype,high,GenBank /type_material qualifier,holotype of Cuphophyllus dolomiticus,GB:0207704,PV069116,yes,1,NR_202614 Cuphophyllus dolomiticus GB:0207704 Italy,https://www.ncbi.nlm.nih.gov/nuccore/NR_202614
NR_202688,Steccherinum elegantissimum,holotype,high,GenBank /type_material qualifier,holotype of Steccherinum elegantissimum,SP:512681,PV434856,yes,1,NR_202688 Steccherinum elegantissimum SP 512681 from TYPE material Brazil,https://www.ncbi.nlm.nih.gov/nuccore/NR_202688
NR_202703,Clavariadelphus pseudoelongatus,holotype,high,GenBank /type_material qualifier,holotype of Clavariadelphus pseudoelongatus,MHHNU:32323,PV463559,yes,1,NR_202703 Clavariadelphus pseudoelongatus MHHNU:32323 China,https://www.ncbi.nlm.nih.gov/nuccore/NR_202703
NR_202721,Leucocoprinus ganziensis,holotype,high,GenBank /type_material qualifier,holotype of Leucocoprinus ganziensis,HMAS:282523,PV470786,yes,1,NR_202721 Leucocoprinus ganziensis HMAS:282523 China,https://www.ncbi.nlm.nih.gov/nuccore/NR_202721
NR_202728,Punctularia fragilis,holotype,high,GenBank /type_material qualifier,holotype of Punctularia fragilis,SWFC:CLZhao39788,PV475634,yes,1,NR_202728 Punctularia fragilis SWFC:CLZhao39788 China,https://www.ncbi.nlm.nih.gov/nuccore/NR_202728
NR_202735,Macrolepiota brevispora,holotype,high,GenBank /type_material qualifier,holotype of Macrolepiota brevispora,HMAS:353930,PV484477,yes,1,NR_202735 Macrolepiota brevispora HMAS:353930 China,https://www.ncbi.nlm.nih.gov/nuccore/NR_202735
NR_202736,Macrolepiota megabasidiatata,holotype,high,GenBank /type_material qualifier,holotype of Macrolepiota megabasidiatata,HMAS:353923,PV484480,yes,1,NR_202736 Macrolepiota megabasidiatata HMAS:353923 China,https://www.ncbi.nlm.nih.gov/nuccore/NR_202736
NR_202750,Cystolepiota beijingensis,holotype,high,GenBank /type_material qualifier,holotype of Cystolepiota beijingensis,HMAS:282581,PV607783,yes,1,NR_202750 Cystolepiota beijingensis HMAS:282581 China,https://www.ncbi.nlm.nih.gov/nuccore/NR_202750
NR_202761,Eutypella cerasa,ex-holotype,high,GenBank /type_material qualifier,culture from holotype of Eutypella cerasa,MFLUCC:19-0383,PV617496,yes,1,NR_202761 Eutypella cerasa China,https://www.ncbi.nlm.nih.gov/nuccore/NR_202761
NR_202821,Grandicium tenuissimum,holotype,high,GenBank /type_material qualifier,holotype of Grandicium tenuissimum,SWFC:CLZhao37540,PX108624,yes,1,NR_202821 Grandicium tenuissimum SWFC:CLZhao37540 China,https://www.ncbi.nlm.nih.gov/nuccore/NR_202821
NR_202843,Entoloma chloridicolor,holotype,high,GenBank /type_material qualifier,holotype of Entoloma chloridicolor,B:70 0105519,PX412029,yes,1,NR_202843 Entoloma chloridicolor B:70 0105519 Germany,https://www.ncbi.nlm.nih.gov/nuccore/NR_202843
NR_202849,Entoloma griseopulchrum,holotype,high,GenBank /type_material qualifier,holotype of Entoloma griseopulchrum,L:4343904,PX412037,yes,1,NR_202849 Entoloma griseopulchrum L:4343904 Netherlands,https://www.ncbi.nlm.nih.gov/nuccore/NR_202849
NR_202854,Entoloma olivaceovirens,holotype,high,GenBank /type_material qualifier,holotype of Entoloma olivaceovirens,O:F-256802,PX412051,yes,1,NR_202854 Entoloma olivaceovirens O:F-256802 Norway,https://www.ncbi.nlm.nih.gov/nuccore/NR_202854
NR_202874,Cabalodontia albofulva,holotype,high,GenBank /type_material qualifier,holotype of Cabalodontia albofulva,SP:467080,PX523825,yes,1,NR_202874 Cabalodontia albofulva SP:467080 Rio Grande do Sul BR,https://www.ncbi.nlm.nih.gov/nuccore/NR_202874
NR_202875,Cabalodontia brunnea,holotype,high,GenBank /type_material qualifier,holotype of Cabalodontia brunnea,SP:512588,PX523826,yes,1,NR_202875 Cabalodontia brunnea SP:512588 Rio Grande do Sul BR,https://www.ncbi.nlm.nih.gov/nuccore/NR_202875
NR_202879,Clavulina tumida,holotype,high,GenBank /type_material qualifier,holotype of Clavulina tumida,MHHNU:10480,PX622313,yes,1,NR_202879 Clavulina tumida MHHNU:10480 Jilin CN,https://www.ncbi.nlm.nih.gov/nuccore/NR_202879
NR_202911,Lophodermium huangshanense,holotype,high,GenBank /type_material qualifier,holotype of Lophodermium huangshanense,BJTC:2019054,PX731555,yes,1,NR_202911 Lophodermium huangshanense BJTC 2019054 from TYPE material,https://www.ncbi.nlm.nih.gov/nuccore/NR_202911
NR_202919,Leucocoprinus recumbens,holotype,high,GenBank /type_material qualifier,holotype of Leucocoprinus recumbens,HKAS:153531,PX857026,yes,1,NR_202919 Leucocoprinus recumbens HKAS:153531 China,https://www.ncbi.nlm.nih.gov/nuccore/NR_202919
NR_202936,Lepiota annimonstra,holotype,high,GenBank /type_material qualifier,holotype of Lepiota annimonstra,HKAS:153525,PX857108,yes,1,NR_202936 Lepiota annimonstra HKAS:153525 China,https://www.ncbi.nlm.nih.gov/nuccore/NR_202936
NR_202941,Geastrum deliciobutyraceum,holotype,high,GenBank /type_material qualifier,holotype of Geastrum deliciobutyraceum,HKAS:154121,PX857126,yes,1,NR_202941 Geastrum deliciobutyraceum HKAS:154121 China,https://www.ncbi.nlm.nih.gov/nuccore/NR_202941
NR_202961,Chlorociboria spathulata,holotype,high,GenBank /type_material qualifier,holotype of Chlorociboria spathulata,PDD:80552,PZ148635,yes,1,NR_202961.1 Chlorociboria spathulata ICMP 26308 ITS region; from TYPE material,https://www.ncbi.nlm.nih.gov/nuccore/NR_202961
OP265157,Hymenopellis straminea,holotype,high,GenBank /type_material qualifier,holotype of Hymenopellis straminea,MFLU22-0138,,,1,OP265157.1 Hymenopellis straminea strain MFLU22-0138 Thailand holotype,https://www.ncbi.nlm.nih.gov/nuccore/OP265157
NR_167963,Psathyrella vesterholtii,type,medium,NCBI definition line says 'from TYPE material',Psathyrella vesterholtii GB JHP10.086 ITS region; from TYPE material,GB:JHP10.086,KC992938,no,25,NR_167963 Psathyrella vesterholtii GB:JHP10.086 Denmark,https://www.ncbi.nlm.nih.gov/nuccore/NR_167963
NR_177171,Pseudosperma mediterraneum,type,medium,NCBI definition line says 'from TYPE material',Pseudosperma mediterraneum L L0054120 ITS region; from TYPE material,L:L0054120,MZ700321,no,20,NR_177171 Pseudosperma arenicola L:L0054120 Italy,https://www.ncbi.nlm.nih.gov/nuccore/NR_177171
NR_200618,Pholiotina microspora,type,medium,NCBI definition line says 'from TYPE material',Pholiotina microspora HMJAU 65080 ITS region; from TYPE material,HMJAU:65080,OR995704,yes,3,NR_200618 Pholiotina microspora HMJAU:65080,https://www.ncbi.nlm.nih.gov/nuccore/NR_200618
NR_145058,Cosmospora khandalensis,type,medium,NCBI definition line says 'from TYPE material',Cosmospora khandalensis IMI 112791 ITS region; from TYPE material,IMI:112791,KJ676166,no,2,NR_145058 Cosmospora khandalensis IMI:112791 India,https://www.ncbi.nlm.nih.gov/nuccore/NR_145058
NR_158851,Morchella quercus-ilicis,type,medium,NCBI definition line says 'from TYPE material',Morchella quercus-ilicis LIP 0900246 ITS region; from TYPE material,LIP:0900246,MF282009,no,1,NR_158851.1 Morchella quercus-ilicis LIP 0900246 ITS region; from TYPE material,https://www.ncbi.nlm.nih.gov/nuccore/NR_158851
NR_173167,Lepiota recondita,type,medium,NCBI definition line says 'from TYPE material',Lepiota recondita TR gmb 01482 ITS region; from TYPE material,TR:gmb 01482,MK508900,no,1,NR_173167 Lepiota recondita TR:gmb 01482 Netherlands,https://www.ncbi.nlm.nih.gov/nuccore/NR_173167
AY280994,Gymnopilus medius,isotype,low,"Tip label mentions a type word, but the NCBI record has no type annotation",AY280994 Gymnopilus medius Garcia-Franco s.n. (IBUG-isotype) Mexico,Garcia-Franco s.n. (IBUG-isotype),,,62,AY280994 Gymnopilus medius Garcia-Franco s.n. (IBUG-isotype) Mexico,https://www.ncbi.nlm.nih.gov/nuccore/AY280994
MK397580,Galeropsis bispora,holotype,low,"Tip label mentions a type word, but the NCBI record has no type annotation","MK397580 Galeropsis bispora LE 2863, holotype","LE 2863, holotype",,,57,"MK397580 Galeropsis bispora LE 2863, holotype",https://www.ncbi.nlm.nih.gov/nuccore/MK397580
MK105627,Russula andaluciana,type,low,"Tip label mentions a type word, but the NCBI record has no type annotation",MK105627 Russula andaluciana BM360 Huelva,BM360,,,56,MK105627 Russula andaluciana BM360 Huelva,https://www.ncbi.nlm.nih.gov/nuccore/MK105627
OR419868,Entoloma corvinum,type,low,"Tip label mentions a type word, but the NCBI record has no type annotation",OR419868 Entoloma corvinum FA 4261,FA 4261,,,36,OR419868 Entoloma corvinum FA 4261,https://www.ncbi.nlm.nih.gov/nuccore/OR419868
HM562159,Pluteus densifibrillosus,holotype,low,"Tip label mentions a type word, but the NCBI record has no type annotation",HM562159 Pluteus densifibrillosus SP393696 (holotype) Brazil,SP393696 (holotype),,,34,HM562159 Pluteus densifibrillosus SP393696 (holotype) Brazil,https://www.ncbi.nlm.nih.gov/nuccore/HM562159
OP162978,Agrocybe cubensis,holotype,low,"Tip label mentions a type word, but the NCBI record has no type annotation",OP162978 Agrocybe pediades NY:NY 814881 holotype Cuba,NY:NY 814881 holotype,,,32,OP162978 Agrocybe pediades NY:NY 814881 holotype Cuba,https://www.ncbi.nlm.nih.gov/nuccore/OP162978
KC691207,Leccinum quercophilum,holotype,low,"Tip label mentions a type word, but the NCBI record has no type annotation","KC691207 Leccinellum quercophilum M Kuo 07120801 (holotype, NY) Illinois US","M Kuo 07120801 (holotype, NY)",,,31,"KC691207 Leccinellum quercophilum M Kuo 07120801 (holotype, NY) Illinois US",https://www.ncbi.nlm.nih.gov/nuccore/KC691207
KC669300,Psilocybe thaizapoteca,type,low,"Tip label mentions a type word, but the NCBI record has no type annotation",KC669300.1,"G. Guzman 38342, Holotype (XAL)",,,30,KC669300.1,https://www.ncbi.nlm.nih.gov/nuccore/KC669300
KC669290,Psilocybe mescaleroensis,holotype,low,"Tip label mentions a type word, but the NCBI record has no type annotation",KC669290 Psilocybe mescaleroensis L. Field Walstad s.n. Holotype (XAL) United States,L. Field Walstad s.n. Holotype (XAL),,,29,KC669290 Psilocybe mescaleroensis L. Field Walstad s.n. Holotype (XAL) United States,https://www.ncbi.nlm.nih.gov/nuccore/KC669290
MN130066,Russula amerorecondita,type,low,"Tip label mentions a type word, but the NCBI record has no type annotation",MN130066 Russula amerorecondita F (PGA17-017) Indiana US,F (PGA17-017),,,29,MN130066 Russula amerorecondita F (PGA17-017) Indiana US,https://www.ncbi.nlm.nih.gov/nuccore/MN130066
KC669298,Psilocybe thaiaerugineomaculans,holotype,low,"Tip label mentions a type word, but the NCBI record has no type annotation","KC669298 Psilocybe thaiaerugineomaculans S.C. Karunarathna NTS-121, Holotype (XAL)","S.C. Karunarathna NTS-121, Holotype (XAL)",,,22,"KC669298 Psilocybe thaiaerugineomaculans S.C. Karunarathna NTS-121, Holotype (XAL)",https://www.ncbi.nlm.nih.gov/nuccore/KC669298
KC669299,Psilocybe thaiduplicatocystidiata,isotype,low,"Tip label mentions a type word, but the NCBI record has no type annotation","KC669299 Psilocybe thaiduplicatocystidiata S.C. Karunarathna NTS-120, Isotype (XAL)","S.C. Karunarathna NTS-120, Isotype (XAL)",,,22,"KC669299 Psilocybe thaiduplicatocystidiata S.C. Karunarathna NTS-120, Isotype (XAL)",https://www.ncbi.nlm.nih.gov/nuccore/KC669299
MH414561,Clitocybula intervenosa,holotype,low,"Tip label mentions a type word, but the NCBI record has no type annotation","MH414561 Clitocybula sp. AC-2018a BAP 613 (Holotype, SFSU)","BAP 613 (Holotype, SFSU)",,,22,"MH414561 Clitocybula sp. AC-2018a BAP 613 (Holotype, SFSU)",https://www.ncbi.nlm.nih.gov/nuccore/MH414561
MN130069,Russula aurantioflava,type,low,"Tip label mentions a type word, but the NCBI record has no type annotation",MN130069 Russula sp. MC-2019c LAH35410 (KM 133) Khyber Pakhtunkhwa PK,LAH35410 (KM 133),,,22,MN130069 Russula sp. MC-2019c LAH35410 (KM 133) Khyber Pakhtunkhwa PK,https://www.ncbi.nlm.nih.gov/nuccore/MN130069
MT237482,Inosperma rosellicaulare,holotype,low,"Tip label mentions a type word, but the NCBI record has no type annotation",MT237482 Inosperma rosellicaulare ACAD:11618 (holotype) Nova Scotia CA,ACAD:11618 (holotype),,,20,MT237482 Inosperma rosellicaulare ACAD:11618 (holotype) Nova Scotia CA,https://www.ncbi.nlm.nih.gov/nuccore/MT237482
MT117052,Tricholomopsis alborufescens,holotype,low,"Tip label mentions a type word, but the NCBI record has no type annotation",MT117052 Tricholomopsis sp. JMB-2020a PC0125126 (holotype) France,PC0125126 (holotype),,,19,MT117052 Tricholomopsis sp. JMB-2020a PC0125126 (holotype) France,https://www.ncbi.nlm.nih.gov/nuccore/MT117052
ON117580,Cuphophyllus monteverdae,holotype,low,"Tip label mentions a type word, but the NCBI record has no type annotation","ON117580 Hygrocybe monteverdae TFC6456, Holotype Canary Islands ES","TFC6456, Holotype",,,18,"ON117580 Hygrocybe monteverdae TFC6456, Holotype Canary Islands ES",https://www.ncbi.nlm.nih.gov/nuccore/ON117580
HG964401,Pluteus septocystidiatus,holotype,low,"Tip label mentions a type word, but the NCBI record has no type annotation","HG964401 Pluteus septocystidiatus BRNM 761662, holotype South Korea","BRNM 761662, holotype",,,17,"HG964401 Pluteus septocystidiatus BRNM 761662, holotype South Korea",https://www.ncbi.nlm.nih.gov/nuccore/HG964401
MH414546,Mycena brunneoviolacea,holotype,low,"Tip label mentions a type word, but the NCBI record has no type annotation","MH414546 Mycena sp. AC-2018b BAP 594 (Holotype, SFSU)","BAP 594 (Holotype, SFSU)",,,17,"MH414546 Mycena sp. AC-2018b BAP 594 (Holotype, SFSU)",https://www.ncbi.nlm.nih.gov/nuccore/MH414546
HM562141,Pluteus phaeoleucus,holotype,low,"Tip label mentions a type word, but the NCBI record has no type annotation",HM562141 Pluteus phaeoleucus Goosens-Fontana 5102 (holotype) Democratic Republic of Congo,Goosens-Fontana 5102 (holotype),,,16,HM562141 Pluteus phaeoleucus Goosens-Fontana 5102 (holotype) Democratic Republic of Congo,https://www.ncbi.nlm.nih.gov/nuccore/HM562141
HM562164,Pluteus puttemansii,holotype,low,"Tip label mentions a type word, but the NCBI record has no type annotation",HM562164 Pluteus harrisii SP393698 (holotype) Brazil,SP393698 (holotype),,,16,HM562164 Pluteus harrisii SP393698 (holotype) Brazil,https://www.ncbi.nlm.nih.gov/nuccore/HM562164
MH414565,Hydropus murinus,holotype,low,"Tip label mentions a type word, but the NCBI record has no type annotation","MH414565 Hydropus sp. AC-2018b BAP 657 (Holotype, SFSU)","BAP 657 (Holotype, SFSU)",,,16,"MH414565 Hydropus sp. AC-2018b BAP 657 (Holotype, SFSU)",https://www.ncbi.nlm.nih.gov/nuccore/MH414565
OP135509,Inosperma longisporum,holotype,low,"Tip label mentions a type word, but the NCBI record has no type annotation",OP135509 Inosperma sp. SNL-2022j MHHNU 32337 (holotype),MHHNU 32337 (holotype),,,16,OP135509 Inosperma sp. SNL-2022j MHHNU 32337 (holotype),https://www.ncbi.nlm.nih.gov/nuccore/OP135509
KF975375,Zhuliangomyces subillinitus,type,low,"Tip label mentions a type word, but the NCBI record has no type annotation",KF975375 Limacella subillinita NY 00027729 Chiapas MX,NY 00027729,,,15,KF975375 Limacella subillinita NY 00027729 Chiapas MX,https://www.ncbi.nlm.nih.gov/nuccore/KF975375
MK141002,Agaricus macropeplus,holotype,low,"Tip label mentions a type word, but the NCBI record has no type annotation",MK141002 Agaricus sp. HB-2018e MW1501 Holotype Pakistan,MW1501 Holotype,,,15,MK141002 Agaricus sp. HB-2018e MW1501 Holotype Pakistan,https://www.ncbi.nlm.nih.gov/nuccore/MK141002
MN209758,Pholiota melliodora,type,low,"Tip label mentions a type word, but the NCBI record has no type annotation",MN209758 Pholiota gummosa TENN:028861 Oregon,TENN:028861,,,15,MN209758 Pholiota gummosa TENN:028861 Oregon,https://www.ncbi.nlm.nih.gov/nuccore/MN209758
OQ845966,Clitopilus fasciculatus,holotype,low,"Tip label mentions a type word, but the NCBI record has no type annotation","OQ845966 Clitopilus fasciculatus holotype, L Limburg NL","holotype, L",,,15,"OQ845966 Clitopilus fasciculatus holotype, L Limburg NL",https://www.ncbi.nlm.nih.gov/nuccore/OQ845966
MH024853,Inocybe holoxantha,paratype,low,"Tip label mentions a type word, but the NCBI record has no type annotation",MH024853 Inocybe holoxantha ACAD:11683 (paratype) Nova Scotia CA,ACAD:11683 (paratype),,,14,MH024853 Inocybe holoxantha ACAD:11683 (paratype) Nova Scotia CA,https://www.ncbi.nlm.nih.gov/nuccore/MH024853
MN490667,Amanita coryli,type,low,"Tip label mentions a type word, but the NCBI record has no type annotation",MN490667 Amanita coryli G:P. Neville 02091903 France,G:P. Neville 02091903,,,14,MN490667 Amanita coryli G:P. Neville 02091903 France,https://www.ncbi.nlm.nih.gov/nuccore/MN490667
JN204437,Agaricus moelleroides,holotype,low,"Tip label mentions a type word, but the NCBI record has no type annotation",JN204437 Agaricus moelleroides LAPAG319 (Holotype LIP Herbarium) Portugal,LAPAG319 (Holotype LIP Herbarium),,,13,JN204437 Agaricus moelleroides LAPAG319 (Holotype LIP Herbarium) Portugal,https://www.ncbi.nlm.nih.gov/nuccore/JN204437
MK169377,Xeromphalina campanelloides,paratype,low,"Tip label mentions a type word, but the NCBI record has no type annotation",MK169377 Xeromphalina campanelloides MICH 187249 Paratype Maine US,MICH 187249 Paratype,,,13,MK169377 Xeromphalina campanelloides MICH 187249 Paratype Maine US,https://www.ncbi.nlm.nih.gov/nuccore/MK169377
MN901255,Pseudosperma melliolens,holotype,low,"Tip label mentions a type word, but the NCBI record has no type annotation",MN901255 Pseudosperma melliolens G00110921 Holotype France,G00110921 Holotype,,,13,MN901255 Pseudosperma melliolens G00110921 Holotype France,https://www.ncbi.nlm.nih.gov/nuccore/MN901255
HM562193,Pluteus pallidus,holotype,low,"Tip label mentions a type word, but the NCBI record has no type annotation",HM562193 Pluteus pallidus Smith62487 (holotype) Michigan,Smith62487 (holotype),,,12,HM562193 Pluteus pallidus Smith62487 (holotype) Michigan,https://www.ncbi.nlm.nih.gov/nuccore/HM562193
MF379635,Cortinarius ultimiionophyllus,type,low,"Tip label mentions a type word, but the NCBI record has no type annotation",MF379635 Cortinarius ultimiionophyllus H:T. Niskanen 07-303 Newfoundland and Labrador CA,H:T. Niskanen 07-303,,,12,MF379635 Cortinarius ultimiionophyllus H:T. Niskanen 07-303 Newfoundland and Labrador CA,https://www.ncbi.nlm.nih.gov/nuccore/MF379635
MK105650,Russula hobartiae,type,low,"Tip label mentions a type word, but the NCBI record has no type annotation","MK105650 Russula hobartiae ML110131GY, JMV800628 (BCN) Nicosia CY","ML110131GY, JMV800628 (BCN)",,,12,"MK105650 Russula hobartiae ML110131GY, JMV800628 (BCN) Nicosia CY",https://www.ncbi.nlm.nih.gov/nuccore/MK105650
MK169364,Russula zelleri,holotype,low,"Tip label mentions a type word, but the NCBI record has no type annotation",MK169364.1 Russula zelleri specimen_voucher OSC 5610 USA: Oregon holotype,OSC 5610,,,12,MK169364.1 Russula zelleri specimen_voucher OSC 5610 USA: Oregon holotype,https://www.ncbi.nlm.nih.gov/nuccore/MK169364
MK169376,Xeromphalina campanelloides,paratype,low,"Tip label mentions a type word, but the NCBI record has no type annotation",MK169376 Xeromphalina campanelloides MICH 187222 Paratype Quebec CA,MICH 187222 Paratype,,,12,MK169376 Xeromphalina campanelloides MICH 187222 Paratype Quebec CA,https://www.ncbi.nlm.nih.gov/nuccore/MK169376
OL461227,Russula sp.,type,low,"Tip label mentions a type word, but the NCBI record has no type annotation",OL461227 Russula sp. NPDF917-10L West Bengal IN,NPDF917-10L,,,12,OL461227 Russula sp. NPDF917-10L West Bengal IN,https://www.ncbi.nlm.nih.gov/nuccore/OL461227
JX429201,Melanoleuca communis,type,low,"Tip label mentions a type word, but the NCBI record has no type annotation",JX429201 Melanoleuca communis FCME MSG0032 Hidalgo MX,FCME MSG0032,,,11,JX429201 Melanoleuca communis FCME MSG0032 Hidalgo MX,https://www.ncbi.nlm.nih.gov/nuccore/JX429201
LN850594,Entoloma saussetiense,holotype,low,"Tip label mentions a type word, but the NCBI record has no type annotation",LN850594 Entoloma saussetiense holotype 08-067 PC0085778 France,holotype 08-067 PC0085778,,,11,LN850594 Entoloma saussetiense holotype 08-067 PC0085778 France,https://www.ncbi.nlm.nih.gov/nuccore/LN850594
MK101034,Agaricus xanthochromaticus,holotype,low,"Tip label mentions a type word, but the NCBI record has no type annotation",MK101034 Agaricus sp. HB-2018a KH262 Holotype Pakistan,KH262 Holotype,,,11,MK101034 Agaricus sp. HB-2018a KH262 Holotype Pakistan,https://www.ncbi.nlm.nih.gov/nuccore/MK101034
MW172301,Russula ambusta,type,low,"Tip label mentions a type word, but the NCBI record has no type annotation",MW172301 Russula ambusta SAV F-3358 Trnava SK,SAV F-3358,,,11,MW172301 Russula ambusta SAV F-3358 Trnava SK,https://www.ncbi.nlm.nih.gov/nuccore/MW172301
OB998022,Entoloma sp. 3 KK-2021,holotype,low,"Tip label mentions a type word, but the NCBI record has no type annotation",OB998022 Entoloma sp. 3 KK-2021 holotype KK8/19 Finland,holotype KK8/19,,,11,OB998022 Entoloma sp. 3 KK-2021 holotype KK8/19 Finland,https://www.ncbi.nlm.nih.gov/nuccore/OB998022
OB998030,Entoloma nidorosum,neotype,low,"Tip label mentions a type word, but the NCBI record has no type annotation",OB998030 Entoloma nidorosum neotype SR7056 Sweden,neotype SR7056,,,11,OB998030 Entoloma nidorosum neotype SR7056 Sweden,https://www.ncbi.nlm.nih.gov/nuccore/OB998030
MH414559,Mycena oboensis,holotype,low,"Tip label mentions a type word, but the NCBI record has no type annotation","MH414559 Mycena sp. AC-2018d BAP 669 (Holotype, SFSU)","BAP 669 (Holotype, SFSU)",,,10,"MH414559 Mycena sp. AC-2018d BAP 669 (Holotype, SFSU)",https://www.ncbi.nlm.nih.gov/nuccore/MH414559
OM327669,Leucoagaricus cupresseoides,holotype,low,"Tip label mentions a type word, but the NCBI record has no type annotation",OM327669 Leucoagaricus cupresseoides TR:gmb01484b (Holotype) Italy,TR:gmb01484b (Holotype),,,10,OM327669 Leucoagaricus cupresseoides TR:gmb01484b (Holotype) Italy,https://www.ncbi.nlm.nih.gov/nuccore/OM327669
KR822248,Amanita levistriata,paratype,low,"Tip label mentions a type word, but the NCBI record has no type annotation",KR822248.1 Amanita levistriata specimen_voucher RET 003-8 USA Mississippi Jackson County Pascagoula River Wildlife Management Area Parkers Lake paratype,RET 003-8,,,9,KR822248.1 Amanita levistriata specimen_voucher RET 003-8 USA Mississippi Jackson County Pascagoula River Wildlife Management Area Parkers Lake paratype,https://www.ncbi.nlm.nih.gov/nuccore/KR822248
MH043611,Baorangia alexandri,holotype,low,"Tip label mentions a type word, but the NCBI record has no type annotation","MH043611 Baorangia sp. EE-2018a LE 254266, Holotype Russia","LE 254266, Holotype",,,9,"MH043611 Baorangia sp. EE-2018a LE 254266, Holotype Russia",https://www.ncbi.nlm.nih.gov/nuccore/MH043611
MT055973,Ramaria ossolana,paratype,low,"Tip label mentions a type word, but the NCBI record has no type annotation",MT055973 Ramaria ossolana AMB 18592 Paratype Verbano-Cusio-Ossola IT,AMB 18592 Paratype,,,9,MT055973 Ramaria ossolana AMB 18592 Paratype Verbano-Cusio-Ossola IT,https://www.ncbi.nlm.nih.gov/nuccore/MT055973
MT055976,Ramaria ossolana,paratype,low,"Tip label mentions a type word, but the NCBI record has no type annotation",MT055976 Ramaria ossolana AMB 18595 Paratype Verbano-Cusio-Ossola IT,AMB 18595 Paratype,,,9,MT055976 Ramaria ossolana AMB 18595 Paratype Verbano-Cusio-Ossola IT,https://www.ncbi.nlm.nih.gov/nuccore/MT055976
ON540393,Pseudosperma sp.,holotype,low,"Tip label mentions a type word, but the NCBI record has no type annotation",ON540393 Pseudosperma sp. FYG3935 (holotype) China,FYG3935 (holotype),,,9,ON540393 Pseudosperma sp. FYG3935 (holotype) China,https://www.ncbi.nlm.nih.gov/nuccore/ON540393
ON864065,Pluteus romellii,neotype,low,"Tip label mentions a type word, but the NCBI record has no type annotation",ON864065 Pluteus romellii BRNM 761731 Neotype Czech Republic,BRNM 761731 Neotype,,,9,ON864065 Pluteus romellii BRNM 761731 Neotype Czech Republic,https://www.ncbi.nlm.nih.gov/nuccore/ON864065
OP135501,Inosperma sphaerobulbosum,holotype,low,"Tip label mentions a type word, but the NCBI record has no type annotation",OP135501 Inosperma sp. SNL-2022i MHHNU 32266 (holotype),MHHNU 32266 (holotype),,,9,OP135501 Inosperma sp. SNL-2022i MHHNU 32266 (holotype),https://www.ncbi.nlm.nih.gov/nuccore/OP135501
PQ279201,Russula pallidiflava,holotype,low,"Tip label mentions a type word, but the NCBI record has no type annotation",PQ279201 Russula pallidiflava BRNM 736028 ''HOLOTYPE'' South Bohemian CZ,BRNM 736028 ''HOLOTYPE'',,,9,PQ279201 Russula pallidiflava BRNM 736028 ''HOLOTYPE'' South Bohemian CZ,https://www.ncbi.nlm.nih.gov/nuccore/PQ279201
DQ663201,Cortinarius fulminatus,holotype,low,"Tip label mentions a type word, but the NCBI record has no type annotation",DQ663201 Cortinarius fulminatus PML4324 holotype,PML4324 holotype,,,8,DQ663201 Cortinarius fulminatus PML4324 holotype,https://www.ncbi.nlm.nih.gov/nuccore/DQ663201
DQ663206,Cortinarius xanthophylloides,holotype,low,"Tip label mentions a type word, but the NCBI record has no type annotation",DQ663206 Cortinarius xanthophylloides PML4644 holotype,PML4644 holotype,,,8,DQ663206 Cortinarius xanthophylloides PML4644 holotype,https://www.ncbi.nlm.nih.gov/nuccore/DQ663206
MH577999,Inocybe submuricellata var. stenospermina,type,low,"Tip label mentions a type word, but the NCBI record has no type annotation",MH577999 Inocybe submuricellata var. stenospermina ACAD:11682 Nova Scotia CA,ACAD:11682,,,8,MH577999 Inocybe submuricellata var. stenospermina ACAD:11682 Nova Scotia CA,https://www.ncbi.nlm.nih.gov/nuccore/MH577999
MK049972,Russula sp.,holotype,low,"Tip label mentions a type word, but the NCBI record has no type annotation",MK049972.1 Russula sp. specimen_voucher K15091418 holotype China holotype,K15091418 holotype,,,8,MK049972.1 Russula sp. specimen_voucher K15091418 holotype China holotype,https://www.ncbi.nlm.nih.gov/nuccore/MK049972
MN130093,Russula madrensis,holotype,low,"Tip label mentions a type word, but the NCBI record has no type annotation","MN130093.1 Russula madrensis specimen_voucher TLXM (AK3422) Mexico: Chihuahua, Municipality of Bocoyna, El Pinabetal holotype",TLXM (AK3422),,,8,"MN130093.1 Russula madrensis specimen_voucher TLXM (AK3422) Mexico: Chihuahua, Municipality of Bocoyna, El Pinabetal holotype",https://www.ncbi.nlm.nih.gov/nuccore/MN130093
OB998034,Entoloma sp. 2 KK-2021,holotype,low,"Tip label mentions a type word, but the NCBI record has no type annotation",OB998034 Entoloma sp. 2 KK-2021 holotype KK117/19 Finland,holotype KK117/19,,,8,OB998034 Entoloma sp. 2 KK-2021 holotype KK117/19 Finland,https://www.ncbi.nlm.nih.gov/nuccore/OB998034
OB998047,Entoloma sp. 1 KK-2021,holotype,low,"Tip label mentions a type word, but the NCBI record has no type annotation",OB998047 Entoloma sp. 1 KK-2021 holotype KK112/19 Sweden,holotype KK112/19,,,8,OB998047 Entoloma sp. 1 KK-2021 holotype KK112/19 Sweden,https://www.ncbi.nlm.nih.gov/nuccore/OB998047
JN710510,Trametopsis brasiliensis,isotype,low,"Tip label mentions a type word, but the NCBI record has no type annotation","JN710510 Antrodiella brasiliensis A.A.R. de Meijer et al. 3637 (O), isotype, lab no Otto Miettinen X203 Brazil","A.A.R. de Meijer et al. 3637 (O), isotype, lab no Otto Miettinen X203",,,7,"JN710510 Antrodiella brasiliensis A.A.R. de Meijer et al. 3637 (O), isotype, lab no Otto Miettinen X203 Brazil",https://www.ncbi.nlm.nih.gov/nuccore/JN710510
MH508268,Amanita brunneofuliginea,type,low,"Tip label mentions a type word, but the NCBI record has no type annotation",MH508268 Amanita brunneofuliginea HKAS83536 North Holland NL,HKAS83536,,,7,MH508268 Amanita brunneofuliginea HKAS83536 North Holland NL,https://www.ncbi.nlm.nih.gov/nuccore/MH508268
MK397582,Agrocybe liberata,isotype,low,"Tip label mentions a type word, but the NCBI record has no type annotation","MK397582 Bolbitius liberatus S 1302, isotype South Africa","S 1302, isotype",,,7,"MK397582 Bolbitius liberatus S 1302, isotype South Africa",https://www.ncbi.nlm.nih.gov/nuccore/MK397582
MW540975,Scutellinia scutellata var. discreta,paratype,low,"Tip label mentions a type word, but the NCBI record has no type annotation","MW540975 Scutellinia scutellata var. discreta TAAM:066075, paratype",TAAM:066075,,,7,"MW540975 Scutellinia scutellata var. discreta TAAM:066075, paratype",https://www.ncbi.nlm.nih.gov/nuccore/MW540975
MZ568649,Thaxterogaster vibratilis,neotype,low,"Tip label mentions a type word, but the NCBI record has no type annotation","MZ568649.1 Thaxterogaster vibratilis specimen_voucher H:6031329 Finland: Pera-Pohjola, Rovaniemi, Louevaara, Tuohilaki nature reserve area (east) neotype",H:6031329,,,7,"MZ568649.1 Thaxterogaster vibratilis specimen_voucher H:6031329 Finland: Pera-Pohjola, Rovaniemi, Louevaara, Tuohilaki nature reserve area (east) neotype",https://www.ncbi.nlm.nih.gov/nuccore/MZ568649
OP163149,Hebeloma amarellum,holotype,low,"Tip label mentions a type word, but the NCBI record has no type annotation",OP163149 Hebeloma amarellum MICH:MICH 10728 holotype United States,MICH:MICH 10728 holotype,,,7,OP163149 Hebeloma amarellum MICH:MICH 10728 holotype United States,https://www.ncbi.nlm.nih.gov/nuccore/OP163149
OP163150,Hebeloma hydrocybeoides,holotype,low,"Tip label mentions a type word, but the NCBI record has no type annotation",OP163150 Hebeloma hydrocybeoides MICH:MICH 10750 holotype United States,MICH:MICH 10750 holotype,,,7,OP163150 Hebeloma hydrocybeoides MICH:MICH 10750 holotype United States,https://www.ncbi.nlm.nih.gov/nuccore/OP163150
OP163153,Hebeloma parcivelum,holotype,low,"Tip label mentions a type word, but the NCBI record has no type annotation",OP163153 Hebeloma parcivelum MICH:MICH 5557 holotype United States,MICH:MICH 5557 holotype,,,7,OP163153 Hebeloma parcivelum MICH:MICH 5557 holotype United States,https://www.ncbi.nlm.nih.gov/nuccore/OP163153
OP163161,Hebeloma politum,holotype,low,"Tip label mentions a type word, but the NCBI record has no type annotation",OP163161 Hebeloma politum TENN:TENN-F-018866 holotype United States,TENN:TENN-F-018866 holotype,,,7,OP163161 Hebeloma politum TENN:TENN-F-018866 holotype United States,https://www.ncbi.nlm.nih.gov/nuccore/OP163161
OQ550174,Inocybe trollii,isotype,low,"Tip label mentions a type word, but the NCBI record has no type annotation",OQ550174 Inocybe trollii CNF 1/8917 isotype Austria,CNF 1/8917 isotype,,,7,OQ550174 Inocybe trollii CNF 1/8917 isotype Austria,https://www.ncbi.nlm.nih.gov/nuccore/OQ550174
PP037954,Mycena sp.,type,low,"Tip label mentions a type word, but the NCBI record has no type annotation",PP037954 Mycena Liu 489 China,Liu 489,,,7,PP037954 Mycena Liu 489 China,https://www.ncbi.nlm.nih.gov/nuccore/PP037954
PP387631,Tricholoma subsejunctum,type,low,"Tip label mentions a type word, but the NCBI record has no type annotation",PP387631 Tricholoma subsejunctum isolate NYSf3070,NYSf3070,,,7,PP387631 Tricholoma subsejunctum isolate NYSf3070,https://www.ncbi.nlm.nih.gov/nuccore/PP387631
MG735285,Pholiota brunnescens,paratype,low,"Tip label mentions a type word, but the NCBI record has no type annotation",MG735285 Pholiota brunnescens MICH:30237 (paratype) Oregon US,MICH:30237 (paratype),,,6,MG735285 Pholiota brunnescens MICH:30237 (paratype) Oregon US,https://www.ncbi.nlm.nih.gov/nuccore/MG735285
MN649195,Russula sp.,type,low,"Tip label mentions a type word, but the NCBI record has no type annotation",MN649195 Peziza irregularis HGAS-MF009922 Guizhou CN,HGAS-MF009922,,,6,MN649195 Peziza irregularis HGAS-MF009922 Guizhou CN,https://www.ncbi.nlm.nih.gov/nuccore/MN649195
MT055899,Ramaria canobrunnea,holotype,low,"Tip label mentions a type word, but the NCBI record has no type annotation",MT055899 Ramaria canobrunnea ZT Myc 54981 Holotype Neuchâtel,ZT Myc 54981 Holotype,,,6,MT055899 Ramaria canobrunnea ZT Myc 54981 Holotype Neuchâtel,https://www.ncbi.nlm.nih.gov/nuccore/MT055899
MT055929,Ramaria stricta f. sambucina,holotype,low,"Tip label mentions a type word, but the NCBI record has no type annotation",MT055929 Ramaria sp. PA-2020k AMB 18547 Holotype Pisa IT,AMB 18547,,,6,MT055929 Ramaria sp. PA-2020k AMB 18547 Holotype Pisa IT,https://www.ncbi.nlm.nih.gov/nuccore/MT055929
OL772669,Mycena capillata,holotype,low,"Tip label mentions a type word, but the NCBI record has no type annotation",OL772669 Fungi L0063217 holotype Paraná BR,L0063217 holotype,,,6,OL772669 Fungi L0063217 holotype Paraná BR,https://www.ncbi.nlm.nih.gov/nuccore/OL772669
OM304278,Pseudosperma sp.,holotype,low,"Tip label mentions a type word, but the NCBI record has no type annotation",OM304278 Pseudosperma sp. NXYC20201005_01(holotype) China,NXYC20201005_01(holotype),,,6,OM304278 Pseudosperma sp. NXYC20201005_01(holotype) China,https://www.ncbi.nlm.nih.gov/nuccore/OM304278
ON527951,Hygrophoropsis sp. PA-2022a,holotype,low,"Tip label mentions a type word, but the NCBI record has no type annotation",ON527951 Hygrophoropsis sp. PA-2022a AMB n. 18539 holotype Ferrara IT,AMB n. 18539 holotype,,,6,ON527951 Hygrophoropsis sp. PA-2022a AMB n. 18539 holotype Ferrara IT,https://www.ncbi.nlm.nih.gov/nuccore/ON527951
ON705264,Amanita abscondita,holotype,low,"Tip label mentions a type word, but the NCBI record has no type annotation",ON705264 Amanita abscondita SOMF30424 (holotype) Bulgaria,SOMF30424 (holotype),,,6,ON705264 Amanita abscondita SOMF30424 (holotype) Bulgaria,https://www.ncbi.nlm.nih.gov/nuccore/ON705264
ON869305,Leptomassaria simplex,epitype,low,"Tip label mentions a type word, but the NCBI record has no type annotation",ON869305.1 Leptomassaria simplex specimen_voucher WU:MYC:0044025 Austria epitype,WU:MYC:0044025,,,6,ON869305.1 Leptomassaria simplex specimen_voucher WU:MYC:0044025 Austria epitype,https://www.ncbi.nlm.nih.gov/nuccore/ON869305
OP135500,Inosperma squamulosohinnuleum,holotype,low,"Tip label mentions a type word, but the NCBI record has no type annotation",OP135500 Inosperma squamulosohinnuleum MHHNU 32195 (holotype),MHHNU 32195 (holotype),,,6,OP135500 Inosperma squamulosohinnuleum MHHNU 32195 (holotype),https://www.ncbi.nlm.nih.gov/nuccore/OP135500
OQ594402,Thaxterogaster tremens,type,low,"Tip label mentions a type word, but the NCBI record has no type annotation",OQ594402 Thaxterogaster tremens H:7018322 Trøndelag NO,H:7018322,,,6,OQ594402 Thaxterogaster tremens H:7018322 Trøndelag NO,https://www.ncbi.nlm.nih.gov/nuccore/OQ594402
PP037949,Mycena sp.,type,low,"Tip label mentions a type word, but the NCBI record has no type annotation",PP037949 Mycena Liu 369 China,Liu 369,,,6,PP037949 Mycena Liu 369 China,https://www.ncbi.nlm.nih.gov/nuccore/PP037949
KC669302,Psilocybe zapotecoantillarum,isotype,low,"Tip label mentions a type word, but the NCBI record has no type annotation","KC669302 Psilocybe zapotecoantillarum S. Cantrell & Salgado s.n., Isotype (XAL)","S. Cantrell & Salgado s.n., Isotype (XAL)",,,5,"KC669302 Psilocybe zapotecoantillarum S. Cantrell & Salgado s.n., Isotype (XAL)",https://www.ncbi.nlm.nih.gov/nuccore/KC669302
KY250435,Collybiopsis istanbulensis,isotype,low,"Tip label mentions a type word, but the NCBI record has no type annotation",KY250435 Marasmiellus sp. PA-2016 BRNM 781163 ISOTYPE,BRNM 781163 ISOTYPE,,,5,KY250435 Marasmiellus sp. PA-2016 BRNM 781163 ISOTYPE,https://www.ncbi.nlm.nih.gov/nuccore/KY250435
LS992163,Tricholomopsis badinensis,holotype,low,"Tip label mentions a type word, but the NCBI record has no type annotation",LS992163 Tricholomopsis sp. MK-2018a PRM:946195 (holotype) Slovakia,PRM:946195 (holotype),,,5,LS992163 Tricholomopsis sp. MK-2018a PRM:946195 (holotype) Slovakia,https://www.ncbi.nlm.nih.gov/nuccore/LS992163
MG735291,Pholiota brunnescens,paratype,low,"Tip label mentions a type word, but the NCBI record has no type annotation",MG735291 Pholiota brunnescens MICH:30234 (paratype) Idaho US,MICH:30234 (paratype),,,5,MG735291 Pholiota brunnescens MICH:30234 (paratype) Idaho US,https://www.ncbi.nlm.nih.gov/nuccore/MG735291
MH087015,Hygrophorus siccipes,isotype,low,"Tip label mentions a type word, but the NCBI record has no type annotation",MH087015 Hygrophorus siccipes TENN23665 Isotype United States,TENN23665 Isotype,,,5,MH087015 Hygrophorus siccipes TENN23665 Isotype United States,https://www.ncbi.nlm.nih.gov/nuccore/MH087015
MK508903,Inosperma chlorochroum,isotype,low,"Tip label mentions a type word, but the NCBI record has no type annotation",MK508903 Inosperma chlorochroum GC06090501 isotype France,GC06090501 isotype,,,5,MK508903 Inosperma chlorochroum GC06090501 isotype France,https://www.ncbi.nlm.nih.gov/nuccore/MK508903
MK602773,Sarcodon quercinofibulatus,isotype,low,"Tip label mentions a type word, but the NCBI record has no type annotation",MK602773 Sarcodon quercinofibulatus JC20090718 Isotype Italy,JC20090718 Isotype,,,5,MK602773 Sarcodon quercinofibulatus JC20090718 Isotype Italy,https://www.ncbi.nlm.nih.gov/nuccore/MK602773
MN243180,Hygrophorus pustulatus,neotype,low,"Tip label mentions a type word, but the NCBI record has no type annotation","MN243180 Hygrophorus pustulatus GB0183665, Neotype Sweden","GB0183665, Neotype",,,5,"MN243180 Hygrophorus pustulatus GB0183665, Neotype Sweden",https://www.ncbi.nlm.nih.gov/nuccore/MN243180
MW540968,Scutellinia peloponnesiaca,holotype,low,"Tip label mentions a type word, but the NCBI record has no type annotation","MW540968 Scutellinia peloponnesiaca PRM:724261, holotype",PRM:724261,,,5,"MW540968 Scutellinia peloponnesiaca PRM:724261, holotype",https://www.ncbi.nlm.nih.gov/nuccore/MW540968
OK376730,Thelephora scissilis,type,low,"Tip label mentions a type word, but the NCBI record has no type annotation",OK376730 Thelephora scissilis West Virginia US,,,,5,OK376730 Thelephora scissilis West Virginia US,https://www.ncbi.nlm.nih.gov/nuccore/OK376730
OM801905,Pseudosperma laricis,holotype,low,"Tip label mentions a type word, but the NCBI record has no type annotation",OM801905 Pseudosperma sp. NM-2022a BJTC FM887 (holotype) China,BJTC FM887 (holotype),,,5,OM801905 Pseudosperma sp. NM-2022a BJTC FM887 (holotype) China,https://www.ncbi.nlm.nih.gov/nuccore/OM801905
OP453345,Mycena morenoi,holotype,low,"Tip label mentions a type word, but the NCBI record has no type annotation",OP453345 Mycena sp. MVC-2022c AH56031 Holotype Lugo ES,AH56031 Holotype,,,5,OP453345 Mycena sp. MVC-2022c AH56031 Holotype Lugo ES,https://www.ncbi.nlm.nih.gov/nuccore/OP453345
OR139041,Mallocybe acystidiata,holotype,low,"Tip label mentions a type word, but the NCBI record has no type annotation",OR139041 Mallocybe acystidiata M-0216716 (holotype) Lower Saxony DE,M-0216716 (holotype),,,5,OR139041 Mallocybe acystidiata M-0216716 (holotype) Lower Saxony DE,https://www.ncbi.nlm.nih.gov/nuccore/OR139041
OR419915,Omphalina pseudomuralis,type,low,"Tip label mentions a type word, but the NCBI record has no type annotation",OR419915 Omphalina pseudomuralis L71-112 France: Savoie,L71-112,,,5,OR419915 Omphalina pseudomuralis L71-112 France: Savoie,https://www.ncbi.nlm.nih.gov/nuccore/OR419915
AJ810040,Rhizopogon pseudoroseolus,paratype,low,"Tip label mentions a type word, but the NCBI record has no type annotation","AJ810040 Rhizopogon pseudoroseolus Herb. MICH, A.H.Smith 66302, PARATYPE Michigan US","Herb. MICH, A.H.Smith 66302, PARATYPE",,,4,"AJ810040 Rhizopogon pseudoroseolus Herb. MICH, A.H.Smith 66302, PARATYPE Michigan US",https://www.ncbi.nlm.nih.gov/nuccore/AJ810040
AJ810041,Rhizopogon pseudoroseolus,paratype,low,"Tip label mentions a type word, but the NCBI record has no type annotation","AJ810041 Rhizopogon pseudoroseolus Herb. MICH, A.H.Smith 66604, PARATYPE Michigan US","Herb. MICH, A.H.Smith 66604, PARATYPE",,,4,"AJ810041 Rhizopogon pseudoroseolus Herb. MICH, A.H.Smith 66604, PARATYPE Michigan US",https://www.ncbi.nlm.nih.gov/nuccore/AJ810041
HG798529,Russula fuliginosa,holotype,low,"Tip label mentions a type word, but the NCBI record has no type annotation",HG798529 Russula fuliginosa IB 1992/0454 (holotype) Italy,IB 1992/0454 (holotype),,,4,HG798529 Russula fuliginosa IB 1992/0454 (holotype) Italy,https://www.ncbi.nlm.nih.gov/nuccore/HG798529
MH168570,Russula rufobasalis,holotype,low,"Tip label mentions a type word, but the NCBI record has no type annotation",MH168570 Russula rufobasalis H17052204 holotype China,H17052204 holotype,,,4,MH168570 Russula rufobasalis H17052204 holotype China,https://www.ncbi.nlm.nih.gov/nuccore/MH168570
MH414566,Pseudohydropus globosporus,holotype,low,"Tip label mentions a type word, but the NCBI record has no type annotation","MH414566 Hydropus sp. AC-2018a BAP 661 (Holotype, SFSU)","BAP 661 (Holotype, SFSU)",,,4,"MH414566 Hydropus sp. AC-2018a BAP 661 (Holotype, SFSU)",https://www.ncbi.nlm.nih.gov/nuccore/MH414566
MK046853,Lactifluus caribaeus,paratype,low,"Tip label mentions a type word, but the NCBI record has no type annotation",MK046853 Lactifluus caribaeus voucher J.P._Fiard_827B (paratype) J.P._Fiard_827B (paratype),J.P._Fiard_827B (paratype),,,4,MK046853 Lactifluus caribaeus voucher J.P._Fiard_827B (paratype) J.P._Fiard_827B (paratype),https://www.ncbi.nlm.nih.gov/nuccore/MK046853
MK400234,Cantharellula felleoides,holotype,low,"Tip label mentions a type word, but the NCBI record has no type annotation",MK400234 Clitocybe felleoides MICH10141 (holotype),MICH10141 (holotype),,,4,MK400234 Clitocybe felleoides MICH10141 (holotype),https://www.ncbi.nlm.nih.gov/nuccore/MK400234
MK400236,Pseudoomphalina compressipes,holotype,low,"Tip label mentions a type word, but the NCBI record has no type annotation",MK400236 Pseudoomphalina compressipes NYSf827 (holotype) United States,NYSf827 (holotype),,,4,MK400236 Pseudoomphalina compressipes NYSf827 (holotype) United States,https://www.ncbi.nlm.nih.gov/nuccore/MK400236
MK400237,Collybia aperta,holotype,low,"Tip label mentions a type word, but the NCBI record has no type annotation",MK400237 Clitocybe aperta NYSf289 (holotype) United States,NYSf289 (holotype),,,4,MK400237 Clitocybe aperta NYSf289 (holotype) United States,https://www.ncbi.nlm.nih.gov/nuccore/MK400237
MK514613,Hydnoporia corrugata,type,low,"Tip label mentions a type word, but the NCBI record has no type annotation",MK514613 Hydnoporia corrugata Jon Klepsland 2011-7-24 (O F-247869) Rogaland NO,Jon Klepsland 2011-7-24 (O F-247869),,,4,MK514613 Hydnoporia corrugata Jon Klepsland 2011-7-24 (O F-247869) Rogaland NO,https://www.ncbi.nlm.nih.gov/nuccore/MK514613
MN275014,Inocybe leonina,isotype,low,"Tip label mentions a type word, but the NCBI record has no type annotation","MN275014 Inocybe leonina AH6128,isotype","AH6128,isotype",,,4,"MN275014 Inocybe leonina AH6128,isotype",https://www.ncbi.nlm.nih.gov/nuccore/MN275014
MN545697,Amanita malleata,lectotype,low,"Tip label mentions a type word, but the NCBI record has no type annotation",MN545697 Amanita malleata LIP M.Bon 80092206a (LECTOTYPE) Ain FR,LIP M.Bon 80092206a (LECTOTYPE),,,4,MN545697 Amanita malleata LIP M.Bon 80092206a (LECTOTYPE) Ain FR,https://www.ncbi.nlm.nih.gov/nuccore/MN545697
MT055900,Ramaria flavoides,holotype,low,"Tip label mentions a type word, but the NCBI record has no type annotation",MT055900 Ramaria flavoides ZT Myc 54974 Holotype Treviso IT,ZT Myc 54974 Holotype,,,4,MT055900 Ramaria flavoides ZT Myc 54974 Holotype Treviso IT,https://www.ncbi.nlm.nih.gov/nuccore/MT055900
MT055975,Ramaria ichnusensis,paratype,low,"Tip label mentions a type word, but the NCBI record has no type annotation",MT055975 Ramaria sp. PA-2020e AMB 18594 Paratype Nuoro IT,AMB 18594 Paratype,,,4,MT055975 Ramaria sp. PA-2020e AMB 18594 Paratype Nuoro IT,https://www.ncbi.nlm.nih.gov/nuccore/MT055975
OM801909,Pseudosperma pseudoniveivelatum,holotype,low,"Tip label mentions a type word, but the NCBI record has no type annotation",OM801909 Pseudosperma sp. NM-2022b BJTC FM1660 (holotype) China,BJTC FM1660 (holotype),,,4,OM801909 Pseudosperma sp. NM-2022b BJTC FM1660 (holotype) China,https://www.ncbi.nlm.nih.gov/nuccore/OM801909
OP135499,Inosperma squamulosobrunneum,holotype,low,"Tip label mentions a type word, but the NCBI record has no type annotation",OP135499 Inosperma sp. SNL-2022g MHHNU 32359 (holotype),MHHNU 32359 (holotype),,,4,OP135499 Inosperma sp. SNL-2022g MHHNU 32359 (holotype),https://www.ncbi.nlm.nih.gov/nuccore/OP135499
OP221719,Tricholoma subaureum,holotype,low,"Tip label mentions a type word, but the NCBI record has no type annotation",OP221719 Tricholoma subaureum Holotype Ovrebo 343 Michigan US,Holotype Ovrebo 343,,,4,OP221719 Tricholoma subaureum Holotype Ovrebo 343 Michigan US,https://www.ncbi.nlm.nih.gov/nuccore/OP221719
OR469267,Collybiopsis sp.,ex-type,low,"Tip label mentions a type word, but the NCBI record has no type annotation",OR469267 Collybiopsis sp. ex-type culture LE-BIN4441 Đắk Lắk VN,ex-type culture LE-BIN4441,,,4,OR469267 Collybiopsis sp. ex-type culture LE-BIN4441 Đắk Lắk VN,https://www.ncbi.nlm.nih.gov/nuccore/OR469267
PP037951,Mycena sp.,type,low,"Tip label mentions a type word, but the NCBI record has no type annotation",PP037951 Mycena Liu 453 China,Liu 453,,,4,PP037951 Mycena Liu 453 China,https://www.ncbi.nlm.nih.gov/nuccore/PP037951
PQ885458,Polyporus hispidoides,type,low,"Tip label mentions a type word, but the NCBI record has no type annotation",PQ885458 Polyporus hispidoides EP8 New York,EP8,,,4,PQ885458 Polyporus hispidoides EP8 New York,https://www.ncbi.nlm.nih.gov/nuccore/PQ885458
PV037629,Pluteus sp. VM-2025a,holotype,low,"Tip label mentions a type word, but the NCBI record has no type annotation",PV037629 Pluteus sp. VM-2025a LE F-354561 Holotype Russia,LE F-354561 Holotype,,,4,PV037629 Pluteus sp. VM-2025a LE F-354561 Holotype Russia,https://www.ncbi.nlm.nih.gov/nuccore/PV037629
DQ663279,Cortinarius pseudoprasinus,holotype,low,"Tip label mentions a type word, but the NCBI record has no type annotation",DQ663279 Cortinarius pseudoprasinus PML204 holotype,PML204 holotype,,,3,DQ663279 Cortinarius pseudoprasinus PML204 holotype,https://www.ncbi.nlm.nih.gov/nuccore/DQ663279
HE647707,Russula sp. AR-2011,holotype,low,"Tip label mentions a type word, but the NCBI record has no type annotation",HE647707.1 Russula oetentoides Holotype,K-23,,,3,HE647707.1 Russula oetentoides Holotype,https://www.ncbi.nlm.nih.gov/nuccore/HE647707
HG798528,Russula hortensis,holotype,low,"Tip label mentions a type word, but the NCBI record has no type annotation",HG798528 Russula hortensis IB 1997/0787 (holotype) Italy,IB 1997/0787 (holotype),,,3,HG798528 Russula hortensis IB 1997/0787 (holotype) Italy,https://www.ncbi.nlm.nih.gov/nuccore/HG798528
HM562131,Pluteus glaucotinctus,holotype,low,"Tip label mentions a type word, but the NCBI record has no type annotation",HM562131 Pluteus glaucotinctus Gossens-Fontana 5274 (holotype) Democratic Republic of Congo,Gossens-Fontana 5274 (holotype),,,3,HM562131 Pluteus glaucotinctus Gossens-Fontana 5274 (holotype) Democratic Republic of Congo,https://www.ncbi.nlm.nih.gov/nuccore/HM562131
JX892947,Vuilleminia nilsii,holotype,low,"Tip label mentions a type word, but the NCBI record has no type annotation","JX892947 Vuilleminia nilsii Duhem 4847 (holotype, PC0124801, PC) France","Duhem 4847 (holotype, PC0124801, PC)",,,3,"JX892947 Vuilleminia nilsii Duhem 4847 (holotype, PC0124801, PC) France",https://www.ncbi.nlm.nih.gov/nuccore/JX892947
KR494275,Punctulariopsis cremeoalbida,holotype,low,"Tip label mentions a type word, but the NCBI record has no type annotation","KR494275 Punctulariopsis cremeoalbida Burdsall 9616 (CFMR, holotype) United States","Burdsall 9616 (CFMR, holotype)",,,3,"KR494275 Punctulariopsis cremeoalbida Burdsall 9616 (CFMR, holotype) United States",https://www.ncbi.nlm.nih.gov/nuccore/KR494275
KX834247,Amanita lividopallescens var. globosispora,holotype,low,"Tip label mentions a type word, but the NCBI record has no type annotation",KX834247 Amanita lividopallescens var. globosispora M-0200751 Herbarium E Ludwig 3735 Holotype Sweden,M-0200751 Herbarium E Ludwig 3735 Holotype,,,3,KX834247 Amanita lividopallescens var. globosispora M-0200751 Herbarium E Ludwig 3735 Holotype Sweden,https://www.ncbi.nlm.nih.gov/nuccore/KX834247
LT797165,Rubroboletus legaliae,neotype,low,"Tip label mentions a type word, but the NCBI record has no type annotation","LT797165 Rubroboletus legaliae PRM 894134, neotype Czech Republic","PRM 894134, neotype",,,3,"LT797165 Rubroboletus legaliae PRM 894134, neotype Czech Republic",https://www.ncbi.nlm.nih.gov/nuccore/LT797165
MG735293,Pholiota carbonaria,paratype,low,"Tip label mentions a type word, but the NCBI record has no type annotation",MG735293 Pholiota highlandensis MICH:30243 (paratype) California US,MICH:30243 (paratype),,,3,MG735293 Pholiota highlandensis MICH:30243 (paratype) California US,https://www.ncbi.nlm.nih.gov/nuccore/MG735293
MK046854,Lactifluus murinipes,holotype,low,"Tip label mentions a type word, but the NCBI record has no type annotation",MK046854 Lactifluus murinipes voucher J.P._Fiard_837A (holotype L. castaneibadius) J.P._Fiard_837A (holotype L. castaneibadius),J.P._Fiard_837A (holotype L. castaneibadius),,,3,MK046854 Lactifluus murinipes voucher J.P._Fiard_837A (holotype L. castaneibadius) J.P._Fiard_837A (holotype L. castaneibadius),https://www.ncbi.nlm.nih.gov/nuccore/MK046854
MK046859,Lactifluus panuoides,paratype,low,"Tip label mentions a type word, but the NCBI record has no type annotation",MK046859 Lactifluus panuoides R.W.G._Dennis_109A (paratype) Trinidad and Tobago,R.W.G._Dennis_109A (paratype),,,3,MK046859 Lactifluus panuoides R.W.G._Dennis_109A (paratype) Trinidad and Tobago,https://www.ncbi.nlm.nih.gov/nuccore/MK046859
MK929257,Inocybe caprimulgi,paratype,low,"Tip label mentions a type word, but the NCBI record has no type annotation",MK929257.1 Inocybe caprimulgi PARATYPE EU (PBM),TUR-A 31111,,,3,MK929257.1 Inocybe caprimulgi PARATYPE EU (PBM),https://www.ncbi.nlm.nih.gov/nuccore/MK929257
MT055932,Phaeoclavulina carovinacea,paratype,low,"Tip label mentions a type word, but the NCBI record has no type annotation",MT055932 Phaeoclavulina sp. PA-2020b AMB 18550 Paratype Grosseto IT,AMB 18550,,,3,MT055932 Phaeoclavulina sp. PA-2020b AMB 18550 Paratype Grosseto IT,https://www.ncbi.nlm.nih.gov/nuccore/MT055932
MT055933,Phaeoclavulina carovinacea,paratype,low,"Tip label mentions a type word, but the NCBI record has no type annotation",MT055933 Phaeoclavulina sp. PA-2020b AMB 18551 Paratype Pisa IT,AMB 18551,,,3,MT055933 Phaeoclavulina sp. PA-2020b AMB 18551 Paratype Pisa IT,https://www.ncbi.nlm.nih.gov/nuccore/MT055933
OL772667,Mycena amoena,holotype,low,"Tip label mentions a type word, but the NCBI record has no type annotation",OL772667 Mycena sp. JM-2021a L0607542 holotype Overijssel NL,L0607542 holotype,,,3,OL772667 Mycena sp. JM-2021a L0607542 holotype Overijssel NL,https://www.ncbi.nlm.nih.gov/nuccore/OL772667
ON008499,Entoloma violaceoparkensis,holotype,low,"Tip label mentions a type word, but the NCBI record has no type annotation",ON008499 Entoloma violaceoparkensis L:0607466 Holotype France,L:0607466 Holotype,,,3,ON008499 Entoloma violaceoparkensis L:0607466 Holotype France,https://www.ncbi.nlm.nih.gov/nuccore/ON008499
ON745613,Hausknechtia floriformis,holotype,low,"Tip label mentions a type word, but the NCBI record has no type annotation",ON745613 Hausknechtia floriformis WU22832 holotype Vanuatu,WU22832 holotype,,,3,ON745613 Hausknechtia floriformis WU22832 holotype Vanuatu,https://www.ncbi.nlm.nih.gov/nuccore/ON745613
ON869314,Oligostoma insidiosum,epitype,low,"Tip label mentions a type word, but the NCBI record has no type annotation",ON869314.1 Oligostoma insidiosum specimen_voucher WU:MYC:0044032 Switzerland epitype,WU:MYC:0044032,,,3,ON869314.1 Oligostoma insidiosum specimen_voucher WU:MYC:0044032 Switzerland epitype,https://www.ncbi.nlm.nih.gov/nuccore/ON869314
OQ845967,Clitopilus paxilloides,holotype,low,"Tip label mentions a type word, but the NCBI record has no type annotation","OQ845967 Clitopilus paxilloides holotype, L Norway: Buskerud","holotype, L",,,3,"OQ845967 Clitopilus paxilloides holotype, L Norway: Buskerud",https://www.ncbi.nlm.nih.gov/nuccore/OQ845967
OR233612,Mycena luciferina,holotype,low,"Tip label mentions a type word, but the NCBI record has no type annotation","OR233612 Mycena luciferina IBUG:ACP2114, Holotype Mexico","IBUG:ACP2114, Holotype",,,3,"OR233612 Mycena luciferina IBUG:ACP2114, Holotype Mexico",https://www.ncbi.nlm.nih.gov/nuccore/OR233612
PP387629,Tricholoma acris,type,low,"Tip label mentions a type word, but the NCBI record has no type annotation",PP387629 Tricholoma acris Massachusetts US,NYSf0062,,,3,PP387629 Tricholoma acris Massachusetts US,https://www.ncbi.nlm.nih.gov/nuccore/PP387629
PQ282896,Inocybe dunensis,holotype,low,"Tip label mentions a type word, but the NCBI record has no type annotation",PQ282896 Inocybe dunensis K 60273 Holotype England GB,K 60273 Holotype,,,3,PQ282896 Inocybe dunensis K 60273 Holotype England GB,https://www.ncbi.nlm.nih.gov/nuccore/PQ282896
PQ758766,Inocybe infida,holotype,low,"Tip label mentions a type word, but the NCBI record has no type annotation","PQ758766 Inocybe infida NYSf1549, Holotype New York US","NYSf1549, Holotype",,,3,"PQ758766 Inocybe infida NYSf1549, Holotype New York US",https://www.ncbi.nlm.nih.gov/nuccore/PQ758766
PV017464,Hygrophorus spodoleucus,holotype,low,"Tip label mentions a type word, but the NCBI record has no type annotation","PV017464 Hygrophorus spodoleucus Moser IB65-252, Holotype Switzerland","Moser IB65-252, Holotype",,,3,"PV017464 Hygrophorus spodoleucus Moser IB65-252, Holotype Switzerland",https://www.ncbi.nlm.nih.gov/nuccore/PV017464
PV646422,Entoloma perfuscum,holotype,low,"Tip label mentions a type word, but the NCBI record has no type annotation",PV646422.1 Inocephalus perfuscum HOLOTYPE WA (no 5.8s) (/VELENOVSKYI?),NYBG:00911776,,,3,PV646422.1 Inocephalus perfuscum HOLOTYPE WA (no 5.8s) (/VELENOVSKYI?),https://www.ncbi.nlm.nih.gov/nuccore/PV646422
PV646423,Entoloma scabrulosum,holotype,low,"Tip label mentions a type word, but the NCBI record has no type annotation","PV646423 Paraleptonia scabrulosum HOLOTYPE CA (unknown genus, as Paraleptonia=Claudopus, no 5.8s)",NYBG:00834644,,,3,"PV646423 Paraleptonia scabrulosum HOLOTYPE CA (unknown genus, as Paraleptonia=Claudopus, no 5.8s)",https://www.ncbi.nlm.nih.gov/nuccore/PV646423
PX412025,Entoloma austriacum,type,low,"Tip label mentions a type word, but the NCBI record has no type annotation",PX412025 Entoloma austriacum RC/A90.020 (LIP) Austria,RC/A90.020 (LIP),,,3,PX412025 Entoloma austriacum RC/A90.020 (LIP) Austria,https://www.ncbi.nlm.nih.gov/nuccore/PX412025
PZ176598,Mycena subinsignis,holotype,low,"Tip label mentions a type word, but the NCBI record has no type annotation",PZ176598 Mycena subinsignis AH34357 Holotype Segovia ES,AH34357 Holotype,,,3,PZ176598 Mycena subinsignis AH34357 Holotype Segovia ES,https://www.ncbi.nlm.nih.gov/nuccore/PZ176598
AY603102,Russula xerophila,paratype,low,"Tip label mentions a type word, but the NCBI record has no type annotation",AY603102 Gymnomyces xerophilus SRC-433 (paratype),SRC-433 (paratype),,,2,AY603102 Gymnomyces xerophilus SRC-433 (paratype),https://www.ncbi.nlm.nih.gov/nuccore/AY603102
DQ028476,Russula xerophila,paratype,low,"Tip label mentions a type word, but the NCBI record has no type annotation",DQ028476 Gymnomyces xerophilus SRC648 (paratype),SRC648 (paratype),,,2,DQ028476 Gymnomyces xerophilus SRC648 (paratype),https://www.ncbi.nlm.nih.gov/nuccore/DQ028476
FJ601808,Gerhardtia highlandensis,isotype,low,"Tip label mentions a type word, but the NCBI record has no type annotation",FJ601808 Gerhardtia highlandensis TENN 16020 (AHS 7537) (isotype) North Carolina US,TENN 16020 (AHS 7537) (isotype),,,2,FJ601808 Gerhardtia highlandensis TENN 16020 (AHS 7537) (isotype) North Carolina US,https://www.ncbi.nlm.nih.gov/nuccore/FJ601808
HG798527,Russula putida,holotype,low,"Tip label mentions a type word, but the NCBI record has no type annotation",HG798527.1 Russula putida specimen_voucher IB 1997/0791 (holotype) Italy holotype,IB 1997/0791 (holotype),,,2,HG798527.1 Russula putida specimen_voucher IB 1997/0791 (holotype) Italy holotype,https://www.ncbi.nlm.nih.gov/nuccore/HG798527
KR029752,Elaphomyces sp. 2 EL-2015,holotype,low,"Tip label mentions a type word, but the NCBI record has no type annotation",KR029752.1 Elaphomyces roseoviolaceus HOLOTYPE EU,OF21376,,,2,KR029752.1 Elaphomyces roseoviolaceus HOLOTYPE EU,https://www.ncbi.nlm.nih.gov/nuccore/KR029752
KR494276,Punctulariopsis efibulata,holotype,low,"Tip label mentions a type word, but the NCBI record has no type annotation","KR494276 Punctulariopsis efibulata Burdsall 8824 (CFMR, holotype) United States","Burdsall 8824 (CFMR, holotype)",,,2,"KR494276 Punctulariopsis efibulata Burdsall 8824 (CFMR, holotype) United States",https://www.ncbi.nlm.nih.gov/nuccore/KR494276
KX290790,Inocybe mixtilis,paratype,low,"Tip label mentions a type word, but the NCBI record has no type annotation",KX290790 Inocybe mixtilis EF 45/200 (paratype) Turin IT,EF 45/200 (paratype),,,2,KX290790 Inocybe mixtilis EF 45/200 (paratype) Turin IT,https://www.ncbi.nlm.nih.gov/nuccore/KX290790
KX834250,Amanita populiphila,type,low,"Tip label mentions a type word, but the NCBI record has no type annotation",KX834250.1 Amanita populiphila TYPE (=ID),Tullos 5-15-92-EMI (NY00066712) Holotype,,,2,KX834250.1 Amanita populiphila TYPE (=ID),https://www.ncbi.nlm.nih.gov/nuccore/KX834250
MG696620,Clitocybe subsinopica,holotype,low,"Tip label mentions a type word, but the NCBI record has no type annotation",MG696620.1 Clitocybe subsinopica isolate H 6049138 holotype Clitocybe subsinopica,H 6049138,,,2,MG696620.1 Clitocybe subsinopica isolate H 6049138 holotype Clitocybe subsinopica,https://www.ncbi.nlm.nih.gov/nuccore/MG696620
MH374533,Galeropsis andina,isotype,low,"Tip label mentions a type word, but the NCBI record has no type annotation",MH374533 Galeropsis andina isotype BAFC31514 Argentina,isotype BAFC31514,,,2,MH374533 Galeropsis andina isotype BAFC31514 Argentina,https://www.ncbi.nlm.nih.gov/nuccore/MH374533
MH414552,Mycena longinqua,holotype,low,"Tip label mentions a type word, but the NCBI record has no type annotation","MH414552 Mycena longinqua BAP 648 (Holotype, SFSU)","BAP 648 (Holotype, SFSU)",,,2,"MH414552 Mycena longinqua BAP 648 (Holotype, SFSU)",https://www.ncbi.nlm.nih.gov/nuccore/MH414552
MH790445,Xylaria aethiopica,isotype,low,"Tip label mentions a type word, but the NCBI record has no type annotation","MH790445 Xylaria aethiopica YMJ 1136 (HAST, ISOTYPE) Ethiopia","YMJ 1136 (HAST, ISOTYPE)",,,2,"MH790445 Xylaria aethiopica YMJ 1136 (HAST, ISOTYPE) Ethiopia",https://www.ncbi.nlm.nih.gov/nuccore/MH790445
MK397574,Galeropsis andina,isotype,low,"Tip label mentions a type word, but the NCBI record has no type annotation","MK397574 Galeropsis andina BAFC31514, isotype Argentina","BAFC31514, isotype",,,2,"MK397574 Galeropsis andina BAFC31514, isotype Argentina",https://www.ncbi.nlm.nih.gov/nuccore/MK397574
MN243170,Hygrophorus olivaceoalbus,epitype,low,"Tip label mentions a type word, but the NCBI record has no type annotation","MN243170 Hygrophorus olivaceoalbus GB0183666, epitype","GB0183666, epitype",,,2,"MN243170 Hygrophorus olivaceoalbus GB0183666, epitype",https://www.ncbi.nlm.nih.gov/nuccore/MN243170
MT232356,Pterulicium gracile,epitype,low,"Tip label mentions a type word, but the NCBI record has no type annotation",MT232356.1 Pterulicium gracile EPITYPE Sweden (Canada matches),IO.14.142 (S),,,2,MT232356.1 Pterulicium gracile EPITYPE Sweden (Canada matches),https://www.ncbi.nlm.nih.gov/nuccore/MT232356
MW597300,Tricholoma moseri,type,low,"Tip label mentions a type word, but the NCBI record has no type annotation",MW597300 Tricholoma moseri F-C02152F Coahuila MX,F-C02152F,,,2,MW597300 Tricholoma moseri F-C02152F Coahuila MX,https://www.ncbi.nlm.nih.gov/nuccore/MW597300
NR132792,,type,low,Tip label mentions a type word; NCBI record could not be fetched,NR132792.1 Typhula maritima TNS F-17094 ITS region; from TYPE material,,,,2,NR132792.1 Typhula maritima TNS F-17094 ITS region; from TYPE material,https://www.ncbi.nlm.nih.gov/nuccore/NR132792
OK257212,Micropsalliota albofelina,holotype,low,"Tip label mentions a type word, but the NCBI record has no type annotation","OK257212 Micropsalliota albofelina LE312536, holotype Vietnam","LE312536, holotype",,,2,"OK257212 Micropsalliota albofelina LE312536, holotype Vietnam",https://www.ncbi.nlm.nih.gov/nuccore/OK257212
ON113883,Mycena fragosa,holotype,low,"Tip label mentions a type word, but the NCBI record has no type annotation",ON113883 Mycena sp. MVC-2022a AH56008 (Holotype),AH56008 (Holotype),,,2,ON113883 Mycena sp. MVC-2022a AH56008 (Holotype),https://www.ncbi.nlm.nih.gov/nuccore/ON113883
ON869315,Oligostoma insidiosum,epitype,low,"Tip label mentions a type word, but the NCBI record has no type annotation",ON869315.1 Oligostoma insidiosum specimen_voucher WU:MYC:0044033 Austria epitype,WU:MYC:0044033,,,2,ON869315.1 Oligostoma insidiosum specimen_voucher WU:MYC:0044033 Austria epitype,https://www.ncbi.nlm.nih.gov/nuccore/ON869315
ON888675,Amanita dryophila f. grisea,holotype,low,"Tip label mentions a type word, but the NCBI record has no type annotation","ON888675 Amanita dryophila f. grisea JA-CUSSTA 9332, holotype Córdoba ES","JA-CUSSTA 9332, holotype",,,2,"ON888675 Amanita dryophila f. grisea JA-CUSSTA 9332, holotype Córdoba ES",https://www.ncbi.nlm.nih.gov/nuccore/ON888675
OQ633210,Neotropicomus indicus,holotype,low,"Tip label mentions a type word, but the NCBI record has no type annotation",OQ633210 Neotropicomus sp. SN-2023a ZGCSN180 holotype India,ZGCSN180 holotype,,,2,OQ633210 Neotropicomus sp. SN-2023a ZGCSN180 holotype India,https://www.ncbi.nlm.nih.gov/nuccore/OQ633210
OQ883722,Xylaria simplicissima,epitype,low,"Tip label mentions a type word, but the NCBI record has no type annotation","OQ883722 Xylaria sp. CKP-2023b MP111004 (HAST145982, EPITYPE) North Karelia FI","MP111004 (HAST145982, EPITYPE)",,,2,"OQ883722 Xylaria sp. CKP-2023b MP111004 (HAST145982, EPITYPE) North Karelia FI",https://www.ncbi.nlm.nih.gov/nuccore/OQ883722
OR233603,Mycena luxmanantlanensis,holotype,low,"Tip label mentions a type word, but the NCBI record has no type annotation",OR233603 Mycena luxmanantlanensis ACP2160 Holotype Mexico,"IBUG:ACP2160, Holotype",,,2,OR233603 Mycena luxmanantlanensis ACP2160 Holotype Mexico,https://www.ncbi.nlm.nih.gov/nuccore/OR233603
OR233614,Mycena luceata,holotype,low,"Tip label mentions a type word, but the NCBI record has no type annotation",OR233614 Mycena luceata ACP2116 Holotype Mexico,"IBUG:ACP2116, Holotype",,,2,OR233614 Mycena luceata ACP2116 Holotype Mexico,https://www.ncbi.nlm.nih.gov/nuccore/OR233614
OR872182,Volvariella lanata,holotype,low,"Tip label mentions a type word, but the NCBI record has no type annotation",OR872182 Volvariella lanata holotype LE F-347402,holotype LE F-347402,,,2,OR872182 Volvariella lanata holotype LE F-347402,https://www.ncbi.nlm.nih.gov/nuccore/OR872182
OR872183,Volvariella lanata,paratype,low,"Tip label mentions a type word, but the NCBI record has no type annotation",OR872183 Volvariella lanata paratype LE F-347403,paratype LE F-347403,,,2,OR872183 Volvariella lanata paratype LE F-347403,https://www.ncbi.nlm.nih.gov/nuccore/OR872183
PP317938,Tylopilus aurantiovulpinus,holotype,low,"Tip label mentions a type word, but the NCBI record has no type annotation","PP317938 Tylopilus aurantiovulpinus voucher LE F-344061, holotype LE F-344061, holotype","LE F-344061, holotype",,,2,"PP317938 Tylopilus aurantiovulpinus voucher LE F-344061, holotype LE F-344061, holotype",https://www.ncbi.nlm.nih.gov/nuccore/PP317938
PQ758763,Inocybe paludinella,holotype,low,"Tip label mentions a type word, but the NCBI record has no type annotation","PQ758763 Inocybe paludinella NYSf2237, Holotype New York US","NYSf2237, Holotype",,,2,"PQ758763 Inocybe paludinella NYSf2237, Holotype New York US",https://www.ncbi.nlm.nih.gov/nuccore/PQ758763
PQ758764,Inocybe castanea,holotype,low,"Tip label mentions a type word, but the NCBI record has no type annotation","PQ758764 Inocybe castanea NYSf676_1, Holotype New York US","NYSf676_1, Holotype",,,2,"PQ758764 Inocybe castanea NYSf676_1, Holotype New York US",https://www.ncbi.nlm.nih.gov/nuccore/PQ758764
PQ758767,Inocybe decipientoides,holotype,low,"Tip label mentions a type word, but the NCBI record has no type annotation","PQ758767 Inocybe decipientoides NYSf963, Holotype Massachusetts US","NYSf963, Holotype",,,2,"PQ758767 Inocybe decipientoides NYSf963, Holotype Massachusetts US",https://www.ncbi.nlm.nih.gov/nuccore/PQ758767
PV239724,Amanita striata,holotype,low,"Tip label mentions a type word, but the NCBI record has no type annotation",PV239724 Amanita striata BJTC FM4539 Holotype China,BJTC FM4539 Holotype,,,2,PV239724 Amanita striata BJTC FM4539 Holotype China,https://www.ncbi.nlm.nih.gov/nuccore/PV239724
AM490944,Amaurodon aquicoeruleus,isotype,low,"Tip label mentions a type word, but the NCBI record has no type annotation",AM490944 Amaurodon aquicoeruleus Isotype in M Western Australia AU,Isotype in M,,,1,AM490944 Amaurodon aquicoeruleus Isotype in M Western Australia AU,https://www.ncbi.nlm.nih.gov/nuccore/AM490944
AY639411,Gymnopus bicolor,holotype,low,"Tip label mentions a type word, but the NCBI record has no type annotation",AY639411 Gymnopus bicolor voucher AWW116-SFSU AWW116-SFSU; holotype,AWW116-SFSU; holotype,,,1,AY639411 Gymnopus bicolor voucher AWW116-SFSU AWW116-SFSU; holotype,https://www.ncbi.nlm.nih.gov/nuccore/AY639411
AY639432,Gymnopus vitellinipes,holotype,low,"Tip label mentions a type word, but the NCBI record has no type annotation",AY639432 Gymnopus vitellinipes voucher AWW127-SFSU AWW127-SFSU; holotype,AWW127-SFSU; holotype,,,1,AY639432 Gymnopus vitellinipes voucher AWW127-SFSU AWW127-SFSU; holotype,https://www.ncbi.nlm.nih.gov/nuccore/AY639432
AY703913,Agaricus tollocanensis,holotype,low,"Tip label mentions a type word, but the NCBI record has no type annotation",AY703913.1 Agaricus tollocanensis specimen_voucher MATA688 (XAL herbarium) Mexico holotype,MATA688 (XAL herbarium),,,1,AY703913.1 Agaricus tollocanensis specimen_voucher MATA688 (XAL herbarium) Mexico holotype,https://www.ncbi.nlm.nih.gov/nuccore/AY703913
DQ663234,Calonarius barbaricus,holotype,low,"Tip label mentions a type word, but the NCBI record has no type annotation",DQ663234 Calonarius barbaricus CFP504 holotype,CFP504 holotype,,,1,DQ663234 Calonarius barbaricus CFP504 holotype,https://www.ncbi.nlm.nih.gov/nuccore/DQ663234
DQ663424,Calonarius sodagnitus,holotype,low,"Tip label mentions a type word, but the NCBI record has no type annotation",DQ663424 Calonarius sodagnitus PML2699 holotype,PML2699 holotype,,,1,DQ663424 Calonarius sodagnitus PML2699 holotype,https://www.ncbi.nlm.nih.gov/nuccore/DQ663424
EU179866,Xylaria intraflava,holotype,low,"Tip label mentions a type word, but the NCBI record has no type annotation",EU179866 Xylaria intraflava 725 (HAST HOLOTYPE) Tainan,725 (HAST HOLOTYPE),,,1,EU179866 Xylaria intraflava 725 (HAST HOLOTYPE) Tainan,https://www.ncbi.nlm.nih.gov/nuccore/EU179866
EU266067,Russulaceae sp. TNS-F-17070,paratype,low,"Tip label mentions a type word, but the NCBI record has no type annotation",EU266067 Russulaceae sp. TNS-F-17070 TNS-F-17070 (paratype),TNS-F-17070 (paratype),,,1,EU266067 Russulaceae sp. TNS-F-17070 TNS-F-17070 (paratype),https://www.ncbi.nlm.nih.gov/nuccore/EU266067
GU565169,Psilocybe serbica var. bohemica,epitype,low,"Tip label mentions a type word, but the NCBI record has no type annotation","GU565169.1 Psilocybe serbica var. bohemica specimen_voucher herb. L (Leiden, NL) epitype Czech Republic Psilocybe serbica var. bohemica","herb. L (Leiden, NL)",,,1,"GU565169.1 Psilocybe serbica var. bohemica specimen_voucher herb. L (Leiden, NL) epitype Czech Republic Psilocybe serbica var. bohemica",https://www.ncbi.nlm.nih.gov/nuccore/GU565169
HQ185700,Hygrophorus erubescens var. gracilis,isotype,low,"Tip label mentions a type word, but the NCBI record has no type annotation",HQ185700 Hygrophorus erubescens var. gracilis TENN:012497 (isotype) Oregon US,TENN:012497 (isotype),,,1,HQ185700 Hygrophorus erubescens var. gracilis TENN:012497 (isotype) Oregon US,https://www.ncbi.nlm.nih.gov/nuccore/HQ185700
HQ185702,Hygrophorus graveolens,isotype,low,"Tip label mentions a type word, but the NCBI record has no type annotation",HQ185702 Hygrophorus graveolens TENN:023654 (isotype) Oregon,TENN:023654 (isotype),,,1,HQ185702 Hygrophorus graveolens TENN:023654 (isotype) Oregon,https://www.ncbi.nlm.nih.gov/nuccore/HQ185702
HQ185705,Hygrophorus odoratus,isotype,low,"Tip label mentions a type word, but the NCBI record has no type annotation",HQ185705 Hygrophorus odoratus TENN:023658 (isotype) Oregon US,TENN:023658 (isotype),,,1,HQ185705 Hygrophorus odoratus TENN:023658 (isotype) Oregon US,https://www.ncbi.nlm.nih.gov/nuccore/HQ185705
HQ185706,Cuphophyllus pseudopallidus,holotype,low,"Tip label mentions a type word, but the NCBI record has no type annotation",HQ185706 Hygrophorus pseudopallidus TENN:014439 (holotype) Tennessee US,TENN:014439 (holotype),,,1,HQ185706 Hygrophorus pseudopallidus TENN:014439 (holotype) Tennessee US,https://www.ncbi.nlm.nih.gov/nuccore/HQ185706
JF273634,Calonarius magnificus,holotype,low,"Tip label mentions a type word, but the NCBI record has no type annotation",JF273634.1 Calonarius magnificus HOLOTYPE CA,DBB09552,,,1,JF273634.1 Calonarius magnificus HOLOTYPE CA,https://www.ncbi.nlm.nih.gov/nuccore/JF273634
JF826398,Cerothallia yarraensis,isotype,low,"Tip label mentions a type word, but the NCBI record has no type annotation",JF826398 Melanoleuca sp. 'BC01' Dupla Graec. Lich. 596 Isotype (LD),Dupla Graec. Lich. 596 Isotype (LD),,,1,JF826398 Melanoleuca sp. 'BC01' Dupla Graec. Lich. 596 Isotype (LD),https://www.ncbi.nlm.nih.gov/nuccore/JF826398
JN710556,Butyrea japonica,holotype,low,"Tip label mentions a type word, but the NCBI record has no type annotation","JN710556 Junghuhnia japonica Maria Nunez 1065 (O), holotype, Gothenburg lab no 10202 Japan","Maria Nunez 1065 (O), holotype, Gothenburg lab no 10202",,,1,"JN710556 Junghuhnia japonica Maria Nunez 1065 (O), holotype, Gothenburg lab no 10202 Japan",https://www.ncbi.nlm.nih.gov/nuccore/JN710556
JN710600,Steccherinum tenuispinum,holotype,low,"Tip label mentions a type word, but the NCBI record has no type annotation","JN710600 Steccherinum tenuispinum Spirin 2116 (H), holotype, lab no Otto Miettinen X453 Russia","Spirin 2116 (H), holotype, lab no Otto Miettinen X453",,,1,"JN710600 Steccherinum tenuispinum Spirin 2116 (H), holotype, lab no Otto Miettinen X453 Russia",https://www.ncbi.nlm.nih.gov/nuccore/JN710600
JX454851,Entoloma sericeum,epitype,low,"Tip label mentions a type word, but the NCBI record has no type annotation",JX454851.1 Entoloma sericeum strain JVG 1060831-8 epitype,JVG 1060831-8,,,1,JX454851.1 Entoloma sericeum strain JVG 1060831-8 epitype,https://www.ncbi.nlm.nih.gov/nuccore/JX454851
JX454894,Entoloma brunneosericeum,holotype,low,"Tip label mentions a type word, but the NCBI record has no type annotation",JX454894 Entoloma brunneosericeum 2013 HOLOTYPE EU (=N. incanosquamulosa),LIP JVG 1020828F Holotypus,,,1,JX454894 Entoloma brunneosericeum 2013 HOLOTYPE EU (=N. incanosquamulosa),https://www.ncbi.nlm.nih.gov/nuccore/JX454894
KC608581,Cortinarius fructuodorus,holotype,low,"Tip label mentions a type word, but the NCBI record has no type annotation",KC608581.1 Cortinarius fructuodorus HOLOTYPE WA,TN07-467,,,1,KC608581.1 Cortinarius fructuodorus HOLOTYPE WA,https://www.ncbi.nlm.nih.gov/nuccore/KC608581
KC608590,Cortinarius agathosmus,holotype,low,"Tip label mentions a type word, but the NCBI record has no type annotation","KC608590.1 Cortinarius agathosmus HOLOTYPE EU (+short WA,ID)",CFP536,,,1,"KC608590.1 Cortinarius agathosmus HOLOTYPE EU (+short WA,ID)",https://www.ncbi.nlm.nih.gov/nuccore/KC608590
KC669324,Psilocybe mescaleroensis,holotype,low,"Tip label mentions a type word, but the NCBI record has no type annotation",KC669324.1 Psilocybe mescaleroensis specimen_voucher L. Field Walstad s.n. Holotype (XAL) holotype USA Psilocybe mescaleroensis,L. Field Walstad s.n. Holotype (XAL),,,1,KC669324.1 Psilocybe mescaleroensis specimen_voucher L. Field Walstad s.n. Holotype (XAL) holotype USA Psilocybe mescaleroensis,https://www.ncbi.nlm.nih.gov/nuccore/KC669324
KC669329,Psilocybe thaiduplicatocystidiata,isotype,low,"Tip label mentions a type word, but the NCBI record has no type annotation","KC669329.1 Psilocybe thaiduplicatocystidiata specimen_voucher S.C. Karunarathna NTS-120, Isotype (XAL) isotype Thailand Psilocybe thaiduplicatocystidiata","S.C. Karunarathna NTS-120, Isotype (XAL)",,,1,"KC669329.1 Psilocybe thaiduplicatocystidiata specimen_voucher S.C. Karunarathna NTS-120, Isotype (XAL) isotype Thailand Psilocybe thaiduplicatocystidiata",https://www.ncbi.nlm.nih.gov/nuccore/KC669329
KJ663846,Phacidium lacerum,epitype,low,"Tip label mentions a type word, but the NCBI record has no type annotation",KJ663846.2 Phacidium lacerum EPITYPE EU (type of genus) (/Phacidiales),CBS:761.73,,,1,KJ663846.2 Phacidium lacerum EPITYPE EU (type of genus) (/Phacidiales),https://www.ncbi.nlm.nih.gov/nuccore/KJ663846
KJ778856,Inocybe exigua,epitype,low,"Tip label mentions a type word, but the NCBI record has no type annotation",KJ778856 Inocybe exigua strain T24874 (epitype),TENN:068378,,,1,KJ778856 Inocybe exigua strain T24874 (epitype),https://www.ncbi.nlm.nih.gov/nuccore/KJ778856
KU518963,Tulostoma fimbriatum,epitype,low,"Tip label mentions a type word, but the NCBI record has no type annotation",KU518963.1 Tulostoma fimbriatum EPITYPE Swe,"GB, Manson991010",,,1,KU518963.1 Tulostoma fimbriatum EPITYPE Swe,https://www.ncbi.nlm.nih.gov/nuccore/KU518963
KX238832,Elaphomyces decipiens,neotype,low,"Tip label mentions a type word, but the NCBI record has no type annotation",KX238832 Elaphomyces decipiens NEOTYPE SP,LIP-0001134,,,1,KX238832 Elaphomyces decipiens NEOTYPE SP,https://www.ncbi.nlm.nih.gov/nuccore/KX238832
KY364019,Tricharina gilva,holotype,low,"Tip label mentions a type word, but the NCBI record has no type annotation",KY364019.1 Tricharina gilva HOLOTYPE EU,PC 0167813,,,1,KY364019.1 Tricharina gilva HOLOTYPE EU,https://www.ncbi.nlm.nih.gov/nuccore/KY364019
LN794642,Pluteus floccipes,holotype,low,"Tip label mentions a type word, but the NCBI record has no type annotation","LN794642 Pluteus floccipes BRNM, holotype Czech Republic","BRNM, holotype",,,1,"LN794642 Pluteus floccipes BRNM, holotype Czech Republic",https://www.ncbi.nlm.nih.gov/nuccore/LN794642
MF045812,Xylaria sp. MH-2018a,holotype,low,"Tip label mentions a type word, but the NCBI record has no type annotation",MF045812 Xylaria sp. MH-2018a 613 (FCATAS HOLOTYPE) China,613 (FCATAS HOLOTYPE),,,1,MF045812 Xylaria sp. MH-2018a 613 (FCATAS HOLOTYPE) China,https://www.ncbi.nlm.nih.gov/nuccore/MF045812
MG581687,Lepiota psalion,holotype,low,"Tip label mentions a type word, but the NCBI record has no type annotation","MG581687 Lepiota psalion WU 5152, Holotype Austria","WU 5152, Holotype",,,1,"MG581687 Lepiota psalion WU 5152, Holotype Austria",https://www.ncbi.nlm.nih.gov/nuccore/MG581687
MH024860,Inocybe lilacina,holotype,low,"Tip label mentions a type word, but the NCBI record has no type annotation",MH024860 Inocybe lilacina NYS:f1711 (holotype) New York US,NYS:f1711 (holotype),,,1,MH024860 Inocybe lilacina NYS:f1711 (holotype) New York US,https://www.ncbi.nlm.nih.gov/nuccore/MH024860
MH043618,Leratiomyces tesquorum,holotype,low,"Tip label mentions a type word, but the NCBI record has no type annotation","MH043618 Leratiomyces tesquorum SAV F-4052, Holotype United States","SAV F-4052, Holotype",,,1,"MH043618 Leratiomyces tesquorum SAV F-4052, Holotype United States",https://www.ncbi.nlm.nih.gov/nuccore/MH043618
MH168574,Russula gelatinosa,holotype,low,"Tip label mentions a type word, but the NCBI record has no type annotation",MH168574.1 Russula gelatinosa voucher K16053119 HOLOTYPE CHINA,K16053119,,,1,MH168574.1 Russula gelatinosa voucher K16053119 HOLOTYPE CHINA,https://www.ncbi.nlm.nih.gov/nuccore/MH168574
MH414550,Mycena antennae,holotype,low,"Tip label mentions a type word, but the NCBI record has no type annotation","MH414550 Mycena antennae BAP 660 (Holotype, SFSU) ST","BAP 660 (Holotype, SFSU)",,,1,"MH414550 Mycena antennae BAP 660 (Holotype, SFSU) ST",https://www.ncbi.nlm.nih.gov/nuccore/MH414550
MK049976,Russula sp.,holotype,low,"Tip label mentions a type word, but the NCBI record has no type annotation",MK049976 Russula sp. voucher H17050506 holotype China,H17050506 holotype,,,1,MK049976 Russula sp. voucher H17050506 holotype China,https://www.ncbi.nlm.nih.gov/nuccore/MK049976
MK049978,Russula sp.,holotype,low,"Tip label mentions a type word, but the NCBI record has no type annotation",MK049978 Russula sp. K15052703 holotype China,K15052703 holotype,,,1,MK049978 Russula sp. K15052703 holotype China,https://www.ncbi.nlm.nih.gov/nuccore/MK049978
MK101038,Agaricus griseovariegatus,holotype,low,"Tip label mentions a type word, but the NCBI record has no type annotation",MK101038 Agaricus sp. HB-2018b KH167 Holotype Pakistan,KH167 Holotype,,,1,MK101038 Agaricus sp. HB-2018b KH167 Holotype Pakistan,https://www.ncbi.nlm.nih.gov/nuccore/MK101038
MK397602,Galeropsis bispora,holotype,low,"Tip label mentions a type word, but the NCBI record has no type annotation","MK397602 Galeropsis bispora LE 2863, holotype Uzbekistan","LE 2863, holotype",,,1,"MK397602 Galeropsis bispora LE 2863, holotype Uzbekistan",https://www.ncbi.nlm.nih.gov/nuccore/MK397602
MT055972,Ramaria brunneolilacina,paratype,low,"Tip label mentions a type word, but the NCBI record has no type annotation",MT055972 Ramaria brunneolilacina AMB 18591 Paratype Pisa IT,AMB 18591 Paratype,,,1,MT055972 Ramaria brunneolilacina AMB 18591 Paratype Pisa IT,https://www.ncbi.nlm.nih.gov/nuccore/MT055972
MW134801,Lactifluus sp. JM-2020f,holotype,low,"Tip label mentions a type word, but the NCBI record has no type annotation",MW134801 Lactifluus sp. JM-2020f MEL2238269 Holotype JET973 Australia,MEL2238269 Holotype JET973,,,1,MW134801 Lactifluus sp. JM-2020f MEL2238269 Holotype JET973 Australia,https://www.ncbi.nlm.nih.gov/nuccore/MW134801
MW540967,Scutellinia pseudoumbrarum,holotype,low,"Tip label mentions a type word, but the NCBI record has no type annotation","MW540967 Scutellinia pseudoumbrarum PRM:710003, holotype",PRM:710003,,,1,"MW540967 Scutellinia pseudoumbrarum PRM:710003, holotype",https://www.ncbi.nlm.nih.gov/nuccore/MW540967
MW540970,Scutellinia furcatopila,holotype,low,"Tip label mentions a type word, but the NCBI record has no type annotation",MW540970.1 Scutellinia furcatopila specimen_voucher PRM 830017 holotype Scutellinia furcatopila,PRM:830017,,,1,MW540970.1 Scutellinia furcatopila specimen_voucher PRM 830017 holotype Scutellinia furcatopila,https://www.ncbi.nlm.nih.gov/nuccore/MW540970
MW835365,Myriostoma sp.,holotype,low,"Tip label mentions a type word, but the NCBI record has no type annotation","MW835365 Myriostoma sp. XAL:A. Lopez 1832, holotype Mexico","XAL:A. Lopez 1832, holotype",,,1,"MW835365 Myriostoma sp. XAL:A. Lopez 1832, holotype Mexico",https://www.ncbi.nlm.nih.gov/nuccore/MW835365
MW969762,Stictis maggiana,holotype,low,"Tip label mentions a type word, but the NCBI record has no type annotation",MW969762 Stictis sp. DE-2021a Maggi (MARSSJ holotype) France,Maggi (MARSSJ holotype),,,1,MW969762 Stictis sp. DE-2021a Maggi (MARSSJ holotype) France,https://www.ncbi.nlm.nih.gov/nuccore/MW969762
NR184964,,type,low,Tip label mentions a type word; NCBI record could not be fetched,NR184964.1 Arrhenia telmatiaea NY 12555 ITS region; from TYPE material,,,,1,NR184964.1 Arrhenia telmatiaea NY 12555 ITS region; from TYPE material,https://www.ncbi.nlm.nih.gov/nuccore/NR184964
OK298495,Trechispora laevispora,holotype,low,"Tip label mentions a type word, but the NCBI record has no type annotation",OK298495 Trechispora laevispora Dai 21655 Holotype Ontario CA,Dai 21655 Holotype,,,1,OK298495 Trechispora laevispora Dai 21655 Holotype Ontario CA,https://www.ncbi.nlm.nih.gov/nuccore/OK298495
OL701269,Russula sp.,holotype,low,"Tip label mentions a type word, but the NCBI record has no type annotation",OL701269.1 Russula sp. voucher AG-21-06A HOLOTYPE INDIA,AG-21-06A,,,1,OL701269.1 Russula sp. voucher AG-21-06A HOLOTYPE INDIA,https://www.ncbi.nlm.nih.gov/nuccore/OL701269
OP163132,Hebeloma adherens,holotype,low,"Tip label mentions a type word, but the NCBI record has no type annotation",OP163132 Hebeloma adherens FCO:FCO-Fungi 15 holotype Spain,FCO:FCO-Fungi 15 holotype,,,1,OP163132 Hebeloma adherens FCO:FCO-Fungi 15 holotype Spain,https://www.ncbi.nlm.nih.gov/nuccore/OP163132
OP163152,Hebeloma oregonense,holotype,low,"Tip label mentions a type word, but the NCBI record has no type annotation",OP163152 Hebeloma oregonense MICH:MICH 5556 holotype United States,MICH:MICH 5556 holotype,,,1,OP163152 Hebeloma oregonense MICH:MICH 5556 holotype United States,https://www.ncbi.nlm.nih.gov/nuccore/OP163152
OP163163,Hebeloma caulocystidiosum,holotype,low,"Tip label mentions a type word, but the NCBI record has no type annotation",OP163163 Hebeloma caulocystidiosum TENN:TENN-F-037533 holotype,TENN:TENN-F-037533 holotype,,,1,OP163163 Hebeloma caulocystidiosum TENN:TENN-F-037533 holotype,https://www.ncbi.nlm.nih.gov/nuccore/OP163163
OP221715,Tricholoma atrodiscum,holotype,low,"Tip label mentions a type word, but the NCBI record has no type annotation",OP221715 Tricholoma atrodiscum Holotype Ovrebo 1001 Ontario CA,Holotype Ovrebo 1001,,,1,OP221715 Tricholoma atrodiscum Holotype Ovrebo 1001 Ontario CA,https://www.ncbi.nlm.nih.gov/nuccore/OP221715
OP221716,Tricholoma marquettense,holotype,low,"Tip label mentions a type word, but the NCBI record has no type annotation",OP221716 Tricholoma marquettense Holotype Ovrebo 710 Michigan US,Holotype Ovrebo 710,,,1,OP221716 Tricholoma marquettense Holotype Ovrebo 710 Michigan US,https://www.ncbi.nlm.nih.gov/nuccore/OP221716
OP221717,Tricholoma olivaceobrunneum,holotype,low,"Tip label mentions a type word, but the NCBI record has no type annotation",OP221717 Tricholoma olivaceobrunneum Holotype Ovrebo 754 Michigan US,Holotype Ovrebo 754,,,1,OP221717 Tricholoma olivaceobrunneum Holotype Ovrebo 754 Michigan US,https://www.ncbi.nlm.nih.gov/nuccore/OP221717
OP626981,Collybia xylogena,holotype,low,"Tip label mentions a type word, but the NCBI record has no type annotation","OP626981 Collybia xylogena KUN-HKAS 54966 (T-729), holotype Yunnan CN","KUN-HKAS 54966 (T-729), holotype",,,1,"OP626981 Collybia xylogena KUN-HKAS 54966 (T-729), holotype Yunnan CN",https://www.ncbi.nlm.nih.gov/nuccore/OP626981
OQ633200,Mycena calongei,holotype,low,"Tip label mentions a type word, but the NCBI record has no type annotation",OQ633200 Mycena calongei AH56036 Holotype,AH56036 Holotype,,,1,OQ633200 Mycena calongei AH56036 Holotype,https://www.ncbi.nlm.nih.gov/nuccore/OQ633200
OQ633202,Mycena pinophila,holotype,low,"Tip label mentions a type word, but the NCBI record has no type annotation",OQ633202 Mycena pinophila AH27007 Holotype Spain,AH27007 Holotype,,,1,OQ633202 Mycena pinophila AH27007 Holotype Spain,https://www.ncbi.nlm.nih.gov/nuccore/OQ633202
OQ633203,Mycena querciphila,holotype,low,"Tip label mentions a type word, but the NCBI record has no type annotation",OQ633203 Mycena querciphila AH21544 Holotype,AH21544 Holotype,,,1,OQ633203 Mycena querciphila AH21544 Holotype,https://www.ncbi.nlm.nih.gov/nuccore/OQ633203
OQ821280,Erysiphe necator,neotype,low,"Tip label mentions a type word, but the NCBI record has no type annotation",OQ821280.1 Erysiphe necator specimen_voucher FH01131078 USA: Colorado neotype,FH01131078,,,1,OQ821280.1 Erysiphe necator specimen_voucher FH01131078 USA: Colorado neotype,https://www.ncbi.nlm.nih.gov/nuccore/OQ821280
OQ870210,Octaviania sp.,holotype,low,"Tip label mentions a type word, but the NCBI record has no type annotation",OQ870210 Octaviania sp. 22628 Holotype ITCV Mexico,22628 Holotype ITCV,,,1,OQ870210 Octaviania sp. 22628 Holotype ITCV Mexico,https://www.ncbi.nlm.nih.gov/nuccore/OQ870210
OQ883721,Xylaria minuscula,holotype,low,"Tip label mentions a type word, but the NCBI record has no type annotation","OQ883721 Xylaria sp. CKP-2023a YMJ90102701 (HAST145978, HOLOTYPE) Tainan TW","YMJ90102701 (HAST145978, HOLOTYPE)",,,1,"OQ883721 Xylaria sp. CKP-2023a YMJ90102701 (HAST145978, HOLOTYPE) Tainan TW",https://www.ncbi.nlm.nih.gov/nuccore/OQ883721
OR142421,Otidea brunneoparvoides,holotype,low,"Tip label mentions a type word, but the NCBI record has no type annotation",OR142421 Otidea brunneoparvoides FV2015110101 (Holotype) Essonne FR,FV2015110101 (Holotype),,,1,OR142421 Otidea brunneoparvoides FV2015110101 (Holotype) Essonne FR,https://www.ncbi.nlm.nih.gov/nuccore/OR142421
OR524133,Amanita amplivelata,holotype,low,"Tip label mentions a type word, but the NCBI record has no type annotation","OR524133 Amanita amplivelata SOMF 30801, holotype Bulgaria","SOMF 30801, holotype",,,1,"OR524133 Amanita amplivelata SOMF 30801, holotype Bulgaria",https://www.ncbi.nlm.nih.gov/nuccore/OR524133
PP034223,Hohenbuehelia mastrucata,epitype,low,"Tip label mentions a type word, but the NCBI record has no type annotation","PP034223 Hohenbuehelia mastrucata RGT 881005/01 (TRTC 152314, epitype) Canada","RGT 881005/01 (TRTC 152314, epitype)",,,1,"PP034223 Hohenbuehelia mastrucata RGT 881005/01 (TRTC 152314, epitype) Canada",https://www.ncbi.nlm.nih.gov/nuccore/PP034223
PP034224,Hohenbuehelia mastrucata,epitype,low,"Tip label mentions a type word, but the NCBI record has no type annotation","PP034224 Hohenbuehelia mastrucata RGT 881005/01 (TRTC 152314, epitype) Canada","RGT 881005/01 (TRTC 152314, epitype)",,,1,"PP034224 Hohenbuehelia mastrucata RGT 881005/01 (TRTC 152314, epitype) Canada",https://www.ncbi.nlm.nih.gov/nuccore/PP034224
PP701662,Tricholoma subumbrinum,paratype,low,"Tip label mentions a type word, but the NCBI record has no type annotation",PP701662 Tricholoma subumbrinum Paratype Smith_18017 Washington US,Paratype Smith_18017,,,1,PP701662 Tricholoma subumbrinum Paratype Smith_18017 Washington US,https://www.ncbi.nlm.nih.gov/nuccore/PP701662
PP701663,Tricholoma subumbrinum,paratype,low,"Tip label mentions a type word, but the NCBI record has no type annotation",PP701663 Tricholoma subumbrinum Paratype Smith_17690 Washington US,Paratype Smith_17690,,,1,PP701663 Tricholoma subumbrinum Paratype Smith_17690 Washington US,https://www.ncbi.nlm.nih.gov/nuccore/PP701663
PP769626,Hydnoporia sp. ZL-2024b,holotype,low,"Tip label mentions a type word, but the NCBI record has no type annotation",PP769626 Hydnoporia sp. ZL-2024b Dai 24175 Holotype China,Dai 24175 Holotype,,,1,PP769626 Hydnoporia sp. ZL-2024b Dai 24175 Holotype China,https://www.ncbi.nlm.nih.gov/nuccore/PP769626
PP769634,Hymenochaete sp. ZL-2024b,holotype,low,"Tip label mentions a type word, but the NCBI record has no type annotation",PP769634 Hymenochaete sp. ZL-2024b JV 2106/47 Holotype Ecuador,JV 2106/47 Holotype,,,1,PP769634 Hymenochaete sp. ZL-2024b JV 2106/47 Holotype Ecuador,https://www.ncbi.nlm.nih.gov/nuccore/PP769634
PP769639,Hymenochaete sp. ZL-2024d,holotype,low,"Tip label mentions a type word, but the NCBI record has no type annotation",PP769639 Hymenochaete sp. ZL-2024d He 1611 Holotype China,He 1611 Holotype,,,1,PP769639 Hymenochaete sp. ZL-2024d He 1611 Holotype China,https://www.ncbi.nlm.nih.gov/nuccore/PP769639
PP769644,Hymenochaete sp. ZL-2024e,holotype,low,"Tip label mentions a type word, but the NCBI record has no type annotation",PP769644 Hymenochaete sp. ZL-2024e He 5573 Holotype China,He 5573 Holotype,,,1,PP769644 Hymenochaete sp. ZL-2024e He 5573 Holotype China,https://www.ncbi.nlm.nih.gov/nuccore/PP769644
PQ678696,Hericium sp. TO-2024a,holotype,low,"Tip label mentions a type word, but the NCBI record has no type annotation",PQ678696 Hericium sp. TO-2024a CORT 014895 HOLOTYPE New Hampshire US,CORT 014895 HOLOTYPE,,,1,PQ678696 Hericium sp. TO-2024a CORT 014895 HOLOTYPE New Hampshire US,https://www.ncbi.nlm.nih.gov/nuccore/PQ678696
PQ773490,Inocybe subporcorum,holotype,low,"Tip label mentions a type word, but the NCBI record has no type annotation",PQ773490 Inocybe subporcorum AH 56244 Holotype Teruel ES,AH 56244 Holotype,,,1,PQ773490 Inocybe subporcorum AH 56244 Holotype Teruel ES,https://www.ncbi.nlm.nih.gov/nuccore/PQ773490
PQ963113,Tricholoma sp. QC-2024j,holotype,low,"Tip label mentions a type word, but the NCBI record has no type annotation",PQ963113.1 Tricholoma sp. QC-2024j specimen_voucher KUN-HKAS 106316 China: Yunnan holotype,KUN-HKAS 106316,,,1,PQ963113.1 Tricholoma sp. QC-2024j specimen_voucher KUN-HKAS 106316 China: Yunnan holotype,https://www.ncbi.nlm.nih.gov/nuccore/PQ963113
PV242141,Ripartites subtropicus,holotype,low,"Tip label mentions a type word, but the NCBI record has no type annotation",PV242141.1 Ripartites subtropicus specimen_voucher MHHNU 20001 holotype China Guizhou holotype Ripartites subtropicus,"MHHNU 20001, holotype",,,1,PV242141.1 Ripartites subtropicus specimen_voucher MHHNU 20001 holotype China Guizhou holotype Ripartites subtropicus,https://www.ncbi.nlm.nih.gov/nuccore/PV242141
PX412050,Entoloma olivaceotinctum,isotype,low,"Tip label mentions a type word, but the NCBI record has no type annotation",PX412050.1 Entoloma olivaceotinctum ISOTYPE EU (/OLIVACEOTINCTUM monotypic),TUR177404,,,1,PX412050.1 Entoloma olivaceotinctum ISOTYPE EU (/OLIVACEOTINCTUM monotypic),https://www.ncbi.nlm.nih.gov/nuccore/PX412050
PX490850,Resinicium guttatum,holotype,low,"Tip label mentions a type word, but the NCBI record has no type annotation","PX490850 Resinicium guttatum voucher Buyck 10.106 (PC0085382, holotype) France","Buyck 10.106 (PC0085382, holotype)",,,1,"PX490850 Resinicium guttatum voucher Buyck 10.106 (PC0085382, holotype) France",https://www.ncbi.nlm.nih.gov/nuccore/PX490850
PX607300,Collybia rhodoviolacea,holotype,low,"Tip label mentions a type word, but the NCBI record has no type annotation",PX607300 Collybia rhodoviolacea BJTC FM4014 Holotype China,BJTC FM4014 Holotype,,,1,PX607300 Collybia rhodoviolacea BJTC FM4014 Holotype China,https://www.ncbi.nlm.nih.gov/nuccore/PX607300
PX607309,Collybia sinoborealis,holotype,low,"Tip label mentions a type word, but the NCBI record has no type annotation",PX607309 Collybia sinoborealis BJTC FM4990 Holotype China,BJTC FM4990 Holotype,,,1,PX607309 Collybia sinoborealis BJTC FM4990 Holotype China,https://www.ncbi.nlm.nih.gov/nuccore/PX607309
PZ043115,Pseudohydnum sp. T77523-1,holotype,low,"Tip label mentions a type word, but the NCBI record has no type annotation","PZ043115 Pseudohydnum sp. T77523-1 Dai 23556 (holotype, BJFC038128) Tibet Autonomous Region CN","Dai 23556 (holotype, BJFC038128)",,,1,"PZ043115 Pseudohydnum sp. T77523-1 Dai 23556 (holotype, BJFC038128) Tibet Autonomous Region CN",https://www.ncbi.nlm.nih.gov/nuccore/PZ043115
